-- MySQL dump 10.13  Distrib 8.0.17, for Win64 (x86_64)
--
-- Host: localhost    Database: proyecto
-- ------------------------------------------------------
-- Server version	8.0.17

/*!40101 SET @OLD_CHARACTER_SET_CLIENT=@@CHARACTER_SET_CLIENT */;
/*!40101 SET @OLD_CHARACTER_SET_RESULTS=@@CHARACTER_SET_RESULTS */;
/*!40101 SET @OLD_COLLATION_CONNECTION=@@COLLATION_CONNECTION */;
/*!50503 SET NAMES utf8 */;
/*!40103 SET @OLD_TIME_ZONE=@@TIME_ZONE */;
/*!40103 SET TIME_ZONE='+00:00' */;
/*!40014 SET @OLD_UNIQUE_CHECKS=@@UNIQUE_CHECKS, UNIQUE_CHECKS=0 */;
/*!40014 SET @OLD_FOREIGN_KEY_CHECKS=@@FOREIGN_KEY_CHECKS, FOREIGN_KEY_CHECKS=0 */;
/*!40101 SET @OLD_SQL_MODE=@@SQL_MODE, SQL_MODE='NO_AUTO_VALUE_ON_ZERO' */;
/*!40111 SET @OLD_SQL_NOTES=@@SQL_NOTES, SQL_NOTES=0 */;

--
-- Table structure for table `administrador`
--

DROP TABLE IF EXISTS `administrador`;
/*!40101 SET @saved_cs_client     = @@character_set_client */;
/*!50503 SET character_set_client = utf8mb4 */;
CREATE TABLE `administrador` (
  `idAdministrador` bigint(20) NOT NULL,
  `nombre` varchar(50) NOT NULL,
  `direccion` varchar(100) NOT NULL,
  `email` varchar(100) NOT NULL,
  `contrasena` varchar(70) NOT NULL,
  PRIMARY KEY (`idAdministrador`),
  UNIQUE KEY `email` (`email`)
) ENGINE=InnoDB DEFAULT CHARSET=utf8mb4 COLLATE=utf8mb4_0900_ai_ci;
/*!40101 SET character_set_client = @saved_cs_client */;

--
-- Dumping data for table `administrador`
--

LOCK TABLES `administrador` WRITE;
/*!40000 ALTER TABLE `administrador` DISABLE KEYS */;
INSERT INTO `administrador` VALUES (1001091648,'Nicolas Tellez','calle 55 a sur # 78j - 41','nicolas12456@hotmail.com','$2a$07$Kxf7pPYk9p92GbfV6ChiXexXCCN6RwneuNCSvUika69BejAuBfjo.'),(1026299996,'Mateo Epalza Ramirez','calle 55 a sur # 78 j - 41','mateoepalzaramirez@gmail.com','$2a$07$NiNWHdeR7GsMkfI7QTXKZeITMABEh15xBuSvKRhZ4HBQu.aPxbOF6');
/*!40000 ALTER TABLE `administrador` ENABLE KEYS */;
UNLOCK TABLES;

--
-- Table structure for table `bodega`
--

DROP TABLE IF EXISTS `bodega`;
/*!40101 SET @saved_cs_client     = @@character_set_client */;
/*!50503 SET character_set_client = utf8mb4 */;
CREATE TABLE `bodega` (
  `idBodega` int(11) NOT NULL AUTO_INCREMENT,
  `estante` varchar(10) NOT NULL,
  PRIMARY KEY (`idBodega`)
) ENGINE=InnoDB AUTO_INCREMENT=15 DEFAULT CHARSET=utf8mb4 COLLATE=utf8mb4_0900_ai_ci;
/*!40101 SET character_set_client = @saved_cs_client */;

--
-- Dumping data for table `bodega`
--

LOCK TABLES `bodega` WRITE;
/*!40000 ALTER TABLE `bodega` DISABLE KEYS */;
INSERT INTO `bodega` VALUES (1,'A1'),(2,'A2'),(3,'A3'),(4,'B1'),(5,'B2'),(6,'B3'),(7,'B4'),(8,'C1'),(9,'C2'),(10,'C3'),(11,'D1'),(12,'D2'),(13,'D3'),(14,'E1');
/*!40000 ALTER TABLE `bodega` ENABLE KEYS */;
UNLOCK TABLES;

--
-- Table structure for table `ciudad`
--

DROP TABLE IF EXISTS `ciudad`;
/*!40101 SET @saved_cs_client     = @@character_set_client */;
/*!50503 SET character_set_client = utf8mb4 */;
CREATE TABLE `ciudad` (
  `idCiudad` int(11) NOT NULL AUTO_INCREMENT,
  `nombre` varchar(50) NOT NULL,
  PRIMARY KEY (`idCiudad`)
) ENGINE=InnoDB AUTO_INCREMENT=25 DEFAULT CHARSET=utf8mb4 COLLATE=utf8mb4_0900_ai_ci;
/*!40101 SET character_set_client = @saved_cs_client */;

--
-- Dumping data for table `ciudad`
--

LOCK TABLES `ciudad` WRITE;
/*!40000 ALTER TABLE `ciudad` DISABLE KEYS */;
INSERT INTO `ciudad` VALUES (1,'Bogotá'),(2,'Medellin'),(3,'Cartagena'),(4,'Barranquilla'),(5,'Bucaramanga'),(6,'Manizales'),(7,'Santa Marta'),(8,'Pereira'),(9,'Cúcuta'),(10,'Ibagué'),(11,'Villavicencio'),(12,'Armenia'),(13,'Pasto'),(14,'Valledupar'),(15,'Popayán'),(16,'Neiva'),(17,'Tunja'),(18,'Montería'),(19,'Buenaventura'),(20,'Quibdo'),(21,'Sincelejo'),(22,'Riohacha'),(23,'Yopal'),(24,'Jumbo');
/*!40000 ALTER TABLE `ciudad` ENABLE KEYS */;
UNLOCK TABLES;

--
-- Table structure for table `cliente`
--

DROP TABLE IF EXISTS `cliente`;
/*!40101 SET @saved_cs_client     = @@character_set_client */;
/*!50503 SET character_set_client = utf8mb4 */;
CREATE TABLE `cliente` (
  `idCliente` bigint(20) NOT NULL,
  `nombre` varchar(50) NOT NULL,
  `direccion` varchar(100) NOT NULL,
  `FK_idCiudad` int(11) NOT NULL,
  `FK_idRuta` int(11) NOT NULL,
  `email` varchar(100) NOT NULL,
  `contrasena` varchar(70) NOT NULL,
  PRIMARY KEY (`idCliente`),
  UNIQUE KEY `email` (`email`),
  KEY `FK_idCiudad` (`FK_idCiudad`),
  KEY `FK_idRuta` (`FK_idRuta`),
  CONSTRAINT `cliente_ibfk_1` FOREIGN KEY (`FK_idCiudad`) REFERENCES `ciudad` (`idCiudad`),
  CONSTRAINT `cliente_ibfk_2` FOREIGN KEY (`FK_idRuta`) REFERENCES `ruta` (`idRuta`)
) ENGINE=InnoDB DEFAULT CHARSET=utf8mb4 COLLATE=utf8mb4_0900_ai_ci;
/*!40101 SET character_set_client = @saved_cs_client */;

--
-- Dumping data for table `cliente`
--

LOCK TABLES `cliente` WRITE;
/*!40000 ALTER TABLE `cliente` DISABLE KEYS */;
INSERT INTO `cliente` VALUES (194644,'Jairo Antonio Escobar Vela','CLL 12A # 71C - 60 T. 5 AP. 1120',24,24,'jaev57@hotmail.com','$2a$07$SZSMZPrEU2XQR6WBD4WImuTvq7la1v1oYu6tsm13X1QZf88NbEKYy'),(201083,'Daniel Omar Marein Ratto','DG 91 # 9A - 71 AP. 601',23,23,'dmarein@gmail.com','$2a$07$SZSMZPrEU2XQR6WBD4WImuTvq7la1v1oYu6tsm13X1QZf88NbEKYy'),(410777,'Victor Manuel Panadero Monroy','CRA 121 # 128B 52 IN 9 BL 6 AP 201',8,8,'vimepan06@hotmail.com','$2a$07$SZSMZPrEU2XQR6WBD4WImuTvq7la1v1oYu6tsm13X1QZf88NbEKYy'),(447356,'Maximiliano Perez Ramirez','CLL 7B # 12A - 03',9,9,'charles11535@gmail.com','$2a$07$SZSMZPrEU2XQR6WBD4WImuTvq7la1v1oYu6tsm13X1QZf88NbEKYy'),(3021479,'Jose Orlando Quinche Silva','CRA 19 # 11 - 18',21,21,'orlandoquinchesilva@gmail.com','$2a$07$SZSMZPrEU2XQR6WBD4WImuTvq7la1v1oYu6tsm13X1QZf88NbEKYy'),(3024404,'Hector Alberto Diaz Cajamarca','CLL 22F # 103B - 15',5,5,'hectalbedia@hotmail.com','$2a$07$SZSMZPrEU2XQR6WBD4WImuTvq7la1v1oYu6tsm13X1QZf88NbEKYy'),(3032765,'Fabio Leonel Jimenez Velasquez','CRA 107C # 70 - 63',22,22,'fabiojimenez28@hotmail.com','$2a$07$SZSMZPrEU2XQR6WBD4WImuTvq7la1v1oYu6tsm13X1QZf88NbEKYy'),(3048317,'Amadeo Chacon Gonzalez','CRA 71C # 75A - 24',3,2,'achacongonzalez@hotmail.com','$2a$07$SZSMZPrEU2XQR6WBD4WImuTvq7la1v1oYu6tsm13X1QZf88NbEKYy'),(3063487,'Jose Antonio Carvajal Garzon','CRA 104 # 15A - 38 IN. 10 CS. 3',16,16,'jose.carvajal2412@gmail.com','$2a$07$SZSMZPrEU2XQR6WBD4WImuTvq7la1v1oYu6tsm13X1QZf88NbEKYy'),(3102161,'Jose Erney Paramo Ortiz','CRA 81B # 6B-85 CS 127 ET 4',24,24,'ortiz3134@hotmail.com','$2a$07$SZSMZPrEU2XQR6WBD4WImuTvq7la1v1oYu6tsm13X1QZf88NbEKYy'),(3142845,'Edgar Hernando Moreno Rodriguez','CRA 98B # 65 - 09 SUR',5,5,'edgarmora2133@gmail.com','$2a$07$SZSMZPrEU2XQR6WBD4WImuTvq7la1v1oYu6tsm13X1QZf88NbEKYy'),(3231961,'Mario Peraza Castiblanco','CRA 92B # 42 - 62 SUR',3,2,'marioperaza720@gmail.com','$2a$07$SZSMZPrEU2XQR6WBD4WImuTvq7la1v1oYu6tsm13X1QZf88NbEKYy'),(3250889,'Eduardo Naranjo Martinez','CRA 98B # 65 - 09 SUR CS 30',17,17,'azulazul@hotmail.com','$2a$07$SZSMZPrEU2XQR6WBD4WImuTvq7la1v1oYu6tsm13X1QZf88NbEKYy'),(3274225,'Marco Alexander Castillo Gonzalez','CRA 11 # 140 - 41 T. 4 AP. 706',19,19,'marcocastillo@textilia.com.co','$2a$07$SZSMZPrEU2XQR6WBD4WImuTvq7la1v1oYu6tsm13X1QZf88NbEKYy'),(4118777,'Jose Guillermo Zea Figueroa','CLL 21 SUR # 9F - 03 ESTE',22,22,'j62777@hotmail.com','$2a$07$SZSMZPrEU2XQR6WBD4WImuTvq7la1v1oYu6tsm13X1QZf88NbEKYy'),(4565396,'Ricardo Ocampo Luna','CRA 53B # 49 - 14',24,24,'caroki2762@hotmail.com','$2a$07$SZSMZPrEU2XQR6WBD4WImuTvq7la1v1oYu6tsm13X1QZf88NbEKYy'),(4696170,'Carlos Andres Sanchez','CRA 126 # 120 - 65 CS. 105',19,19,'carlossanchez-1997@hotmail.com','$2a$07$SZSMZPrEU2XQR6WBD4WImuTvq7la1v1oYu6tsm13X1QZf88NbEKYy'),(5691555,'Luis Eutimio Grimaldos Rodriguez','TV 77 # 7A - 16',13,13,'lgrimaldos26@gmail.com','$2a$07$SZSMZPrEU2XQR6WBD4WImuTvq7la1v1oYu6tsm13X1QZf88NbEKYy'),(5691602,'Luis Jacobo Arguello','CRA 19A # 63B - 14 AP.402',21,21,'lore_9876@hotmail.com','$2a$07$SZSMZPrEU2XQR6WBD4WImuTvq7la1v1oYu6tsm13X1QZf88NbEKYy'),(5950262,'Rigoberto Florez Gonzalez','CRA77 # 18 - 51 T. 1 AP. 1204',24,24,'rigoflorezgon@hotmail.com','$2a$07$SZSMZPrEU2XQR6WBD4WImuTvq7la1v1oYu6tsm13X1QZf88NbEKYy'),(5986877,'Filemon Moncaleano Lozano','CLL 57 H SUR # 71D - 45 IN. 2 AP. 201',6,6,'fileml@hotmail.com','$2a$07$SZSMZPrEU2XQR6WBD4WImuTvq7la1v1oYu6tsm13X1QZf88NbEKYy'),(5994503,'Rodolfo Lozano Hernandez','CLL 25C # 2A - 09',4,4,'rodolfolozano@hotmail.com','$2a$07$SZSMZPrEU2XQR6WBD4WImuTvq7la1v1oYu6tsm13X1QZf88NbEKYy'),(7225482,'Carlos Humberto Castro Rodriguez','CRA 93D 71 49 SUR CS 117',6,6,'crcarlos@hotmail.com','$2a$07$SZSMZPrEU2XQR6WBD4WImuTvq7la1v1oYu6tsm13X1QZf88NbEKYy'),(8051657,'Vilder Ferneides Miranda Caly','CRA 88C # 69B - 20 SUR',5,5,'vilder-2008@hotmail.co,','$2a$07$SZSMZPrEU2XQR6WBD4WImuTvq7la1v1oYu6tsm13X1QZf88NbEKYy'),(8280607,'Humberto Romero Alvarez','CLL 151A # 45 - 41 T. 2 AP. 204',15,15,'humbertoromero46@hotmail.com','$2a$07$SZSMZPrEU2XQR6WBD4WImuTvq7la1v1oYu6tsm13X1QZf88NbEKYy'),(8767238,'Javier Antonio Higuita Fierro','CLL 17 # 22 18',10,10,'javierhiguita11@hotmail.com','$2a$07$SZSMZPrEU2XQR6WBD4WImuTvq7la1v1oYu6tsm13X1QZf88NbEKYy'),(9320157,'Jose Edilberto Rodriguez Cruz','CLL 9F # 16B - 21',14,14,'olguiss0622@hotmail.com','$2a$07$SZSMZPrEU2XQR6WBD4WImuTvq7la1v1oYu6tsm13X1QZf88NbEKYy'),(9527227,'Gustavo Aleczi Rodriguez Bayona','CLL 2 # 91C - 85 CS. 5 33',2,1,'gustavoaleczi@hotmail.com','$2a$07$SZSMZPrEU2XQR6WBD4WImuTvq7la1v1oYu6tsm13X1QZf88NbEKYy'),(9528242,'Jose Nelson Castelblanco Romero','CRA 87 # 48 - 01 SUR IN. 3',13,13,'nelsonkast@hotmail.com','$2a$07$SZSMZPrEU2XQR6WBD4WImuTvq7la1v1oYu6tsm13X1QZf88NbEKYy'),(9957232,'Bernardo Angel Lopez Gaviria','CRA 73H # 62G - 04 SUR',19,19,'berna.070@hotmail.es','$2a$07$SZSMZPrEU2XQR6WBD4WImuTvq7la1v1oYu6tsm13X1QZf88NbEKYy'),(10240994,'Jorge Alberto Giraldo Mejia','CLL 152 # 58 - 51 IN. 3 AP. 203',13,13,'jorgegiraldo@textilia.com.co','$2a$07$SZSMZPrEU2XQR6WBD4WImuTvq7la1v1oYu6tsm13X1QZf88NbEKYy'),(11259213,'Diego Fernando Loaiza Pinzon','CLL 19 # 98 - 69',22,22,'dloaiza14@hotmail.com','$2a$07$SZSMZPrEU2XQR6WBD4WImuTvq7la1v1oYu6tsm13X1QZf88NbEKYy'),(11313117,'Jorge Antonio Aguilar Murcia','CRA 42 # 1C - 17',17,17,'ruquito2828@hotmail.com','$2a$07$SZSMZPrEU2XQR6WBD4WImuTvq7la1v1oYu6tsm13X1QZf88NbEKYy'),(11314741,'Carlos Eduardo Ayala Barreto','CRA 16 ESTE # 36 - 95',18,18,'carlospatayala@hotmail.com','$2a$07$SZSMZPrEU2XQR6WBD4WImuTvq7la1v1oYu6tsm13X1QZf88NbEKYy'),(11324752,'Nilson Gomez Rivera','CRA 35 # 11 - 16',20,20,'nilsondayan@yahoo.es','$2a$07$SZSMZPrEU2XQR6WBD4WImuTvq7la1v1oYu6tsm13X1QZf88NbEKYy'),(11339919,'Rafael Vargas Herrera','CRA 88F # 38 - 22 SUR',21,21,'rafaelvargash60@gmail.com','$2a$07$SZSMZPrEU2XQR6WBD4WImuTvq7la1v1oYu6tsm13X1QZf88NbEKYy'),(11386341,'Rolando Ismeth Mora Gaitan','CRA 72D # 53A - 64 SUR',7,7,'rolandoismeth@hotmail.com','$2a$07$SZSMZPrEU2XQR6WBD4WImuTvq7la1v1oYu6tsm13X1QZf88NbEKYy'),(11387262,'Omar Eusebio Rincon Castiblanco','DG 30L # 7D - 29',15,15,'omar.rincon123@hotmail.com','$2a$07$SZSMZPrEU2XQR6WBD4WImuTvq7la1v1oYu6tsm13X1QZf88NbEKYy'),(11431420,'Victor Gabriel Campos Fonseca','CLLE 14 # 7 - 29',2,1,'victor73275@gmail.com','$2a$07$SZSMZPrEU2XQR6WBD4WImuTvq7la1v1oYu6tsm13X1QZf88NbEKYy'),(11435206,'Alberto Avella Camargo','AV 13 # 8A - 184 T. 11 AP. 203',9,9,'albertoavellac1@gmail.com','$2a$07$SZSMZPrEU2XQR6WBD4WImuTvq7la1v1oYu6tsm13X1QZf88NbEKYy'),(12142418,'Hugo Fernando Uni Claros','CRA 89 BIS # 42 - 56 SUR',14,14,'huguitopoquitico@hotmail.com','$2a$07$SZSMZPrEU2XQR6WBD4WImuTvq7la1v1oYu6tsm13X1QZf88NbEKYy'),(12193454,'Edelmer Sanchez Cerquera','CRA 87B BIS # 56C - 37 SUR',4,4,'mariselahernandez42@hotmail.com','$2a$07$SZSMZPrEU2XQR6WBD4WImuTvq7la1v1oYu6tsm13X1QZf88NbEKYy'),(12228112,'Farid Rojas Ramirez','CRA 4J # 52A - 83 SUR',16,16,'ibyirojas@gmail.com','$2a$07$SZSMZPrEU2XQR6WBD4WImuTvq7la1v1oYu6tsm13X1QZf88NbEKYy'),(13520461,'Cesar Alberto Rey Delgado','CRA 53G # 49 - 14',4,4,'cesaralberto.reydelgado@yahoo.com','$2a$07$SZSMZPrEU2XQR6WBD4WImuTvq7la1v1oYu6tsm13X1QZf88NbEKYy'),(13706852,'Antonio Pablo Ruiz Rojas','CRA 97B BIS # 38 - 35',10,10,'antonioruiiz81@hotmail.com','$2a$07$SZSMZPrEU2XQR6WBD4WImuTvq7la1v1oYu6tsm13X1QZf88NbEKYy'),(13953787,'Jeremias Silva Orduña','CRA 8G BIS # 164A - 63',16,16,'pinaariza@hotmail.com','$2a$07$SZSMZPrEU2XQR6WBD4WImuTvq7la1v1oYu6tsm13X1QZf88NbEKYy'),(14317739,'Celso Devia','CLL 10 # 9 - 50 SUR',3,2,'celsodevia@gmail.com','$2a$07$SZSMZPrEU2XQR6WBD4WImuTvq7la1v1oYu6tsm13X1QZf88NbEKYy'),(14323404,'Jorge Mauricio Lopez Hoyos','CLL 55A SUR # 64 - 31',9,9,'jomalo_11@hotmail.com','$2a$07$SZSMZPrEU2XQR6WBD4WImuTvq7la1v1oYu6tsm13X1QZf88NbEKYy'),(18924283,'Robinson Rios Noriega','CRA 70C # 68 - 73 IN. 13 AP. 502',13,13,'yolrome22d@hotmail.com','$2a$07$SZSMZPrEU2XQR6WBD4WImuTvq7la1v1oYu6tsm13X1QZf88NbEKYy'),(19066002,'Sergio De Jesus Bejarano','CRA 11 BIS # 124A - 66 AP. 701',2,1,'sergiobejaranov@gmail.com','$2a$07$SZSMZPrEU2XQR6WBD4WImuTvq7la1v1oYu6tsm13X1QZf88NbEKYy'),(19222789,'Carlos Eduardo Baron Castañeda','CLL 141 # 7B - 50 AP. 513',2,1,'cedubaron@gmail.com','$2a$07$SZSMZPrEU2XQR6WBD4WImuTvq7la1v1oYu6tsm13X1QZf88NbEKYy'),(19268220,'Tito Lopez','CLL 48P BIS C SUR # 3 - 34 IN. 4 AP. 303',18,18,'titolopez220@gmail.com','$2a$07$SZSMZPrEU2XQR6WBD4WImuTvq7la1v1oYu6tsm13X1QZf88NbEKYy'),(19295744,'Anibal Cappella Zarate','CRA 69B # 24B - 55 IN. 7 AP. 203',5,5,'anibalc@textilia.com.co','$2a$07$SZSMZPrEU2XQR6WBD4WImuTvq7la1v1oYu6tsm13X1QZf88NbEKYy'),(19314916,'Jose Plinio Soler Valero','CLL 48J BIS # 5A - 12 SUR',19,19,'plynius7@gmail.com','$2a$07$SZSMZPrEU2XQR6WBD4WImuTvq7la1v1oYu6tsm13X1QZf88NbEKYy'),(19324647,'Desiderio De Jesus Castelblanco','CLL 17 SUR # 29C - 40',14,14,'descasterom1@hotmail.com','$2a$07$SZSMZPrEU2XQR6WBD4WImuTvq7la1v1oYu6tsm13X1QZf88NbEKYy'),(19325446,'Jorge Enrique Sotomonte','CLL 45 SUR # 72U - 50',15,15,'jorgesotomonte@textilia.com.co','$2a$07$SZSMZPrEU2XQR6WBD4WImuTvq7la1v1oYu6tsm13X1QZf88NbEKYy'),(19344282,'Luis Enrique Lopez Forero','CLL 45A SUR # 89B - 42 CS. 5',6,6,'luiselopez57@gmail.com','$2a$07$SZSMZPrEU2XQR6WBD4WImuTvq7la1v1oYu6tsm13X1QZf88NbEKYy'),(19409721,'Edgar Noel Torres','CLL 92 BIS SUR # 14I - 57',8,8,'chapulin.234@hotmail.com','$2a$07$SZSMZPrEU2XQR6WBD4WImuTvq7la1v1oYu6tsm13X1QZf88NbEKYy'),(19419308,'Yesid Alfonso Leon Monroy','TV 93 # 22D - 10',7,7,'yesidleon@hotmail.com','$2a$07$SZSMZPrEU2XQR6WBD4WImuTvq7la1v1oYu6tsm13X1QZf88NbEKYy'),(19420668,'Juan De Jesus Gomez','DG 49 SUR # 87 - 26',13,13,'jdjgomez@hotmail.com','$2a$07$SZSMZPrEU2XQR6WBD4WImuTvq7la1v1oYu6tsm13X1QZf88NbEKYy'),(19430235,'Jose Alcides Alba Laverde','DG 39A # 17 - 66 M.212',4,4,'joal-125@hotmail.com','$2a$07$SZSMZPrEU2XQR6WBD4WImuTvq7la1v1oYu6tsm13X1QZf88NbEKYy'),(19433690,'Omar Porras Ortiz','DG 76 SUR # 78 - 85',18,18,'omarporras01@gmail.com','$2a$07$SZSMZPrEU2XQR6WBD4WImuTvq7la1v1oYu6tsm13X1QZf88NbEKYy'),(19447576,'Omar Ignacio Vanegas Guzman','TV 1D # 77 - 61 SUR',4,4,'nachin.vago@hotmail.com','$2a$07$SZSMZPrEU2XQR6WBD4WImuTvq7la1v1oYu6tsm13X1QZf88NbEKYy'),(19467486,'Victor Manuel Gamboa Avila','CLL 2D # 21 - 09',24,24,'vgamba374@gmail.com','$2a$07$SZSMZPrEU2XQR6WBD4WImuTvq7la1v1oYu6tsm13X1QZf88NbEKYy'),(19483362,'Diego Hernandez Restrepo','CRA 69D # 1 - 70 SUR',2,1,'compras-textilia@hotmail.com','$2a$07$SZSMZPrEU2XQR6WBD4WImuTvq7la1v1oYu6tsm13X1QZf88NbEKYy'),(19488995,'Carlos Mario Estrada Carvajal','TV 78D # 10 - 27 IN. 3 AP. 401',16,16,'carlosm1962@hotmail.com','$2a$07$SZSMZPrEU2XQR6WBD4WImuTvq7la1v1oYu6tsm13X1QZf88NbEKYy'),(19499037,'Carlos Arturo Aleman Ortega','TV 64 # 1 - 55',11,11,'carlosaleman@hotmail.com','$2a$07$SZSMZPrEU2XQR6WBD4WImuTvq7la1v1oYu6tsm13X1QZf88NbEKYy'),(20793717,'Maria Esther Ramirez Tinjaca','CRA 101B # 138 - 21',16,16,'ruizrmirezdiana_06@hotmail.com','$2a$07$SZSMZPrEU2XQR6WBD4WImuTvq7la1v1oYu6tsm13X1QZf88NbEKYy'),(20897205,'Esmeralda Rojas Garzon','CLL 70B # 105F - 70',19,19,'esmeralda-0173@hotmail.com','$2a$07$SZSMZPrEU2XQR6WBD4WImuTvq7la1v1oYu6tsm13X1QZf88NbEKYy'),(20905357,'Carmen Zabaleta Quique','CLL 60A # 73 - 71 SUR T. 3 AP. 409',23,23,'carmenzabaleta12@hotmail.com','$2a$07$SZSMZPrEU2XQR6WBD4WImuTvq7la1v1oYu6tsm13X1QZf88NbEKYy'),(20989157,'Carmen Elisa Vaca Roa','DG 16B BIS # 97 - 17',4,4,'angie=milena@outlook.com','$2a$07$SZSMZPrEU2XQR6WBD4WImuTvq7la1v1oYu6tsm13X1QZf88NbEKYy'),(21094759,'Carmenza Martinez Cruz','CRA 14E # 9 - 17',22,22,'carmenza.m20@hotmail.com','$2a$07$SZSMZPrEU2XQR6WBD4WImuTvq7la1v1oYu6tsm13X1QZf88NbEKYy'),(23423295,'Rosalba Cubides Chabarro','CRA 93C # 49F - 12 SUR',11,11,'rosalbacubides.8@hotmail.com','$2a$07$SZSMZPrEU2XQR6WBD4WImuTvq7la1v1oYu6tsm13X1QZf88NbEKYy'),(23694279,'Maria De Jesus Chavez','CRA 119A # 63B - 72',14,14,'christian5k8@hotmail.com','$2a$07$SZSMZPrEU2XQR6WBD4WImuTvq7la1v1oYu6tsm13X1QZf88NbEKYy'),(23823643,'Ruth Yolanda Paez Jimenez','CRA 104 # 13D 57 CS. 45',6,6,'canimo15@hotmail.com','$2a$07$SZSMZPrEU2XQR6WBD4WImuTvq7la1v1oYu6tsm13X1QZf88NbEKYy'),(23823981,'Nidia Marlen Paez Jimenez','CRA 104 # 13D 57 CS. 45',15,15,'carloshipbreak@outlook.com','$2a$07$SZSMZPrEU2XQR6WBD4WImuTvq7la1v1oYu6tsm13X1QZf88NbEKYy'),(24017652,'Nohora Consuelo Neiza Mancipe','CRA 72G # 42B - 62',2,1,'nohoraneiza23@hotmail.com','$2a$07$SZSMZPrEU2XQR6WBD4WImuTvq7la1v1oYu6tsm13X1QZf88NbEKYy'),(24120256,'Gladys Yolanda Novoa Bohorquez','CRA 14 # 20 - 34 IN. 2',12,12,'yolandanovoa@gmail.com','$2a$07$SZSMZPrEU2XQR6WBD4WImuTvq7la1v1oYu6tsm13X1QZf88NbEKYy'),(24156609,'Obdulia De Las Mercedes','CLL 74A 3 80 - 35 IN. 1 AP. 304',8,8,'odumy@hotmail.com','$2a$07$SZSMZPrEU2XQR6WBD4WImuTvq7la1v1oYu6tsm13X1QZf88NbEKYy'),(27233126,'Rosa Elvira Ramirez Acosta','CRA 86C # 38D - 62 SUR',3,2,'rocyra1580@hotmail.com','$2a$07$SZSMZPrEU2XQR6WBD4WImuTvq7la1v1oYu6tsm13X1QZf88NbEKYy'),(28034180,'Sandra Patricia Castañeda','CRA 12B # 23B - 06',24,24,'sandrypato@gmail.com','$2a$07$SZSMZPrEU2XQR6WBD4WImuTvq7la1v1oYu6tsm13X1QZf88NbEKYy'),(28098521,'Ernestina Gomez Reyes','CRA 91B # 54D - 32 SUR',18,18,'ni.olar@hotmail.com','$2a$07$SZSMZPrEU2XQR6WBD4WImuTvq7la1v1oYu6tsm13X1QZf88NbEKYy'),(28099098,'Yamile Murallas','CRA 97A 56H 15 SUR',24,24,'yamile6423@hotmail.com','$2a$07$SZSMZPrEU2XQR6WBD4WImuTvq7la1v1oYu6tsm13X1QZf88NbEKYy'),(28681440,'Vilma Esperanza Romero Villarreal','CLL 65 SUR # 1A - 51 ESTE IN. 14 CS. 45',7,7,'vilmaeromero2@hotmail.com','$2a$07$SZSMZPrEU2XQR6WBD4WImuTvq7la1v1oYu6tsm13X1QZf88NbEKYy'),(28870218,'Diana Paola Callejas Guzman','DG 54 SUR # 18C - 36',3,2,'kepa29@hotmail.com','$2a$07$SZSMZPrEU2XQR6WBD4WImuTvq7la1v1oYu6tsm13X1QZf88NbEKYy'),(28979993,'Adriana Maria Izquierdo Lozano','CRA 9 ESTE 38 59 CS 116',7,7,'adrislaflaca1981@gmail.com','$2a$07$SZSMZPrEU2XQR6WBD4WImuTvq7la1v1oYu6tsm13X1QZf88NbEKYy'),(32183238,'Zoraida Cifuentes Carvajal','CLL 43A SUR # 12A - 55',17,17,'zoraidacc1128@hotmail.com','$2a$07$SZSMZPrEU2XQR6WBD4WImuTvq7la1v1oYu6tsm13X1QZf88NbEKYy'),(33376837,'Sandra Yamile Guio Bautista','CLL 79B # 70D - 15',20,20,'sandraguio88@hotmail.com','$2a$07$SZSMZPrEU2XQR6WBD4WImuTvq7la1v1oYu6tsm13X1QZf88NbEKYy'),(35327839,'Mercedes Garcia Alvarado','CLL 8A SUR # 22 - 10 BL. 2 CS. 12',15,15,'mechisalvarado123@gmail.com','$2a$07$SZSMZPrEU2XQR6WBD4WImuTvq7la1v1oYu6tsm13X1QZf88NbEKYy'),(35377506,'Maria Rocio Torres','CRA 100 # 50B - 45 SUR IN. 2 T.14 AP. 303',2,1,'rochi-torres@hotmail.com','$2a$07$SZSMZPrEU2XQR6WBD4WImuTvq7la1v1oYu6tsm13X1QZf88NbEKYy'),(35407345,'Marlene Vega Gomez','CLL 54 SUR # 77T - 87 SUR',5,5,'marlenevegagomez54@hotmail.com','$2a$07$SZSMZPrEU2XQR6WBD4WImuTvq7la1v1oYu6tsm13X1QZf88NbEKYy'),(35486457,'Rosa Elvia Gutierrez Quevedo','CRA 88D # 56F - 82 SUR',9,9,'rosadebernal@yahoo.com','$2a$07$SZSMZPrEU2XQR6WBD4WImuTvq7la1v1oYu6tsm13X1QZf88NbEKYy'),(35525405,'Marlen Elisa Barrera Castiblanco','CRA 90C # 6A - 67 IN. 265',16,16,'cinderella.rock@hotmail.com','$2a$07$SZSMZPrEU2XQR6WBD4WImuTvq7la1v1oYu6tsm13X1QZf88NbEKYy'),(35531011,'Judy Constanza Osorio Moreno','VRA 60 # 10 - 110 SUR',4,4,'constatin-flak@gmail.com','$2a$07$SZSMZPrEU2XQR6WBD4WImuTvq7la1v1oYu6tsm13X1QZf88NbEKYy'),(35531371,'Claudia Milena Bello Acosta','CRA 71C # 56D - 20 SUR',22,22,'claudia101779@hotmail.com','$2a$07$SZSMZPrEU2XQR6WBD4WImuTvq7la1v1oYu6tsm13X1QZf88NbEKYy'),(37894353,'Luz Stella Muñoz Lopez','CRA 102B # 140B - 39',10,10,'luzmuñoz@textilia.com.co','$2a$07$SZSMZPrEU2XQR6WBD4WImuTvq7la1v1oYu6tsm13X1QZf88NbEKYy'),(39019306,'Eleana Miranda Torrecilla','CLL 48R SUR # 5I - 08',14,14,'elydaniel78@live.com.ar','$2a$07$SZSMZPrEU2XQR6WBD4WImuTvq7la1v1oYu6tsm13X1QZf88NbEKYy'),(39528975,'Edilia Emma Diaz Duarte','CRA 19A # 58 - 30 SUR',15,15,'emidiazduarte@hotmail.com','$2a$07$SZSMZPrEU2XQR6WBD4WImuTvq7la1v1oYu6tsm13X1QZf88NbEKYy'),(39533520,'Rosa Amelia Hernandez Suarez','CLL 31 SUR # 52 - 48',17,17,'ameliahs58@gmail.com','$2a$07$SZSMZPrEU2XQR6WBD4WImuTvq7la1v1oYu6tsm13X1QZf88NbEKYy'),(39539013,'Maria Del Pilar Triana','DG 82E # 75 - 04',15,15,'pilargrafica49@gmail.com','$2a$07$SZSMZPrEU2XQR6WBD4WImuTvq7la1v1oYu6tsm13X1QZf88NbEKYy'),(39539796,'Martha Cecilia Ochoa Lopez','CRA 87C # 22 - 81',6,6,'marthaochoa1@yahoo.com','$2a$07$SZSMZPrEU2XQR6WBD4WImuTvq7la1v1oYu6tsm13X1QZf88NbEKYy'),(39552789,'Rosa Patricia Alba Suancha','CLL 143A # 54 - 50 IN. 2 AP. 1103',13,13,'rpattya@textilia.com.co','$2a$07$SZSMZPrEU2XQR6WBD4WImuTvq7la1v1oYu6tsm13X1QZf88NbEKYy'),(39558150,'Mery Garzon Cantor','CLL 47A # 84 - 21',17,17,'merygar2@hotmail.com','$2a$07$SZSMZPrEU2XQR6WBD4WImuTvq7la1v1oYu6tsm13X1QZf88NbEKYy'),(39578614,'Nina Johanna Bautista Ospina','CRA 54 2B 39B',21,21,'ninajbautistao@gmail.com','$2a$07$SZSMZPrEU2XQR6WBD4WImuTvq7la1v1oYu6tsm13X1QZf88NbEKYy'),(39618382,'Olga Lucia Criollo Linares','CRA 11D # 15 - 37 SUR',14,14,'mcastilloc33@gmail.com','$2a$07$SZSMZPrEU2XQR6WBD4WImuTvq7la1v1oYu6tsm13X1QZf88NbEKYy'),(39633333,'Olga Moreno Gomez','CLL 49 # 11 - 15',12,12,'olgamoreno39633@gmail.com','$2a$07$SZSMZPrEU2XQR6WBD4WImuTvq7la1v1oYu6tsm13X1QZf88NbEKYy'),(39633426,'Gloria Ines Gutierrez Quevedo','CRA 88C # 56 - 68 SUR',21,21,'gligli1960@yahoo.com.co','$2a$07$SZSMZPrEU2XQR6WBD4WImuTvq7la1v1oYu6tsm13X1QZf88NbEKYy'),(39645818,'Martha Nubia Casallas Rodriguez','CLL 5 # 10 - 26',23,23,'mncasallas@misena.edu.co','$2a$07$SZSMZPrEU2XQR6WBD4WImuTvq7la1v1oYu6tsm13X1QZf88NbEKYy'),(39650655,'Nidia Edith Bustos Beltran','CLL 59 # 73G - 80 SUR',19,19,'zulemada@hotmail.com','$2a$07$SZSMZPrEU2XQR6WBD4WImuTvq7la1v1oYu6tsm13X1QZf88NbEKYy'),(39662311,'Adriana Soledad Clavijo Gonzalez','CLL 36B # 2 - 35 CS. 225',4,4,'komodoc4@hotmail.com','$2a$07$SZSMZPrEU2XQR6WBD4WImuTvq7la1v1oYu6tsm13X1QZf88NbEKYy'),(39669954,'Maria Del Carmen Garzon','CLL 4C # 12 - 96',23,23,'mariagarzon1223@hotmail.com','$2a$07$SZSMZPrEU2XQR6WBD4WImuTvq7la1v1oYu6tsm13X1QZf88NbEKYy'),(39672479,'Fabiola Moreno Alvarez','CRA 11 # 22A - 41 T. 23 AP. 303',13,13,'fsn.3@hotmail.com','$2a$07$SZSMZPrEU2XQR6WBD4WImuTvq7la1v1oYu6tsm13X1QZf88NbEKYy'),(39685127,'Nelly Enriqueta Mosquera Gonzalez','CRA 88D # 8C - 21',9,9,'nellymosquera29@gmail.com','$2a$07$SZSMZPrEU2XQR6WBD4WImuTvq7la1v1oYu6tsm13X1QZf88NbEKYy'),(39696962,'Emelina Diaz Lancheros','CRA 79C # 41B - 44 SUR IN. 2',7,7,'leenaviado789@gmail.com','$2a$07$SZSMZPrEU2XQR6WBD4WImuTvq7la1v1oYu6tsm13X1QZf88NbEKYy'),(39697574,'Maria Luisa Camacho Montaño','CRA 117A # 23C - 53',12,12,'maikol9103@gmail.com','$2a$07$SZSMZPrEU2XQR6WBD4WImuTvq7la1v1oYu6tsm13X1QZf88NbEKYy'),(39697704,'Hilda Perez Ibañez','CLL 19 # 120A - 67',12,12,'hildapi60@gmail.com','$2a$07$SZSMZPrEU2XQR6WBD4WImuTvq7la1v1oYu6tsm13X1QZf88NbEKYy'),(39700348,'Carmenza Rocha Sanchez','CRA 82 # 42F - 73 SUR',11,11,'alejam3121@hotmail.com','$2a$07$SZSMZPrEU2XQR6WBD4WImuTvq7la1v1oYu6tsm13X1QZf88NbEKYy'),(39700661,'Gilma Fernanda Mendez Bustos','CLL 10 # 80 - 41 T. 9 AP. 1133',5,5,'fermendez50@hotmail.com','$2a$07$SZSMZPrEU2XQR6WBD4WImuTvq7la1v1oYu6tsm13X1QZf88NbEKYy'),(39703991,'Olga Lucia Montaña Roberto','DG 16B BIS # 98 - 50 IN. 3 AP 413',13,13,'olguislu@hotmail.com','$2a$07$SZSMZPrEU2XQR6WBD4WImuTvq7la1v1oYu6tsm13X1QZf88NbEKYy'),(39706432,'Rosa Ismenia Enriquez Rodriguez','CRA 22 # 12 - 03',10,10,'rosaenriquez22000@hotmail.com','$2a$07$SZSMZPrEU2XQR6WBD4WImuTvq7la1v1oYu6tsm13X1QZf88NbEKYy'),(39709056,'Ana Esther Franco Gomez','DG 48S # 55 - 18',9,9,'annyfrago@hotmail.com','$2a$07$SZSMZPrEU2XQR6WBD4WImuTvq7la1v1oYu6tsm13X1QZf88NbEKYy'),(39736576,'Gloria Nelly Castro Rey','CLL 69A # 115C - 34',8,8,'nellycastro170@gmail.com','$2a$07$SZSMZPrEU2XQR6WBD4WImuTvq7la1v1oYu6tsm13X1QZf88NbEKYy'),(39746735,'Hilda Maria Forero Correa','CRA 5C # 13 - 28 SUR',11,11,'hildacorrea66@gmail.com','$2a$07$SZSMZPrEU2XQR6WBD4WImuTvq7la1v1oYu6tsm13X1QZf88NbEKYy'),(39759401,'Blanca Nelsy Parra Cubides','CLL 18 # 4A - 39',14,14,'nelsy1207@hotmail.com','$2a$07$SZSMZPrEU2XQR6WBD4WImuTvq7la1v1oYu6tsm13X1QZf88NbEKYy'),(39762181,'Ana Cleotilde Lopez Galindo','CRA 107 # 23B - 82',8,8,'annis_lg@hotmail.com','$2a$07$SZSMZPrEU2XQR6WBD4WImuTvq7la1v1oYu6tsm13X1QZf88NbEKYy'),(39762421,'Cindy Yurany Gil Monroy','CLL 16C # 100 - 23',14,14,'yuraney@hotmail.com','$2a$07$SZSMZPrEU2XQR6WBD4WImuTvq7la1v1oYu6tsm13X1QZf88NbEKYy'),(39763722,'Sandra Isabel Castillo Alonso','CLL 10 # 86 - 90',5,5,'sica35@hotmail.es','$2a$07$SZSMZPrEU2XQR6WBD4WImuTvq7la1v1oYu6tsm13X1QZf88NbEKYy'),(39792193,'Maryele Mahecha Alonso','CLL 14 # 119A - 70 CS. 17',12,12,'mayemahecha27@hotmail.com','$2a$07$SZSMZPrEU2XQR6WBD4WImuTvq7la1v1oYu6tsm13X1QZf88NbEKYy'),(40781730,'Luz Mary Cabiedes Ortiz','CRA 7 # 3 87 - SUR T. 12 AP. 403',21,21,'mari.002005@hotmail.com','$2a$07$SZSMZPrEU2XQR6WBD4WImuTvq7la1v1oYu6tsm13X1QZf88NbEKYy'),(41554056,'Maria Azucena Gutierrez Riaño','AV CR 20 # 88 - 50',15,15,'azucenagr@textilia.com.co','$2a$07$SZSMZPrEU2XQR6WBD4WImuTvq7la1v1oYu6tsm13X1QZf88NbEKYy'),(41733223,'Janett Rzanzew Tesone','CLL 145 # 7F - 89 AP. 708',18,18,'jennyrzanzew@textilia.com.co','$2a$07$SZSMZPrEU2XQR6WBD4WImuTvq7la1v1oYu6tsm13X1QZf88NbEKYy'),(41735811,'Maria Ines Castellanos Sanchez','CRA 68C # 54D - 80 SUR',18,18,'inesita3025@hotmail.com','$2a$07$SZSMZPrEU2XQR6WBD4WImuTvq7la1v1oYu6tsm13X1QZf88NbEKYy'),(41766756,'Ruth Acosta Giraldo','CLL 16B # 82A - 21',18,18,'ruthacistag@hotmail.com','$2a$07$SZSMZPrEU2XQR6WBD4WImuTvq7la1v1oYu6tsm13X1QZf88NbEKYy'),(42133994,'Juliana Gutierrez Hincapie','CLL 87 # 7 - 52 AP. 703',23,23,'julianag@textilia.com.co','$2a$07$SZSMZPrEU2XQR6WBD4WImuTvq7la1v1oYu6tsm13X1QZf88NbEKYy'),(42969240,'Gloria Cecilia Mesa Bolivar','CLL 11B # 34 - 17G AP. 102',23,23,'gloriamesa-14@hotmail.com','$2a$07$SZSMZPrEU2XQR6WBD4WImuTvq7la1v1oYu6tsm13X1QZf88NbEKYy'),(43020908,'Beatriz Elena Gomez Delgado','CLL 78 SUR # 40 - 25',13,13,'peca1404@hotmail.com','$2a$07$SZSMZPrEU2XQR6WBD4WImuTvq7la1v1oYu6tsm13X1QZf88NbEKYy'),(43066869,'Luz Dalila Hernandez Osorio','CLL 39D # 68G - 65 SUR P. 3',11,11,'dalilapaisita04@hotmail.com','$2a$07$SZSMZPrEU2XQR6WBD4WImuTvq7la1v1oYu6tsm13X1QZf88NbEKYy'),(45544183,'Sandra Patricia Caro Castro','CLL 53 A SUR 35A 62 SUR',7,7,'solsidenia14200@gmail.com','$2a$07$SZSMZPrEU2XQR6WBD4WImuTvq7la1v1oYu6tsm13X1QZf88NbEKYy'),(49607659,'Nereida Barros Carmona','CRA 68F # 38 - 15 SUR',17,17,'nereidabarros@hotmail.com','$2a$07$SZSMZPrEU2XQR6WBD4WImuTvq7la1v1oYu6tsm13X1QZf88NbEKYy'),(51577956,'Maria Zenaida Rojas Hernandez','CRA 80C # 42C - 87 SUR',12,12,'chilenita_108@hotmail.com','$2a$07$SZSMZPrEU2XQR6WBD4WImuTvq7la1v1oYu6tsm13X1QZf88NbEKYy'),(51593350,'Ana Constanza Forero Gomez','CRA 69B # 24B - 55 IN. 7 AP. 203',3,2,'constanzaforero@textilia.com.co','$2a$07$SZSMZPrEU2XQR6WBD4WImuTvq7la1v1oYu6tsm13X1QZf88NbEKYy'),(51607940,'Aida Rodriguez Montes','CLL 2 # 87H - 08',21,21,'itrm18@hotmail.com','$2a$07$SZSMZPrEU2XQR6WBD4WImuTvq7la1v1oYu6tsm13X1QZf88NbEKYy'),(51613661,'Lenny Esperanza Bejarano Acosta','CLL 54 SUR # 80 - 49',9,9,'lennybejarano59@hotmail.com','$2a$07$SZSMZPrEU2XQR6WBD4WImuTvq7la1v1oYu6tsm13X1QZf88NbEKYy'),(51614738,'Ninfa Imelda Alfonso Suarez','CRA 100A # 71B - 59',22,22,'ninfaimel@gmail.com','$2a$07$SZSMZPrEU2XQR6WBD4WImuTvq7la1v1oYu6tsm13X1QZf88NbEKYy'),(51618767,'Maria Del Pilar Tibaquira','CLL 39D SUR # 56 - 41',2,1,'maria-pilar14@hotmail.com','$2a$07$SZSMZPrEU2XQR6WBD4WImuTvq7la1v1oYu6tsm13X1QZf88NbEKYy'),(51630770,'Miryam Amparo Lopez De','CLL 128 # 76 - 50',22,22,'mirilopez@textilia.com.co','$2a$07$SZSMZPrEU2XQR6WBD4WImuTvq7la1v1oYu6tsm13X1QZf88NbEKYy'),(51657493,'Myriam Cortes Aragon','CRA 72B # 7C - 61',3,2,'myriamcortes@textilia.com.co','$2a$07$SZSMZPrEU2XQR6WBD4WImuTvq7la1v1oYu6tsm13X1QZf88NbEKYy'),(51659750,'Martha Elena Gonzalez Trujillo','CLL 62F BIS SUR # 72C - 06',13,13,'majuanda@yahoo.es','$2a$07$SZSMZPrEU2XQR6WBD4WImuTvq7la1v1oYu6tsm13X1QZf88NbEKYy'),(51662775,'Teresa Adarme Silva','CLL 131 BIS # 106 - 21',16,16,'teresaa53@gmail.com','$2a$07$SZSMZPrEU2XQR6WBD4WImuTvq7la1v1oYu6tsm13X1QZf88NbEKYy'),(51698316,'Luz Stella Rincon Martinez','CLL 60A SUR # 64 - 64',13,13,'stelinr62@yahoo.com.co','$2a$07$SZSMZPrEU2XQR6WBD4WImuTvq7la1v1oYu6tsm13X1QZf88NbEKYy'),(51710161,'Dora Irma Herrera Garcia','CLL 35A SUR # 3A - 06',24,24,'dorairma@hotmail.com','$2a$07$SZSMZPrEU2XQR6WBD4WImuTvq7la1v1oYu6tsm13X1QZf88NbEKYy'),(51720398,'Elisa Del Carmen Cardenas','CRA 110 # 75F - 28',13,13,'elisa2014cardenas19@gmail.com','$2a$07$SZSMZPrEU2XQR6WBD4WImuTvq7la1v1oYu6tsm13X1QZf88NbEKYy'),(51726461,'Blanca Elena Castillo Peña','CLL 48A SUR # 87D - 45',11,11,'elenacastillo2@textilia.com.co','$2a$07$SZSMZPrEU2XQR6WBD4WImuTvq7la1v1oYu6tsm13X1QZf88NbEKYy'),(51734251,'Adriana Franco Guarin','CRA 60 # 3 - 55',6,6,'adrianita115@hotmail.com','$2a$07$SZSMZPrEU2XQR6WBD4WImuTvq7la1v1oYu6tsm13X1QZf88NbEKYy'),(51743497,'Maria Esmeralda Ariza','CRA 88A # 42 - 15 SUR',4,4,'camilootakv@gmail.com','$2a$07$SZSMZPrEU2XQR6WBD4WImuTvq7la1v1oYu6tsm13X1QZf88NbEKYy'),(51750333,'Maria Esther Gutierrez Ruiz','CRA 49G # 68D - 81 SUR',8,8,'soniatrivino141@gmail.com','$2a$07$SZSMZPrEU2XQR6WBD4WImuTvq7la1v1oYu6tsm13X1QZf88NbEKYy'),(51782588,'Sandra Monica Peña Umaña','CRA 136C # 153-27 AP. 101',22,22,'sandramo67@hotmail.com','$2a$07$SZSMZPrEU2XQR6WBD4WImuTvq7la1v1oYu6tsm13X1QZf88NbEKYy'),(51811164,'Maria Delfina Bernal Becerra','CLL 57I SUR # 77H - 15',23,23,'ningunos@hotmail.com','$2a$07$SZSMZPrEU2XQR6WBD4WImuTvq7la1v1oYu6tsm13X1QZf88NbEKYy'),(51825697,'Gloria De Jesus Leon','CLL 8 # 69C - 20',20,20,'glc7799@hotmail.com','$2a$07$SZSMZPrEU2XQR6WBD4WImuTvq7la1v1oYu6tsm13X1QZf88NbEKYy'),(51852776,'Claudia Maria Vargas Sandoval','CRA 79 # 8A - 13',9,9,'cvargas97@hotmail.com','$2a$07$SZSMZPrEU2XQR6WBD4WImuTvq7la1v1oYu6tsm13X1QZf88NbEKYy'),(51856230,'Maribel Valencia Canchon','CRA 9 ESTE # 38 - 23 IN. 8 AP. 204',15,15,'cifuentes.karen.andrea@gmail.com','$2a$07$SZSMZPrEU2XQR6WBD4WImuTvq7la1v1oYu6tsm13X1QZf88NbEKYy'),(51896586,'Patricia Constanza Español Cardozo','CLL 75 # 58 - 66',11,11,'patriciaespa2015@gmail.com','$2a$07$SZSMZPrEU2XQR6WBD4WImuTvq7la1v1oYu6tsm13X1QZf88NbEKYy'),(51896739,'Patricia Suarez Rojas','CRA 69D # 1 - 51 SUR T. 4 AP. 927',12,12,'patriciasr.67@gmail.com','$2a$07$SZSMZPrEU2XQR6WBD4WImuTvq7la1v1oYu6tsm13X1QZf88NbEKYy'),(51937540,'Carmen Bernal Becerra','CLL 38 SUR # 68F - 55',8,8,'flacamb540@hotmail.com','$2a$07$SZSMZPrEU2XQR6WBD4WImuTvq7la1v1oYu6tsm13X1QZf88NbEKYy'),(51991775,'Mariela Castro Sierra','CRA 86B # 53 - 98 SUR',2,1,'marilu.201069@hotmail.com','$2a$07$SZSMZPrEU2XQR6WBD4WImuTvq7la1v1oYu6tsm13X1QZf88NbEKYy'),(52036258,'Luz Adriana Salamanca Buitrago','CLL 41C SUR # 78B - 74',9,9,'luzadrianasalamanca@hotmail.com','$2a$07$SZSMZPrEU2XQR6WBD4WImuTvq7la1v1oYu6tsm13X1QZf88NbEKYy'),(52052088,'Yolima Caviedes Herrera','CLL 7 # 90 - 76',2,1,'caviedesyol@hotmail.com','$2a$07$SZSMZPrEU2XQR6WBD4WImuTvq7la1v1oYu6tsm13X1QZf88NbEKYy'),(52082390,'Diana Marcela Masmela Pulido','CRA 11 # 140 - 41 T. 4 AP. 706',16,16,'dianamasmela@hotmail.com','$2a$07$SZSMZPrEU2XQR6WBD4WImuTvq7la1v1oYu6tsm13X1QZf88NbEKYy'),(52101811,'Luz Stella Molano Gomez','CLL 14 # 119A - 70',3,2,'sernasan93hotmail.com','$2a$07$SZSMZPrEU2XQR6WBD4WImuTvq7la1v1oYu6tsm13X1QZf88NbEKYy'),(52127205,'Moreli Medina Melo','TV 18U BIS # 66B - 53',2,1,'morelymedina@hotmail.com','$2a$07$SZSMZPrEU2XQR6WBD4WImuTvq7la1v1oYu6tsm13X1QZf88NbEKYy'),(52147628,'Adriana Morales Barriga','CRA 81B # 19B - 80 IN. 17',5,5,'adrianamorales@textilia.com.co','$2a$07$SZSMZPrEU2XQR6WBD4WImuTvq7la1v1oYu6tsm13X1QZf88NbEKYy'),(52149077,'Luz Angela Giraldo Orozco','DG 82G # 73A - 61 IN. 3 AP. 106',2,1,'angelagiraldo@textilia.com.co','$2a$07$SZSMZPrEU2XQR6WBD4WImuTvq7la1v1oYu6tsm13X1QZf88NbEKYy'),(52191674,'Gineth Lucero Enciso Reyes','CRA 24 # 68H - 78',13,13,'htenig@yahoo.com','$2a$07$SZSMZPrEU2XQR6WBD4WImuTvq7la1v1oYu6tsm13X1QZf88NbEKYy'),(52193152,'Gloria Esperanza Ramirez Duarte','CLL 55A SUR 78J 41',24,24,'gloriaramirezd24@hotmail.com','$2a$07$SZSMZPrEU2XQR6WBD4WImuTvq7la1v1oYu6tsm13X1QZf88NbEKYy'),(52202022,'Olga Lucia Zabala Paramo','CRA 78B # 57C - 45 SUR',10,10,'olgalucia.2p@hotmail.com','$2a$07$SZSMZPrEU2XQR6WBD4WImuTvq7la1v1oYu6tsm13X1QZf88NbEKYy'),(52208738,'Sandra Patricia Duran Muñoz','CRA 1 ESTE # 67A - 50 SUR T. 9 AP. 604',19,19,'samito0408@gmail.com','$2a$07$SZSMZPrEU2XQR6WBD4WImuTvq7la1v1oYu6tsm13X1QZf88NbEKYy'),(52271842,'Gloria Esperanza Guzman Martinez','CRA 104 # 12B - 9 IN 14 CS 16',22,22,'gloriaguzmanm@hotmail.com','$2a$07$SZSMZPrEU2XQR6WBD4WImuTvq7la1v1oYu6tsm13X1QZf88NbEKYy'),(52276660,'Martha Yolanda Avilan Bermudez','CRA 2A BIS ESTE # 93 - 15 SUR',7,7,'martha-yolandita@hotmail.com','$2a$07$SZSMZPrEU2XQR6WBD4WImuTvq7la1v1oYu6tsm13X1QZf88NbEKYy'),(52286712,'Ana Lucia Velasco Caro','CRA 71 # 62A - 25 SUR',20,20,'analuciavelasco@gmail.com','$2a$07$SZSMZPrEU2XQR6WBD4WImuTvq7la1v1oYu6tsm13X1QZf88NbEKYy'),(52329564,'Claudia Nelly Nuñez Rojas','CRA 119A # 69 - 30',15,15,'willycante@hotmail.com','$2a$07$SZSMZPrEU2XQR6WBD4WImuTvq7la1v1oYu6tsm13X1QZf88NbEKYy'),(52351080,'Angelica Maria De La','CLL 81 BIS # 94J - 42',11,11,'spravvymussr/98@gmail.com','$2a$07$SZSMZPrEU2XQR6WBD4WImuTvq7la1v1oYu6tsm13X1QZf88NbEKYy'),(52362066,'Blanca Estella Vanegas Beltran','CRA 80C # 13A - 32 T. 9 AP. 601',21,21,'blankissv_13@hotmail.com','$2a$07$SZSMZPrEU2XQR6WBD4WImuTvq7la1v1oYu6tsm13X1QZf88NbEKYy'),(52383383,'Claudia Cecilia Ortiz Sabogal','CLL 37A BIS SUR # 2B - 48',2,1,'yayisclau06@gmail.com','$2a$07$SZSMZPrEU2XQR6WBD4WImuTvq7la1v1oYu6tsm13X1QZf88NbEKYy'),(52432333,'Madeleine Orbegozo Castañeda','CLL 62B # 22G - 21 SUR',11,11,'madeorbegozo@hotmail.com','$2a$07$SZSMZPrEU2XQR6WBD4WImuTvq7la1v1oYu6tsm13X1QZf88NbEKYy'),(52444147,'Hilda Lucy Rubiano Mosquera','CR 99A 72-43 SUR CS 201',24,24,'lucecita_029@hotmail.com','$2a$07$SZSMZPrEU2XQR6WBD4WImuTvq7la1v1oYu6tsm13X1QZf88NbEKYy'),(52451051,'Maria Del Carmen Lopez','CRA 13 ESTE # 31A - 56',21,21,'carmencita2112_ @hotmail.com','$2a$07$SZSMZPrEU2XQR6WBD4WImuTvq7la1v1oYu6tsm13X1QZf88NbEKYy'),(52464684,'Yakeline Moreno Romero','TV 32A # 34 - 77 T. 21 AP. 1082',23,23,'yakyboll1979@hotmail.com','$2a$07$SZSMZPrEU2XQR6WBD4WImuTvq7la1v1oYu6tsm13X1QZf88NbEKYy'),(52471606,'Jenny Milena Correa','CLL 11 # 9 - 64 SUR',17,17,'jennymilenacorrea@yahoo.es','$2a$07$SZSMZPrEU2XQR6WBD4WImuTvq7la1v1oYu6tsm13X1QZf88NbEKYy'),(52487249,'Sandra Patricia Rincon Rojas','AV. CRA 72 # 24C - 34 IN. 3 AP. 705',23,23,'sandrarincon11@hotmail.com','$2a$07$SZSMZPrEU2XQR6WBD4WImuTvq7la1v1oYu6tsm13X1QZf88NbEKYy'),(52491735,'Liliana Ramirez Ortiz','TV 6 ESTE # 83 - 18 SUR',2,1,'4_velin97@hotmail.com','$2a$07$SZSMZPrEU2XQR6WBD4WImuTvq7la1v1oYu6tsm13X1QZf88NbEKYy'),(52520076,'Azucena Acero Sanchez','CRA 78 # 42G - 60 AP. 323',16,16,'azucenita075@hotmail.com','$2a$07$SZSMZPrEU2XQR6WBD4WImuTvq7la1v1oYu6tsm13X1QZf88NbEKYy'),(52546005,'Claudia Rodriguez Rubio','CLL 58 SUR # 89 - 59',9,9,'flakis7928@hotmail.com','$2a$07$SZSMZPrEU2XQR6WBD4WImuTvq7la1v1oYu6tsm13X1QZf88NbEKYy'),(52554647,'Olga Lucia Martinez Pinilla','CLL 65C # 83 - 36',11,11,'olgaluma6@gmail.com','$2a$07$SZSMZPrEU2XQR6WBD4WImuTvq7la1v1oYu6tsm13X1QZf88NbEKYy'),(52555587,'Rosalba Rojas Canchon','CRA 151B # 38 - 60',12,12,'rosalbarojas@gmail.com','$2a$07$SZSMZPrEU2XQR6WBD4WImuTvq7la1v1oYu6tsm13X1QZf88NbEKYy'),(52635081,'Sonia Isabel Cruz Triviño','CLL 57X # 77B - 16 SUR',9,9,'soniatrivino241@gmail.com','$2a$07$SZSMZPrEU2XQR6WBD4WImuTvq7la1v1oYu6tsm13X1QZf88NbEKYy'),(52706434,'Carolina Marquez Corchuelo','DG 85A # 102 - 50 IN. 9 AP. 101',9,9,'carito809910@hotmail.com','$2a$07$SZSMZPrEU2XQR6WBD4WImuTvq7la1v1oYu6tsm13X1QZf88NbEKYy'),(52713475,'Xiomara Patricia Ramirez Rozo','CRA 55 # 67A - 56',21,21,'xiomararamirezrozo@hotmail.com','$2a$07$SZSMZPrEU2XQR6WBD4WImuTvq7la1v1oYu6tsm13X1QZf88NbEKYy'),(52718464,'Maria Cristina Bernal Rodriguez','CRA 3 # 1C - 18 T. 8 AP. 502',22,22,'mariacris24demayo@hotmail.com','$2a$07$SZSMZPrEU2XQR6WBD4WImuTvq7la1v1oYu6tsm13X1QZf88NbEKYy'),(52747769,'Deysi Lorena Arteaga Rincon','CLL 7 # 90 - 81',23,23,'loreart11@hotmail.com','$2a$07$SZSMZPrEU2XQR6WBD4WImuTvq7la1v1oYu6tsm13X1QZf88NbEKYy'),(52755060,'Maria Paola Alarcon Pineda','CLL 69A BIS # 79C - 27',2,1,'cmap5@hotmail.com','$2a$07$SZSMZPrEU2XQR6WBD4WImuTvq7la1v1oYu6tsm13X1QZf88NbEKYy'),(52765481,'Adriana Lizeth Chabur Baron','CRA 4E #30 - 77 IN. 9 AP. 102',4,4,'adrianachabur@hotmail.com','$2a$07$SZSMZPrEU2XQR6WBD4WImuTvq7la1v1oYu6tsm13X1QZf88NbEKYy'),(52771048,'Lida Gisella Mahecha Ariza','CRA 81F # 51A - 12 SUR',20,20,'pochita-29@hotmail.com','$2a$07$SZSMZPrEU2XQR6WBD4WImuTvq7la1v1oYu6tsm13X1QZf88NbEKYy'),(52771925,'Gladis Rubio Leon','CLL 56 SUR # 81J - 40',19,19,'gladysrubi@hotmail.com','$2a$07$SZSMZPrEU2XQR6WBD4WImuTvq7la1v1oYu6tsm13X1QZf88NbEKYy'),(52773489,'Sandra Bibiana Moreno Torres','CLL 54C # 94A - 11 SUR',20,20,'bibimoreno81@hotmail.com','$2a$07$SZSMZPrEU2XQR6WBD4WImuTvq7la1v1oYu6tsm13X1QZf88NbEKYy'),(52774896,'Liliana Patricia Gonzalez Molina','CRA 78 6 61 SUR',10,10,'hicary@hotmail.com','$2a$07$SZSMZPrEU2XQR6WBD4WImuTvq7la1v1oYu6tsm13X1QZf88NbEKYy'),(52775529,'Karol Yesenia Ospina Avila','CLL 46A SUR # 86 - 41 CS. 467',6,6,'yeseniaospina81@hotmail.com','$2a$07$SZSMZPrEU2XQR6WBD4WImuTvq7la1v1oYu6tsm13X1QZf88NbEKYy'),(52787851,'Jenny Alejandra Garzon Trujillo','CRA 108 # 22H - 21',16,16,'jennygarzont@gmail.com','$2a$07$SZSMZPrEU2XQR6WBD4WImuTvq7la1v1oYu6tsm13X1QZf88NbEKYy'),(52804712,'Martha Jineth Cortes Quintero','CRA 55A 186A 30 CS 67',2,1,'jineth1325@hotmail.com','$2a$07$SZSMZPrEU2XQR6WBD4WImuTvq7la1v1oYu6tsm13X1QZf88NbEKYy'),(52806857,'Margarita Mejia Naranjo','CRA 98 # 2 - 32 IN. 16 AP. 502',20,20,'margaritamejia.juli26@gmail.com','$2a$07$SZSMZPrEU2XQR6WBD4WImuTvq7la1v1oYu6tsm13X1QZf88NbEKYy'),(52807002,'Diana Marcela Dueñas Garzon','CLL 78D # 111D - 08',21,21,'dimaduga@hotmail.com','$2a$07$SZSMZPrEU2XQR6WBD4WImuTvq7la1v1oYu6tsm13X1QZf88NbEKYy'),(52861953,'Luz Stella Suarez Gonzalez','TV 1 # 70 - 67 SUR',14,14,'stellasuarez21981@hotmail.com','$2a$07$SZSMZPrEU2XQR6WBD4WImuTvq7la1v1oYu6tsm13X1QZf88NbEKYy'),(52971595,'Viviana Rubiano Guerrero','CRA 92 # 40 46 SUR',9,9,'viviana.925@hotmail.com','$2a$07$SZSMZPrEU2XQR6WBD4WImuTvq7la1v1oYu6tsm13X1QZf88NbEKYy'),(52981719,'Sandra Milena Mayorga Rodriguez','CLL 52 SUR # 97C - 20',21,21,'sandramile.mayorga@gmail.com','$2a$07$SZSMZPrEU2XQR6WBD4WImuTvq7la1v1oYu6tsm13X1QZf88NbEKYy'),(53007320,'Maria Ruby Contreras Romero','CLL 17 # 38 - 168 T. 11 AP. 603',14,14,'ruby.083@hotmail.com','$2a$07$SZSMZPrEU2XQR6WBD4WImuTvq7la1v1oYu6tsm13X1QZf88NbEKYy'),(53010005,'Luz Ayden Suarez Montañez','CRA 61 # 191A - 35',20,20,'www.linda198304@live.com','$2a$07$SZSMZPrEU2XQR6WBD4WImuTvq7la1v1oYu6tsm13X1QZf88NbEKYy'),(53010997,'Yenny Yurany Avila Anzola','CRA 19A # 01 - 175 BL. 43 AP. 402',4,4,'sharith2011@hotmail.com','$2a$07$SZSMZPrEU2XQR6WBD4WImuTvq7la1v1oYu6tsm13X1QZf88NbEKYy'),(53042029,'Sandra Marcela Herrera Zamora','CRA 5T # 48N - 15 SUR',2,1,'sanpau0215@gmail.com','$2a$07$SZSMZPrEU2XQR6WBD4WImuTvq7la1v1oYu6tsm13X1QZf88NbEKYy'),(53054115,'Jury Jazmin Santana Reina','CLL 135A # 106 - 39',15,15,'yury848@hotmail.com','$2a$07$SZSMZPrEU2XQR6WBD4WImuTvq7la1v1oYu6tsm13X1QZf88NbEKYy'),(53075903,'Mary Luz Cubillos Villamil','CRA 81I # 42I - 11 SUR',9,9,'maryc.v12@hotmail.com','$2a$07$SZSMZPrEU2XQR6WBD4WImuTvq7la1v1oYu6tsm13X1QZf88NbEKYy'),(53080455,'Monica Isabel Tejedor','CLL 57Z # 75D - 10 SUR CS. 86',24,24,'monica.tejedor@hotmail.com','$2a$07$SZSMZPrEU2XQR6WBD4WImuTvq7la1v1oYu6tsm13X1QZf88NbEKYy'),(53089936,'Luz Stella Montañez','CRA 15B # 4C 40 SUR T6 AP 604',20,20,'dilansantiagol261@gmail.com','$2a$07$SZSMZPrEU2XQR6WBD4WImuTvq7la1v1oYu6tsm13X1QZf88NbEKYy'),(63370086,'Flor Elisa Romero','CLL 14B # 117 - 19 CS. 234',10,10,'charles21535@gmail.com','$2a$07$SZSMZPrEU2XQR6WBD4WImuTvq7la1v1oYu6tsm13X1QZf88NbEKYy'),(63434774,'Neida Sierra Torres','CRA 113B # 153 - 20 T.21 AP. 101',7,7,'neidast@hotmail.com','$2a$07$SZSMZPrEU2XQR6WBD4WImuTvq7la1v1oYu6tsm13X1QZf88NbEKYy'),(63453273,'Danis Janeth Anillo Aguirre','CRA 90A # 40 34',7,7,'janethaguirre03@gmail.com','$2a$07$SZSMZPrEU2XQR6WBD4WImuTvq7la1v1oYu6tsm13X1QZf88NbEKYy'),(65556211,'Nury Stella Figueroa Prada','CRA 147A # 142F - 39',6,6,'nury2006-@outlook.es','$2a$07$SZSMZPrEU2XQR6WBD4WImuTvq7la1v1oYu6tsm13X1QZf88NbEKYy'),(65556698,'Elizabeth Quintero Ospina','CLL 41H SUR # 80F - 51',22,22,'jhoanse.gutierrez@gmail.com','$2a$07$SZSMZPrEU2XQR6WBD4WImuTvq7la1v1oYu6tsm13X1QZf88NbEKYy'),(65557234,'Julia Marcela Cabezas Rodriguez','CLL 42I # 81G - 53 SUR',16,16,'marce-2307@outlook.es','$2a$07$SZSMZPrEU2XQR6WBD4WImuTvq7la1v1oYu6tsm13X1QZf88NbEKYy'),(65703414,'Gerly Rocio Calderon Heredia','CRA 95 # 72 46 SUR CS 76',5,5,'cgerly@hotmail.com','$2a$07$SZSMZPrEU2XQR6WBD4WImuTvq7la1v1oYu6tsm13X1QZf88NbEKYy'),(65791678,'Aleida Patricia Romero Oviedo','CLL 43 # 42 - 16 ESTE',10,10,'aleida041@gmail.com','$2a$07$SZSMZPrEU2XQR6WBD4WImuTvq7la1v1oYu6tsm13X1QZf88NbEKYy'),(65798258,'Maria Del Pilar Triana','CRA 69D # 1 - 50 SUR T. 1 AP. 602',20,20,'ciromorenorodriguez1@hotmail.com','$2a$07$SZSMZPrEU2XQR6WBD4WImuTvq7la1v1oYu6tsm13X1QZf88NbEKYy'),(70518650,'Pedro Javier Calle Echeverri','VEREDA EL TABLACITO FINCA LA COLINA',14,14,'pedrocalle@textilia.com.co','$2a$07$SZSMZPrEU2XQR6WBD4WImuTvq7la1v1oYu6tsm13X1QZf88NbEKYy'),(71240677,'Jose Luis Castillo Caycedo','TV 125A 71 16',3,2,'jlcastillo1106@hotmail.com','$2a$07$SZSMZPrEU2XQR6WBD4WImuTvq7la1v1oYu6tsm13X1QZf88NbEKYy'),(71944762,'Jose Humberto Paramo Rendon','CLL 14A # 78B - 16',20,20,'joserend75@gmail.com','$2a$07$SZSMZPrEU2XQR6WBD4WImuTvq7la1v1oYu6tsm13X1QZf88NbEKYy'),(73564783,'Wilmerson Elias Mier Centeno','CRA 80C # 47 - 84 SUR',16,16,'wilomier@hotmail.com','$2a$07$SZSMZPrEU2XQR6WBD4WImuTvq7la1v1oYu6tsm13X1QZf88NbEKYy'),(74020095,'Luis Eduardo Carrero Tibaduiza','CLL 53A # 80A - 10',5,5,'luiseduardo38@hotmail.com','$2a$07$SZSMZPrEU2XQR6WBD4WImuTvq7la1v1oYu6tsm13X1QZf88NbEKYy'),(77190668,'Edward Enrique Plaza Ramos','CLL 57F # 93C 42 SUR',18,18,'plazaedward@hotmail.com','$2a$07$SZSMZPrEU2XQR6WBD4WImuTvq7la1v1oYu6tsm13X1QZf88NbEKYy'),(79043778,'Luis Alfonso Torres Avila','CRA 72 BIS # 76 - 16',15,15,'alfontorresa@outlook.com','$2a$07$SZSMZPrEU2XQR6WBD4WImuTvq7la1v1oYu6tsm13X1QZf88NbEKYy'),(79044516,'Miguel Angel Rodriguez Sanchez','TV 94D # 89 - 26',3,2,'angelzeus113@hotmail.com','$2a$07$SZSMZPrEU2XQR6WBD4WImuTvq7la1v1oYu6tsm13X1QZf88NbEKYy'),(79103181,'Heriberto Triana Saenz','CLL 81 # 114 - 50 B. 4 AP. 202',7,7,'heribertotriana@gmail.com','$2a$07$SZSMZPrEU2XQR6WBD4WImuTvq7la1v1oYu6tsm13X1QZf88NbEKYy'),(79110458,'Orlando Sanabria Parra','CRA 98A # 22J - 33',22,22,'orsan583@hotmail.com','$2a$07$SZSMZPrEU2XQR6WBD4WImuTvq7la1v1oYu6tsm13X1QZf88NbEKYy'),(79120590,'Rodrigo Pacheco Jaimes','TV 96B # 20D-70',5,5,'rodrigopacheco1402@hotmail.com','$2a$07$SZSMZPrEU2XQR6WBD4WImuTvq7la1v1oYu6tsm13X1QZf88NbEKYy'),(79123559,'Marceliano Rodriguez Palomino','TV 96 # 20A - 40',17,17,'marcel.1412@hotmail.com','$2a$07$SZSMZPrEU2XQR6WBD4WImuTvq7la1v1oYu6tsm13X1QZf88NbEKYy'),(79136241,'Luis Alcadio Sanabria Chaves','CRA 68B BIS # 00 - 28',24,24,'ninguno@hotmail.com','$2a$07$SZSMZPrEU2XQR6WBD4WImuTvq7la1v1oYu6tsm13X1QZf88NbEKYy'),(79137776,'Anthony Alexander Acosta Rodriguez','CRA 100 # 16C - 75 AP.507',12,12,'alexacosta12@hotmail.com','$2a$07$SZSMZPrEU2XQR6WBD4WImuTvq7la1v1oYu6tsm13X1QZf88NbEKYy'),(79138045,'Jaime Alexander Bustos','CRA 3A # 90 - 41 SUR',7,7,'channe_71@hotmail.com','$2a$07$SZSMZPrEU2XQR6WBD4WImuTvq7la1v1oYu6tsm13X1QZf88NbEKYy'),(79162247,'Jose Manuel Benavides Gomez','CLL 12A # 1A - 19',17,17,'jose-b62@yahoo.com.co','$2a$07$SZSMZPrEU2XQR6WBD4WImuTvq7la1v1oYu6tsm13X1QZf88NbEKYy'),(79185639,'Favio Nelson Benitez Gomez','CLL 33 SUR # 89C - 24',24,24,'favionel85@hotmail.com','$2a$07$SZSMZPrEU2XQR6WBD4WImuTvq7la1v1oYu6tsm13X1QZf88NbEKYy'),(79207794,'Juan Manuel Cantor Mojica','CLL 2 SUR # 5A - 23',22,22,'juanmanuelcantormojica@yahoo.com','$2a$07$SZSMZPrEU2XQR6WBD4WImuTvq7la1v1oYu6tsm13X1QZf88NbEKYy'),(79213988,'Edwin Yair Herrera Forero','CRA 73F # 34 - 25 SUR',8,8,'edwinforer@yahoo.com','$2a$07$SZSMZPrEU2XQR6WBD4WImuTvq7la1v1oYu6tsm13X1QZf88NbEKYy'),(79216315,'Carlos Ortiz Ortiz','CLL 2 SUR # 21 - 16',17,17,'carloso082366@gmail.com','$2a$07$SZSMZPrEU2XQR6WBD4WImuTvq7la1v1oYu6tsm13X1QZf88NbEKYy'),(79218304,'John Pablo Cuellar','CLL 10 # 4 - 60',11,11,'jonpi_z@hotmail.com','$2a$07$SZSMZPrEU2XQR6WBD4WImuTvq7la1v1oYu6tsm13X1QZf88NbEKYy'),(79286512,'Arturo Martinez Ruano','CLL 68 # 68A - 92',17,17,'escalibur28@hotmail.com','$2a$07$SZSMZPrEU2XQR6WBD4WImuTvq7la1v1oYu6tsm13X1QZf88NbEKYy'),(79298927,'Jose Daniel Zabaleta Bustos','CRA 63 # 4C - 28',2,1,'1963carros@gmail.com','$2a$07$SZSMZPrEU2XQR6WBD4WImuTvq7la1v1oYu6tsm13X1QZf88NbEKYy'),(79308209,'Pedro Jose Duarte Camargo','CL 43A SUR 72G-75',17,17,'piter.1313@live.com','$2a$07$SZSMZPrEU2XQR6WBD4WImuTvq7la1v1oYu6tsm13X1QZf88NbEKYy'),(79311444,'Gabriel Fierro Morales','CRA 43C # 4F - 27',14,14,'gabrielfierro1969@gmail.com','$2a$07$SZSMZPrEU2XQR6WBD4WImuTvq7la1v1oYu6tsm13X1QZf88NbEKYy'),(79313315,'Jose Edgar Noy Figueroa','CRA 81B # 6B - 50',14,14,'jedgar64@hotmail.com','$2a$07$SZSMZPrEU2XQR6WBD4WImuTvq7la1v1oYu6tsm13X1QZf88NbEKYy'),(79315240,'Humberto Barreiro Motta','CRA 70C # 1 - 86 AP. 326',4,4,'hbarreiro@textilia.com.co','$2a$07$SZSMZPrEU2XQR6WBD4WImuTvq7la1v1oYu6tsm13X1QZf88NbEKYy'),(79319838,'Clemente Calderon Lozano','CLL 5C BIS SUR # 77I - 88 P. 2',24,24,'clementecalderonlo@gmail.com','$2a$07$SZSMZPrEU2XQR6WBD4WImuTvq7la1v1oYu6tsm13X1QZf88NbEKYy'),(79325974,'Ciro Alfonso Moreno Rodriguez','CRA 69D # 1 - 45 SUR T. 1 AP. 602',21,21,'ciromorenorodriguez2@hotmail.com','$2a$07$SZSMZPrEU2XQR6WBD4WImuTvq7la1v1oYu6tsm13X1QZf88NbEKYy'),(79416668,'William Gamez Cano','CRA 99A BIS # 140B - 37',14,14,'limoverdugo@gmail.com','$2a$07$SZSMZPrEU2XQR6WBD4WImuTvq7la1v1oYu6tsm13X1QZf88NbEKYy'),(79443622,'Jose Dario Herreño','CLL 21E # 12A - 56',12,12,'jdh0168@hotmail.com','$2a$07$SZSMZPrEU2XQR6WBD4WImuTvq7la1v1oYu6tsm13X1QZf88NbEKYy'),(79451178,'Henry Zabaleta Mesa','CLL 68F # 49G - 98 SUR',6,6,'henryzabaleta@.com.co','$2a$07$SZSMZPrEU2XQR6WBD4WImuTvq7la1v1oYu6tsm13X1QZf88NbEKYy'),(79453173,'Jairo Hernando Cruz Calderon','CLL 37B # 68C - 71 SUR',6,6,'jairohernandocruz@hotmail.com','$2a$07$SZSMZPrEU2XQR6WBD4WImuTvq7la1v1oYu6tsm13X1QZf88NbEKYy'),(79455600,'Nelson Alfredo Garzon Bonilla','TV 83 # 72 - 33',11,11,'nelsongarzon@textilia.com.co','$2a$07$SZSMZPrEU2XQR6WBD4WImuTvq7la1v1oYu6tsm13X1QZf88NbEKYy'),(79498720,'Javier Francisco Lopez Santos','CRA 86 # 56C - 71 SUR',20,20,'jflsocial@hotmail.com','$2a$07$SZSMZPrEU2XQR6WBD4WImuTvq7la1v1oYu6tsm13X1QZf88NbEKYy'),(79509192,'Tobias Lizarazo Chacon','CLL 44B # 10A - 28 SUR',19,19,'tobiaslizarazo@yahoo.com','$2a$07$SZSMZPrEU2XQR6WBD4WImuTvq7la1v1oYu6tsm13X1QZf88NbEKYy'),(79519007,'Omar Ayala Mayorga','CLL 23 # 7A - 05',16,16,'omarayala8@hotmail.com','$2a$07$SZSMZPrEU2XQR6WBD4WImuTvq7la1v1oYu6tsm13X1QZf88NbEKYy'),(79522529,'William Dustano Babativa Beltran','CLL 71S # 97C - 50',24,24,'brenkysan@hotmail.com','$2a$07$SZSMZPrEU2XQR6WBD4WImuTvq7la1v1oYu6tsm13X1QZf88NbEKYy'),(79526772,'Orlando Alayon Lopez','CRA 4A # 33A - 14 SUR',20,20,'orlandoalayon@hotmail.com','$2a$07$SZSMZPrEU2XQR6WBD4WImuTvq7la1v1oYu6tsm13X1QZf88NbEKYy'),(79528254,'Fernando Chavez Lopez','CLL 40 # 64A - 35 BL. 2 AP. 304',4,4,'ferllanolindo@gmail.com','$2a$07$SZSMZPrEU2XQR6WBD4WImuTvq7la1v1oYu6tsm13X1QZf88NbEKYy'),(79574775,'Jaime Eduardo Moreno Ramirez','CRA 1 ESTE # 45 - 46 SUR',2,1,'jaiedumoreno@hotmail.com','$2a$07$SZSMZPrEU2XQR6WBD4WImuTvq7la1v1oYu6tsm13X1QZf88NbEKYy'),(79576796,'Luis Felipe Ortega Iza','CLL 48 # 5A - 12 ESTE',7,7,'luisortega1970@hotmail.com','$2a$07$SZSMZPrEU2XQR6WBD4WImuTvq7la1v1oYu6tsm13X1QZf88NbEKYy'),(79592970,'Jose Ignacio Cardenas Torres','CRA 3A # 71A - 40 SUR',11,11,'chejoca@gmail.com','$2a$07$SZSMZPrEU2XQR6WBD4WImuTvq7la1v1oYu6tsm13X1QZf88NbEKYy'),(79595078,'Wilson Ariel Gomez Medina','CRA 93 # 73 27',18,18,'wilsonmedina53@gmail.com','$2a$07$SZSMZPrEU2XQR6WBD4WImuTvq7la1v1oYu6tsm13X1QZf88NbEKYy'),(79610552,'Jairo Alonso Rosas Urrea','CLL 39 # 79A - 27 SUR',8,8,'jarurosas@gmail.com','$2a$07$SZSMZPrEU2XQR6WBD4WImuTvq7la1v1oYu6tsm13X1QZf88NbEKYy'),(79611409,'Juan Alonso Ramirez Cardenas','CRA 7 # 1 - 35 SUR',15,15,'dgubellyhm@gmail.com','$2a$07$SZSMZPrEU2XQR6WBD4WImuTvq7la1v1oYu6tsm13X1QZf88NbEKYy'),(79611415,'Ned Giovann Garzon Cantor','CLL 62 # 19B - 13 SUR',6,6,'nedgiova@hotmail.com','$2a$07$SZSMZPrEU2XQR6WBD4WImuTvq7la1v1oYu6tsm13X1QZf88NbEKYy'),(79614344,'Ricardo Ortega Romero','CLL56F # 71D - 19 SUR',23,23,'ortega631@gmail.com','$2a$07$SZSMZPrEU2XQR6WBD4WImuTvq7la1v1oYu6tsm13X1QZf88NbEKYy'),(79620396,'Leonel Peña Ardila','CLL 136A # 152A - 52',12,12,'leonel73@hotmail.com','$2a$07$SZSMZPrEU2XQR6WBD4WImuTvq7la1v1oYu6tsm13X1QZf88NbEKYy'),(79620512,'John Jairo Gomez Aguilar','CLL 46A SUR # 86 - 41 IN. 336',8,8,'johngo428@hotmail.com','$2a$07$SZSMZPrEU2XQR6WBD4WImuTvq7la1v1oYu6tsm13X1QZf88NbEKYy'),(79633721,'Leonardo Lozano Esguerra','CRA 139 # 95 - 90 IN. 1 AP. 302',11,11,'leonardolozano30@hotmail.com','$2a$07$SZSMZPrEU2XQR6WBD4WImuTvq7la1v1oYu6tsm13X1QZf88NbEKYy'),(79636860,'Nelson Lizarazo Martin','CLL 7 # 19 - 98 SUR',10,10,'nelson_lizarazo@hotmail.com','$2a$07$SZSMZPrEU2XQR6WBD4WImuTvq7la1v1oYu6tsm13X1QZf88NbEKYy'),(79652404,'Hernando Gutierrez Ibarra','CRA 79F # 13A - 10',9,9,'hgutierrezibarra@terra.com','$2a$07$SZSMZPrEU2XQR6WBD4WImuTvq7la1v1oYu6tsm13X1QZf88NbEKYy'),(79659331,'Rudy Carreño Silva','CRA 32 # 39 90',15,15,'rudyjaviert3@gmail.com','$2a$07$SZSMZPrEU2XQR6WBD4WImuTvq7la1v1oYu6tsm13X1QZf88NbEKYy'),(79667123,'Orlando Palacios Patiño','CLL 62A # 1 37 BIS',24,24,'mariajoel1131@hotmail.com','$2a$07$SZSMZPrEU2XQR6WBD4WImuTvq7la1v1oYu6tsm13X1QZf88NbEKYy'),(79668440,'Arnulfo Ibarra Tao','CRA 70B # 5B - 06',12,12,'arnulfo5474@gmail.com','$2a$07$SZSMZPrEU2XQR6WBD4WImuTvq7la1v1oYu6tsm13X1QZf88NbEKYy'),(79719720,'Francisco Javier Nieto Arias','CLL 4 SUR # 4G - 116 M. 37 CS. 61',4,4,'pachotex-33@hotmail.com','$2a$07$SZSMZPrEU2XQR6WBD4WImuTvq7la1v1oYu6tsm13X1QZf88NbEKYy'),(79719825,'Luis Carlos Tellez Sanchez','CLL 65 SUR # 100A - 40 CS. 168',22,22,'valvis_251@hotmail.com','$2a$07$SZSMZPrEU2XQR6WBD4WImuTvq7la1v1oYu6tsm13X1QZf88NbEKYy'),(79732490,'Nestor Eduardo Gamba Vasquez','CRA 93D # 6 - 80 T. 4 AP. 304',16,16,'nenon28@hotmail.com','$2a$07$SZSMZPrEU2XQR6WBD4WImuTvq7la1v1oYu6tsm13X1QZf88NbEKYy'),(79739381,'Vicente Javier Bonilla Garcia','CLL 6 BIS # 90A - 50 T. 9 AP. 502',2,1,'vicent-jab@hotmail.com','$2a$07$SZSMZPrEU2XQR6WBD4WImuTvq7la1v1oYu6tsm13X1QZf88NbEKYy'),(79771382,'Jaime Tibavizco Quintero','CRA 76 BIS # 69 - 09',3,2,'jaimecelulares@hotmail.com','$2a$07$SZSMZPrEU2XQR6WBD4WImuTvq7la1v1oYu6tsm13X1QZf88NbEKYy'),(79805914,'Carlos Andres Castiblanco Tafur','CLL 63A SUR 65 08',12,12,'carlosandres32@hotmail.com','$2a$07$SZSMZPrEU2XQR6WBD4WImuTvq7la1v1oYu6tsm13X1QZf88NbEKYy'),(79815642,'Jaime Arturo Giraldo Romero','CRA 16 ESTE # 77 - 28 SUR AP. 101',4,4,'jaimeg07@hotmail.com','$2a$07$SZSMZPrEU2XQR6WBD4WImuTvq7la1v1oYu6tsm13X1QZf88NbEKYy'),(79821029,'Omar Fernando Rodriguez Castiblanco','CRA 90C # 6A - 67 CS. 22',17,17,'omarferodriguez@hotmail.com','$2a$07$SZSMZPrEU2XQR6WBD4WImuTvq7la1v1oYu6tsm13X1QZf88NbEKYy'),(79845890,'Wilson Aguilar Jimenez','CLL 54F # 87J - 35',17,17,'wilson_aguilar77@hotmail.com','$2a$07$SZSMZPrEU2XQR6WBD4WImuTvq7la1v1oYu6tsm13X1QZf88NbEKYy'),(79846488,'Jose Ricardo Cubillos Camacho','CRA 97F # 26 - 71 SUR CS. 363',22,22,'ricky.0217@hotmail.com','$2a$07$SZSMZPrEU2XQR6WBD4WImuTvq7la1v1oYu6tsm13X1QZf88NbEKYy'),(79852368,'Hernan Antonio Chaves Gomez','CLL 1 SUR # 68A - 04',21,21,'an-chagom@hotmail.com','$2a$07$SZSMZPrEU2XQR6WBD4WImuTvq7la1v1oYu6tsm13X1QZf88NbEKYy'),(79857067,'Jhorman Romero Figueroa','CLL 7 # 94 - 79 CS. 8',21,21,'jromero26@hotmail.com','$2a$07$SZSMZPrEU2XQR6WBD4WImuTvq7la1v1oYu6tsm13X1QZf88NbEKYy'),(79882149,'Felix Lopez Aguillon','CLL 50 BIS SUR # 89A - 46',19,19,'lopezfelix44@yahoo.com.co','$2a$07$SZSMZPrEU2XQR6WBD4WImuTvq7la1v1oYu6tsm13X1QZf88NbEKYy'),(79891559,'Jose Ivan Linares Ubaque','CRA 8C BIS # 38 - 35 SUR ESTE',18,18,'bambam.19@hotmail.com','$2a$07$SZSMZPrEU2XQR6WBD4WImuTvq7la1v1oYu6tsm13X1QZf88NbEKYy'),(79894409,'Rigoberto Hernandez Caro','DG 51C BIS # 27 - 57',20,20,'isaias.333@hotmail.com','$2a$07$SZSMZPrEU2XQR6WBD4WImuTvq7la1v1oYu6tsm13X1QZf88NbEKYy'),(79915238,'Ricardo Enrique Chaparro Macias','CLL 142C # 141B - 60 CS. 69',2,1,'rikardo11ch@hotmail.com','$2a$07$SZSMZPrEU2XQR6WBD4WImuTvq7la1v1oYu6tsm13X1QZf88NbEKYy'),(79968212,'Rolando Bolaños Muñoz','TV 70 # 67B - 80 SUR',6,6,'rolando200930@hotmail.com','$2a$07$SZSMZPrEU2XQR6WBD4WImuTvq7la1v1oYu6tsm13X1QZf88NbEKYy'),(79973678,'Jorge Enrique Ortiz Sabogal','CLL 37A # 2B - 48',14,14,'jorgekike26@hotmail.com','$2a$07$SZSMZPrEU2XQR6WBD4WImuTvq7la1v1oYu6tsm13X1QZf88NbEKYy'),(79976971,'Roger Damilton Guevara Castillo','DG 73 SUR # 78A - 51',12,12,'damiltonbrandi@gmail.com','$2a$07$SZSMZPrEU2XQR6WBD4WImuTvq7la1v1oYu6tsm13X1QZf88NbEKYy'),(79985734,'Luis Ernesto Mendez Matiz','CRA 64 # 4B - 04 P. 1',2,1,'luermema1@yahoo.com','$2a$07$SZSMZPrEU2XQR6WBD4WImuTvq7la1v1oYu6tsm13X1QZf88NbEKYy'),(79993201,'Cesar Alejandro Ortiz Navas','TV 79C # 69A - 03 SUR',7,7,'caon@hotmail.com','$2a$07$SZSMZPrEU2XQR6WBD4WImuTvq7la1v1oYu6tsm13X1QZf88NbEKYy'),(79995477,'Edixon Ramon Diaz Caballero','CLL 72 SUR  # 104 - 41 BL. 7 CS. 1',6,6,'edixon_diaz@hotmail.com','$2a$07$SZSMZPrEU2XQR6WBD4WImuTvq7la1v1oYu6tsm13X1QZf88NbEKYy'),(79999933,'Carlos Javier Martinez Guzman','DG 49 SUR # 86 - 40',8,8,'car.javi1024@hotmail.com','$2a$07$SZSMZPrEU2XQR6WBD4WImuTvq7la1v1oYu6tsm13X1QZf88NbEKYy'),(80006394,'Lazaro Alfonso Lopez Ruiz','CRA 19A # 159 - 70 IN. 4 AP 501',6,6,'lazarol6797@gmail.com','$2a$07$SZSMZPrEU2XQR6WBD4WImuTvq7la1v1oYu6tsm13X1QZf88NbEKYy'),(80007353,'Alexander Montañez Rivera','CRA 72M BIS A # 45 - 29 SUR',14,14,'alexmontariver@hotmail.com','$2a$07$SZSMZPrEU2XQR6WBD4WImuTvq7la1v1oYu6tsm13X1QZf88NbEKYy'),(80009068,'William Quiroz Restrepo','CRA 53C BIS # 5B - 22',19,19,'wquirozrestrepo@gmail.com','$2a$07$SZSMZPrEU2XQR6WBD4WImuTvq7la1v1oYu6tsm13X1QZf88NbEKYy'),(80012366,'Boris Andres Padilla Garzon','CL 37A SUR # 87F-09',22,22,'borisandres12@hotmail.com','$2a$07$SZSMZPrEU2XQR6WBD4WImuTvq7la1v1oYu6tsm13X1QZf88NbEKYy'),(80012375,'Eduar Giovanni Guacaneme Vanegas','CLL 36 # 1 - 86 ESTE',18,18,'giovanny1235@hotmail.com','$2a$07$SZSMZPrEU2XQR6WBD4WImuTvq7la1v1oYu6tsm13X1QZf88NbEKYy'),(80020210,'Frank Romero Figueroa','CLL 7 # 94 - 79',10,10,'frank.kreatorhotmail.com','$2a$07$SZSMZPrEU2XQR6WBD4WImuTvq7la1v1oYu6tsm13X1QZf88NbEKYy'),(80022643,'Edgar Montaño Orduña','CLL 75 # 27B - 45 AP. 101',3,2,'edgar.montaño790602@gmail.com','$2a$07$SZSMZPrEU2XQR6WBD4WImuTvq7la1v1oYu6tsm13X1QZf88NbEKYy'),(80027738,'Javier Alejandro Castillo Galindo','CRA 81A # 72A - 14',23,23,'jabica10@yahoo.com','$2a$07$SZSMZPrEU2XQR6WBD4WImuTvq7la1v1oYu6tsm13X1QZf88NbEKYy'),(80035533,'Jaime Rueda','CLL 7B BIS # 80A - 68',5,5,'jaimerueda_2011@hotmail.com','$2a$07$SZSMZPrEU2XQR6WBD4WImuTvq7la1v1oYu6tsm13X1QZf88NbEKYy'),(80048450,'Jorge Enrique Pineda Alfonso','CRA 10 ESTE # 19A - 72',12,12,'jorge.mecha79@hotmail.com','$2a$07$SZSMZPrEU2XQR6WBD4WImuTvq7la1v1oYu6tsm13X1QZf88NbEKYy'),(80057132,'Jerry Alexander Neira Meneses','CLL 17A # 1A - 04 ESTE',19,19,'jerryson1179@hotmail.com','$2a$07$SZSMZPrEU2XQR6WBD4WImuTvq7la1v1oYu6tsm13X1QZf88NbEKYy'),(80127093,'Steak Lizcano Aguja','AV CLL 68S # 70D - 71 T. 3 AP. 2508',12,12,'steaklizcano@ustadistancia.edu.co','$2a$07$SZSMZPrEU2XQR6WBD4WImuTvq7la1v1oYu6tsm13X1QZf88NbEKYy'),(80138247,'Roberto Duque Turriago','CLL 10 # 5 - 32',11,11,'ar.ley.12@hotmail.com','$2a$07$SZSMZPrEU2XQR6WBD4WImuTvq7la1v1oYu6tsm13X1QZf88NbEKYy'),(80142629,'Jhon Miller Uchubo Silva','CRA 85D 67 72 SUR',20,20,'uchubohannah@gmail.com','$2a$07$SZSMZPrEU2XQR6WBD4WImuTvq7la1v1oYu6tsm13X1QZf88NbEKYy'),(80146438,'Paulo Enrique Lesmes Moreno','CLL 56 SUR # 81J - 40 IN. 14 AP. 102',21,21,'miquitopelm@gmail.com','$2a$07$SZSMZPrEU2XQR6WBD4WImuTvq7la1v1oYu6tsm13X1QZf88NbEKYy'),(80149430,'Robert William Rodriguez Cristancho','CRA 78 # 42G - 60 IN. 8 AP. 323',12,12,'will.8020@hotmail.com','$2a$07$SZSMZPrEU2XQR6WBD4WImuTvq7la1v1oYu6tsm13X1QZf88NbEKYy'),(80158021,'Miguel Angel Tejero Gutierrez','CRA 81J # 56A - 86 SUR IN. 12 AP. 301',18,18,'migue3310@hotmail.com','$2a$07$SZSMZPrEU2XQR6WBD4WImuTvq7la1v1oYu6tsm13X1QZf88NbEKYy'),(80159182,'Marco Alirio Parra Barreto','CRA 109 # 38-13',18,18,'marcoa8224@yahoo.com.co','$2a$07$SZSMZPrEU2XQR6WBD4WImuTvq7la1v1oYu6tsm13X1QZf88NbEKYy'),(80159722,'John Alexander Piñeros Duarte','DG 16B # 104A - 17 IN. 2 AP. 304',23,23,'jhonalexander@hotmail.com','$2a$07$SZSMZPrEU2XQR6WBD4WImuTvq7la1v1oYu6tsm13X1QZf88NbEKYy'),(80178527,'John Jairo Wilches Scarpeta','CLL 145B BIS # 84B - 23',5,5,'laquimer2910@hotmail.com','$2a$07$SZSMZPrEU2XQR6WBD4WImuTvq7la1v1oYu6tsm13X1QZf88NbEKYy'),(80179426,'Jose Edinson Cobos Bayona','CRA 140A # 132D - 09',9,9,'eking125@hotmail.com','$2a$07$SZSMZPrEU2XQR6WBD4WImuTvq7la1v1oYu6tsm13X1QZf88NbEKYy'),(80230048,'Ervin Leonardo Garzon Duarte','TV 72C BIS # 44F - 25',10,10,'leogar8@hotmail.com','$2a$07$SZSMZPrEU2XQR6WBD4WImuTvq7la1v1oYu6tsm13X1QZf88NbEKYy'),(80230119,'Daniel Hernan Ortegon Gomez','TV 1D SUR # 77 - 61 IN. 1',13,13,'danielaortegon2009@hotmail.com','$2a$07$SZSMZPrEU2XQR6WBD4WImuTvq7la1v1oYu6tsm13X1QZf88NbEKYy'),(80230521,'William Ricardo Quintero Riaño','CRA 18G # 77 - 53 SUR',14,14,'willirafe@hotmail.com','$2a$07$SZSMZPrEU2XQR6WBD4WImuTvq7la1v1oYu6tsm13X1QZf88NbEKYy'),(80230786,'Alexander Angarita Trilleras','CLL 69D SUR # 4 - 18',13,13,'alexanderang09@hotmail.com','$2a$07$SZSMZPrEU2XQR6WBD4WImuTvq7la1v1oYu6tsm13X1QZf88NbEKYy'),(80232354,'Yilbert Aguirre Romero','CRA 33 # 32 - 33 BL. 12 AP. 502',10,10,'yilbertaguirre@gmail.com','$2a$07$SZSMZPrEU2XQR6WBD4WImuTvq7la1v1oYu6tsm13X1QZf88NbEKYy'),(80250846,'Andres Fernando Rubiano Tinoco','CL 32 A 6B 21 ESTE',2,1,'andresrc1116@hotmail.com','$2a$07$SZSMZPrEU2XQR6WBD4WImuTvq7la1v1oYu6tsm13X1QZf88NbEKYy'),(80256049,'Norberto Medina Diaz','CLL 73C # 27B - 37 SUR',3,2,'norbergym@hotmail.com','$2a$07$SZSMZPrEU2XQR6WBD4WImuTvq7la1v1oYu6tsm13X1QZf88NbEKYy'),(80270652,'Orlando Navas Mahecha','CLL 40 # 70A - 25',19,19,'orlando.navas@hotmail.es','$2a$07$SZSMZPrEU2XQR6WBD4WImuTvq7la1v1oYu6tsm13X1QZf88NbEKYy'),(80283853,'Johan Chacon Bohorquez','CRA 14P 76B 21 SUR',6,6,'johanchacon62@gmail.com','$2a$07$SZSMZPrEU2XQR6WBD4WImuTvq7la1v1oYu6tsm13X1QZf88NbEKYy'),(80321613,'Segundo Martinez Arias','DG 70F SUR # 78A - 63',8,8,'martinezarias2007@gmail.com','$2a$07$SZSMZPrEU2XQR6WBD4WImuTvq7la1v1oYu6tsm13X1QZf88NbEKYy'),(80358017,'Jose Luis Rodriguez Lopez','TV 73A BISB 39 96 SUR',4,4,'viivisbrand29@gmail.com','$2a$07$SZSMZPrEU2XQR6WBD4WImuTvq7la1v1oYu6tsm13X1QZf88NbEKYy'),(80378422,'Uber Manuel Leon Jimenez','DG 15A # 99 - 34',21,21,'umal77@hotmail.com','$2a$07$SZSMZPrEU2XQR6WBD4WImuTvq7la1v1oYu6tsm13X1QZf88NbEKYy'),(80381967,'Luis Alberto Rubiano Beltran','CRA 65D # 4 - 74',16,16,'garabatoalberto2015@gmail.com','$2a$07$SZSMZPrEU2XQR6WBD4WImuTvq7la1v1oYu6tsm13X1QZf88NbEKYy'),(80449049,'Carlos Enrique Villamizar Cucaita','TV 7D # 31 - 17 SUR',6,6,'villakrlos.68@hotmail.com','$2a$07$SZSMZPrEU2XQR6WBD4WImuTvq7la1v1oYu6tsm13X1QZf88NbEKYy'),(80470462,'John Alfredo Diaz Vargas','CRA 96 # 129C - 18',17,17,'diazjohn@hotmail.com','$2a$07$SZSMZPrEU2XQR6WBD4WImuTvq7la1v1oYu6tsm13X1QZf88NbEKYy'),(80492727,'Jorge Ivan Martinez Herrera','CRA 90C # 6A - 67 CS. 95',8,8,'herrera74ivan@gmail.com','$2a$07$SZSMZPrEU2XQR6WBD4WImuTvq7la1v1oYu6tsm13X1QZf88NbEKYy'),(80744432,'Otoniel Arias Fajardo','CLL 68C # 48B - 15',2,1,'ottoafrom.12@gmail.com','$2a$07$SZSMZPrEU2XQR6WBD4WImuTvq7la1v1oYu6tsm13X1QZf88NbEKYy'),(80768293,'Giovanny Andres Rojas Orjuela','CRA 8A # 9B - 30 SUR',6,6,'aniojo29@hotmail.com','$2a$07$SZSMZPrEU2XQR6WBD4WImuTvq7la1v1oYu6tsm13X1QZf88NbEKYy'),(80794198,'Ivan Dario Luengas Castañeda','CLL 9C BIS # 68G - 29',19,19,'ing.ivanluengas@hotmail.com','$2a$07$SZSMZPrEU2XQR6WBD4WImuTvq7la1v1oYu6tsm13X1QZf88NbEKYy'),(80797449,'Elkin Andres Rojas Galindo','CL 69B 89A 11 SUR',6,6,'slaifer22@hotmail.com','$2a$07$SZSMZPrEU2XQR6WBD4WImuTvq7la1v1oYu6tsm13X1QZf88NbEKYy'),(80801519,'Wilmar Anderson Prieto Ovalle','CLL 37 # 36 - 121 T. 3 AP. 303',23,23,'ander_1908@hotmail.com','$2a$07$SZSMZPrEU2XQR6WBD4WImuTvq7la1v1oYu6tsm13X1QZf88NbEKYy'),(80824797,'Julio Cesar Ayala Sanchez','CRA 89A BIS # 56 - 36',17,17,'ikary_ 2024@hotmail.com','$2a$07$SZSMZPrEU2XQR6WBD4WImuTvq7la1v1oYu6tsm13X1QZf88NbEKYy'),(80849988,'Nelson Andres Rodriguez Jimenez','CRA 107C # 70 - 63',24,24,'andrerodriguez8405@gmail.com','$2a$07$SZSMZPrEU2XQR6WBD4WImuTvq7la1v1oYu6tsm13X1QZf88NbEKYy'),(91070836,'Luis Fernando Lopez','CLL 48A SUR # 87D - 35',10,10,'elenacastillo1@textilia.com.co','$2a$07$SZSMZPrEU2XQR6WBD4WImuTvq7la1v1oYu6tsm13X1QZf88NbEKYy'),(91104784,'Marlon Mauricio Salazar Rojas','CLL 152B # 58C - 49 T. 2 AP. 201',15,15,'maosalr@textilia.com.co','$2a$07$SZSMZPrEU2XQR6WBD4WImuTvq7la1v1oYu6tsm13X1QZf88NbEKYy'),(91431676,'Luis Eduardo Ruiz Porras','CRA 87I # 34B - 03 SUR',7,7,'eduardoruiz201153@hotmail.com','$2a$07$SZSMZPrEU2XQR6WBD4WImuTvq7la1v1oYu6tsm13X1QZf88NbEKYy'),(91490575,'Brayner Antonio Vargas Cubillos','TV ORIENTAL METROPOLITANO 47 - 36 T. 4 AP. 303',23,23,'brayner_29@hotmail.com','$2a$07$SZSMZPrEU2XQR6WBD4WImuTvq7la1v1oYu6tsm13X1QZf88NbEKYy'),(92641372,'Manuel Enrique Olivero Jimenez','CRA 2 # 30B - 04 IN. 8 AP. 101',10,10,'patriaguas@hotmail.com','$2a$07$SZSMZPrEU2XQR6WBD4WImuTvq7la1v1oYu6tsm13X1QZf88NbEKYy'),(93121623,'Luis Enrique Torrijos Calderon','CRA 18R BIS # 69B - 48 SUR',8,8,'luistorrijos12@hotmail.com','$2a$07$SZSMZPrEU2XQR6WBD4WImuTvq7la1v1oYu6tsm13X1QZf88NbEKYy'),(93155255,'William Ariel Florez Jimenez','CRA 71 # 62A - 25 CS. 130',13,13,'william-florez122@outlook.com','$2a$07$SZSMZPrEU2XQR6WBD4WImuTvq7la1v1oYu6tsm13X1QZf88NbEKYy'),(93207594,'Jesus Emilio Triana Urueña','CRA 79 # 10D - 59 PARQUES DE CASTILLA',16,16,'emiliotu@hotmail.com','$2a$07$SZSMZPrEU2XQR6WBD4WImuTvq7la1v1oYu6tsm13X1QZf88NbEKYy'),(93364079,'Luis Adalver Rivera Ramirez','CRA 52A # 22 - 69 SUR',14,14,'aurocaso3@hotmail.com','$2a$07$SZSMZPrEU2XQR6WBD4WImuTvq7la1v1oYu6tsm13X1QZf88NbEKYy'),(93373691,'Hector Alfonso Millan Fajardo','CRA 22 # 13 - 61 ET. 1 CS. 162',3,2,'hamy42@hotmail.com','$2a$07$SZSMZPrEU2XQR6WBD4WImuTvq7la1v1oYu6tsm13X1QZf88NbEKYy'),(94533675,'Carlos Andres Duarte Narvaez','CRA 12 OESTE # 10 - 50 T. 5 AP. 303',14,14,'carlosduarte@textilia.com.co','$2a$07$SZSMZPrEU2XQR6WBD4WImuTvq7la1v1oYu6tsm13X1QZf88NbEKYy'),(96123704,'William Oswaldo Castellanos Robayo','CRA 72C BIS # 57 - 19',11,11,'wil3019@gmail.com','$2a$07$SZSMZPrEU2XQR6WBD4WImuTvq7la1v1oYu6tsm13X1QZf88NbEKYy'),(98627015,'Jhon Jairo Gomez Feliciano','CRA 111 # 18B - 40',2,1,'jhonvalen4230@hotmail.com','$2a$07$SZSMZPrEU2XQR6WBD4WImuTvq7la1v1oYu6tsm13X1QZf88NbEKYy'),(1000221148,'Cristian Fabian Pulga','CLL 62B SUR 13A ESTE 90',8,8,'cristfp@misena.edu.co','$2a$07$SZSMZPrEU2XQR6WBD4WImuTvq7la1v1oYu6tsm13X1QZf88NbEKYy'),(1001968064,'Yulaimy Mendoza Barcha','CLL 68B # 28 18 SUR',22,22,'andayu03@gmail.com','$2a$07$SZSMZPrEU2XQR6WBD4WImuTvq7la1v1oYu6tsm13X1QZf88NbEKYy'),(1005728320,'Yan Carlos Guzman Prada','CRA 74F 62 03 SUR',3,2,'camiandresg@misena.edu.co','$2a$07$SZSMZPrEU2XQR6WBD4WImuTvq7la1v1oYu6tsm13X1QZf88NbEKYy'),(1007116183,'Lizeth Paola Vides Lopez','CLL 34 # 14 - 00 ESTE',15,15,'liz_videz@hotmail.com','$2a$07$SZSMZPrEU2XQR6WBD4WImuTvq7la1v1oYu6tsm13X1QZf88NbEKYy'),(1007445968,'Leydi Marina Corredor Merchan','CLL 50 SUR # 2 - 28 ESTE',22,22,'xxxxx','$2a$07$SZSMZPrEU2XQR6WBD4WImuTvq7la1v1oYu6tsm13X1QZf88NbEKYy'),(1010191871,'Johan Alberto Merchan Martinez','CRA 12E 89 77 SUR',19,19,'nicolas9026@hotmail.com','$2a$07$SZSMZPrEU2XQR6WBD4WImuTvq7la1v1oYu6tsm13X1QZf88NbEKYy'),(1010193130,'Hebert Fabian Mape Bayona','CLL 69B # 91 - 22',17,17,'titere.9009@hotmail.com','$2a$07$SZSMZPrEU2XQR6WBD4WImuTvq7la1v1oYu6tsm13X1QZf88NbEKYy'),(1012327056,'Sandra Milena Gonzalez Zabala','CRA 78B # 57A - 27 SUR',7,7,'johitan-1212@hotmail.com','$2a$07$SZSMZPrEU2XQR6WBD4WImuTvq7la1v1oYu6tsm13X1QZf88NbEKYy'),(1012344479,'Lizbeth Patricia De La','CRA 9 ESTE # 38 - 23',16,16,'lizbeth-pato@hotmail.com','$2a$07$SZSMZPrEU2XQR6WBD4WImuTvq7la1v1oYu6tsm13X1QZf88NbEKYy'),(1012344880,'Ana Edelmira Futinico Ortiz','CLL 75A SUR # 78 C 45',18,18,'ana-23marz@hotmail.com','$2a$07$SZSMZPrEU2XQR6WBD4WImuTvq7la1v1oYu6tsm13X1QZf88NbEKYy'),(1012345085,'Freddy Armando Chilito Dlgado','CRA 83 BIS # 73F 13',2,1,'fchilitodelgado@gmail.com','$2a$07$SZSMZPrEU2XQR6WBD4WImuTvq7la1v1oYu6tsm13X1QZf88NbEKYy'),(1012345815,'Sandra Marcela Canaria Ortiz','CRA 18 L 11 24',14,14,'manuel_andrade91@hotmail.com','$2a$07$SZSMZPrEU2XQR6WBD4WImuTvq7la1v1oYu6tsm13X1QZf88NbEKYy'),(1012353441,'Diana Marcela Paez Vasquez','CLL 46A BIS  SUR # 16B ESTE 20',5,5,'paezdianamarcela1589@gmail.com','$2a$07$SZSMZPrEU2XQR6WBD4WImuTvq7la1v1oYu6tsm13X1QZf88NbEKYy'),(1012359878,'Elizabeth Sierra Pinzon','DG 149 # 142 72',18,18,'esierra87@misena.edu.co','$2a$07$SZSMZPrEU2XQR6WBD4WImuTvq7la1v1oYu6tsm13X1QZf88NbEKYy'),(1012361797,'Yina Lorena Saenz Lozano','CRA 91D 52B 55 SUR',11,11,'yinazaen21@gmail.com','$2a$07$SZSMZPrEU2XQR6WBD4WImuTvq7la1v1oYu6tsm13X1QZf88NbEKYy'),(1012374504,'Luis Augusto Mejia Lora','CLL 54C SUR 82B 11 CS 120',4,4,'luisanrko@hotmail.com','$2a$07$SZSMZPrEU2XQR6WBD4WImuTvq7la1v1oYu6tsm13X1QZf88NbEKYy'),(1012377678,'Fredy Giovanny Morales Hernandez','CRA 87K BIS # 69A - 17 SUR',11,11,'freddygiov@hotmail.com','$2a$07$SZSMZPrEU2XQR6WBD4WImuTvq7la1v1oYu6tsm13X1QZf88NbEKYy'),(1012384358,'Jhon Breyer Loaiza Jimenez','CLL 78A SUR # 78B - 11 IN. 79 M. 20',3,2,'vieyer33@hotmail.com','$2a$07$SZSMZPrEU2XQR6WBD4WImuTvq7la1v1oYu6tsm13X1QZf88NbEKYy'),(1012407518,'Edwin Alexander Valenzuela Ducuara','CRA 3 ESTE # 110 - 17 SUR',7,7,'firststroke_3@hotmail.com','$2a$07$SZSMZPrEU2XQR6WBD4WImuTvq7la1v1oYu6tsm13X1QZf88NbEKYy'),(1012421425,'Diego Alexander Gonzalez Arbelaez','CLL 2B 11 21 SOACHA',18,18,'diego.039s@hotmail.com','$2a$07$SZSMZPrEU2XQR6WBD4WImuTvq7la1v1oYu6tsm13X1QZf88NbEKYy'),(1012438447,'Bryam Yesid Nope Rodriguez','CRA 4 # 11 BIS 15',2,1,'brianyesid1012gmail.com','$2a$07$SZSMZPrEU2XQR6WBD4WImuTvq7la1v1oYu6tsm13X1QZf88NbEKYy'),(1013626933,'Cesar Augusto Acosta Angulo','CRA 99A # 72 - 43 SUR CS. 117',7,7,'cripto_@hotmail.com','$2a$07$SZSMZPrEU2XQR6WBD4WImuTvq7la1v1oYu6tsm13X1QZf88NbEKYy'),(1013652281,'Omar David Garay Osorio','CRA 40C # 17 - 25',7,7,'odosorio_189@hotmail.com','$2a$07$SZSMZPrEU2XQR6WBD4WImuTvq7la1v1oYu6tsm13X1QZf88NbEKYy'),(1014230693,'Yessenia Katherine Soto Lopez','CRA 104 64F 21',8,8,'yesisot-91@hotmail.com','$2a$07$SZSMZPrEU2XQR6WBD4WImuTvq7la1v1oYu6tsm13X1QZf88NbEKYy'),(1015998704,'Julio Cesar Diaz Rodriguez','CLL 100 16B 49 INT 7',24,24,'juliodiaz1015@gmail.com','$2a$07$SZSMZPrEU2XQR6WBD4WImuTvq7la1v1oYu6tsm13X1QZf88NbEKYy'),(1016013423,'Gina Constanza Cappella Forero','CRA 69B # 24B - 55 IN. 7 AP. 203',17,17,'gina_ccf@hotmail.com','$2a$07$SZSMZPrEU2XQR6WBD4WImuTvq7la1v1oYu6tsm13X1QZf88NbEKYy'),(1016029298,'Bryan Felipe Paz Gutierrez','CLL 22L 123A 07',2,1,'felipe.gutierrez009@gmail.com','$2a$07$SZSMZPrEU2XQR6WBD4WImuTvq7la1v1oYu6tsm13X1QZf88NbEKYy'),(1016094188,'Andres Felipe Pineda Gomez','CLL 65 SUR 94 A 48',13,13,'mayo97199@hotmail.com','$2a$07$SZSMZPrEU2XQR6WBD4WImuTvq7la1v1oYu6tsm13X1QZf88NbEKYy'),(1020723815,'Luis Alberto Suarez Montañez','CRA 5 # 191 - 65',3,2,'luis87_30@hotmail.com','$2a$07$SZSMZPrEU2XQR6WBD4WImuTvq7la1v1oYu6tsm13X1QZf88NbEKYy'),(1020731823,'Jason Romero Zapata','CLL 151A # 45 - 41 IN. 11 AP. 204',15,15,'nemesis276@hotmail.com','$2a$07$SZSMZPrEU2XQR6WBD4WImuTvq7la1v1oYu6tsm13X1QZf88NbEKYy'),(1022330467,'Jehisson Daniel Lemus Suarez','CLL 56C # 87A - 76',15,15,'jeisson_22lemus@hotmail.com','$2a$07$SZSMZPrEU2XQR6WBD4WImuTvq7la1v1oYu6tsm13X1QZf88NbEKYy'),(1022341190,'Lorena Judith Reyes Camacho','CRA 93A # 71 - 49 SUR',22,22,'loreanrk@hotmail.com','$2a$07$SZSMZPrEU2XQR6WBD4WImuTvq7la1v1oYu6tsm13X1QZf88NbEKYy'),(1022369132,'Carolina Cuesta Barreto','CLL 67B # 63 - 45 SUR',2,1,'karolinakuesta46@gmail.com','$2a$07$SZSMZPrEU2XQR6WBD4WImuTvq7la1v1oYu6tsm13X1QZf88NbEKYy'),(1022372770,'Zoraida Stefany Ortiz Corredor','CLL 43 SUR # 72N - 12',18,18,'zoraidaortiz57@gmail.com','$2a$07$SZSMZPrEU2XQR6WBD4WImuTvq7la1v1oYu6tsm13X1QZf88NbEKYy'),(1022378889,'Jose Daniel Zabaleta Lerma','CRA 63 # 4C - 28',10,10,'daimond921021@hotmail.com','$2a$07$SZSMZPrEU2XQR6WBD4WImuTvq7la1v1oYu6tsm13X1QZf88NbEKYy'),(1022426303,'Duban Esteban Torres Gutierrez','CLL 59C 88C 34 SUR',2,1,'dubantg1997@gmail.com','$2a$07$SZSMZPrEU2XQR6WBD4WImuTvq7la1v1oYu6tsm13X1QZf88NbEKYy'),(1022946310,'Norma Constanza Cifuentes Vera','CRA 18 J BIS 7A 39 SUR',4,4,'normis2695@hotmail.com','$2a$07$SZSMZPrEU2XQR6WBD4WImuTvq7la1v1oYu6tsm13X1QZf88NbEKYy'),(1022954550,'Diego Alejandro Prada Fernandez','CLL 108D SUR # 1 - 10E',10,10,'spectrummayo@hotmail.com','$2a$07$SZSMZPrEU2XQR6WBD4WImuTvq7la1v1oYu6tsm13X1QZf88NbEKYy'),(1022967617,'Hugo Alexander Gonzalez Abril','CRA 19A # 01 -17S BL. 43 AP. 402',6,6,'paisaga1991@live.com','$2a$07$SZSMZPrEU2XQR6WBD4WImuTvq7la1v1oYu6tsm13X1QZf88NbEKYy'),(1023867053,'Angela Lucero Peña Salamanca','CLL 60 C SUR 14 39 ESTE',2,1,'luceropenasalamanca@outlook.es','$2a$07$SZSMZPrEU2XQR6WBD4WImuTvq7la1v1oYu6tsm13X1QZf88NbEKYy'),(1023896021,'Jhonatan Camilo Duarte Campos','CRA 1 ESTE 67A 85 SUR',24,24,'jhonatandc90@hotmail.com','$2a$07$SZSMZPrEU2XQR6WBD4WImuTvq7la1v1oYu6tsm13X1QZf88NbEKYy'),(1023900725,'Jonny Fernando Saenz Bernal','CRA 81D # 42 - 04 SUR',23,23,'familiasaenzramirez@hotmail.com','$2a$07$SZSMZPrEU2XQR6WBD4WImuTvq7la1v1oYu6tsm13X1QZf88NbEKYy'),(1024462678,'Diego Fernando Ruiz Ardila','CLL 59B SUR # 48B - 36',19,19,'diegoruiz@textilia.com.co','$2a$07$SZSMZPrEU2XQR6WBD4WImuTvq7la1v1oYu6tsm13X1QZf88NbEKYy'),(1024466642,'Claudia Marcela Casas Rodriguez','CRA 91B # 49D 46 SUR',23,23,'claudiacasasro@gmail.com','$2a$07$SZSMZPrEU2XQR6WBD4WImuTvq7la1v1oYu6tsm13X1QZf88NbEKYy'),(1024468563,'Jose Yamith Hernandez Cumbe','CLL 47A # 54 - 13 ESTE',19,19,'josecumbre1@hotmail.com','$2a$07$SZSMZPrEU2XQR6WBD4WImuTvq7la1v1oYu6tsm13X1QZf88NbEKYy'),(1024476044,'Jefferson Fernando Ramos Sanchez','CLL 74B # 17M - 34 SUR',9,9,'yeyo.fer@hotmail.com','$2a$07$SZSMZPrEU2XQR6WBD4WImuTvq7la1v1oYu6tsm13X1QZf88NbEKYy'),(1024483616,'Juan Manuel Agray Castro','CRA 48F # 68D - 20 SUR',8,8,'agray8808@hotmail.com','$2a$07$SZSMZPrEU2XQR6WBD4WImuTvq7la1v1oYu6tsm13X1QZf88NbEKYy'),(1024490948,'Ana Maria Robayo Velandia','CRA 1B # 13 - 117',7,7,'annirobayo@gmail.com','$2a$07$SZSMZPrEU2XQR6WBD4WImuTvq7la1v1oYu6tsm13X1QZf88NbEKYy'),(1024503984,'Karen Gineth Salgado Galeano','CRA 16F # 17A - 05 SUR',2,1,'karengs179@hotmail.com','$2a$07$SZSMZPrEU2XQR6WBD4WImuTvq7la1v1oYu6tsm13X1QZf88NbEKYy'),(1024543909,'Bernardo Villareal Choconta','CRA 35 # 35 - 11 ESTE',5,5,'craffblinds@hotmail.com','$2a$07$SZSMZPrEU2XQR6WBD4WImuTvq7la1v1oYu6tsm13X1QZf88NbEKYy'),(1026566336,'Mireya Lucia Lopez Linares','CRA 80  7D 05 CASA 126',20,20,'miluloli.unal@gmail.com','$2a$07$SZSMZPrEU2XQR6WBD4WImuTvq7la1v1oYu6tsm13X1QZf88NbEKYy'),(1026591211,'Jorge Andres Andrade Piza','CRA 87 K 54F SUR 17',5,5,'joap97_@hotmail.com','$2a$07$SZSMZPrEU2XQR6WBD4WImuTvq7la1v1oYu6tsm13X1QZf88NbEKYy'),(1030547972,'Cindy Paola Millan','CLL 8 BIS D # 81 - 21',18,18,'cindypaomi@hotmail.com','$2a$07$SZSMZPrEU2XQR6WBD4WImuTvq7la1v1oYu6tsm13X1QZf88NbEKYy'),(1030550404,'Eibano Ibañez Sanchez','CLL 29A SUR 11 54',16,16,'yuyuvivis@hotmail.com','$2a$07$SZSMZPrEU2XQR6WBD4WImuTvq7la1v1oYu6tsm13X1QZf88NbEKYy'),(1030552035,'David Fernando Orjuela Soriano','CLL 55 SUR # 104 - 48',2,1,'guitardafo@gmail.com','$2a$07$SZSMZPrEU2XQR6WBD4WImuTvq7la1v1oYu6tsm13X1QZf88NbEKYy'),(1030555811,'Luis Alejandro Manrique Angel','AV BOYACA # 2 - 28',3,2,'ozzy890401@hotmail.com','$2a$07$SZSMZPrEU2XQR6WBD4WImuTvq7la1v1oYu6tsm13X1QZf88NbEKYy'),(1030615855,'Leidy Consuelo Pulgarin Garzon','CRA 77J # 57H - 21 SUR',16,16,'allisonmariana03@hotmail.com','$2a$07$SZSMZPrEU2XQR6WBD4WImuTvq7la1v1oYu6tsm13X1QZf88NbEKYy'),(1030639357,'Melany Stephania Lee Torres','CRA 73C # 39A - 40 SUR',16,16,'mela.santy2016@gmail.com','$2a$07$SZSMZPrEU2XQR6WBD4WImuTvq7la1v1oYu6tsm13X1QZf88NbEKYy'),(1030668828,'Cindy Yajaira Zabala Vallejo','CLL 36 87 I 47 SUR',19,19,'cindyzabala@hotmail.com','$2a$07$SZSMZPrEU2XQR6WBD4WImuTvq7la1v1oYu6tsm13X1QZf88NbEKYy'),(1031167770,'Gisell Andrea Morales Quiroga','CLL 27 SUR # 27 - 43',15,15,'gamq1015@gmail.com','$2a$07$SZSMZPrEU2XQR6WBD4WImuTvq7la1v1oYu6tsm13X1QZf88NbEKYy'),(1031172124,'Brayan David Torres Rojas','CLL 4 1BIS 28 SOACHA',23,23,'vargashaydeo7@gmail.com','$2a$07$SZSMZPrEU2XQR6WBD4WImuTvq7la1v1oYu6tsm13X1QZf88NbEKYy'),(1032358136,'Jeimy Lorena Rodriguez Lopez','CRA 17F # 71A - 95 SUR CS. 281',20,20,'lore_804@yahoo.com','$2a$07$SZSMZPrEU2XQR6WBD4WImuTvq7la1v1oYu6tsm13X1QZf88NbEKYy'),(1032385124,'Lisette Vanesa Rodriguez Ortiz','CRA 98A 41 37 SUR',17,17,'lizvaroor27@gmail.com','$2a$07$SZSMZPrEU2XQR6WBD4WImuTvq7la1v1oYu6tsm13X1QZf88NbEKYy'),(1032398956,'Juan David Gonzalez Chaparro','CLL 79 SUR # 18H - 80',11,11,'jdavid.e@jhotmail.com','$2a$07$SZSMZPrEU2XQR6WBD4WImuTvq7la1v1oYu6tsm13X1QZf88NbEKYy'),(1032470707,'Jose Jeferson Aya Pinzon','CRA 18D 77A 35 SUR',2,1,'monijeffer24@outlook.es','$2a$07$SZSMZPrEU2XQR6WBD4WImuTvq7la1v1oYu6tsm13X1QZf88NbEKYy'),(1033686811,'Oscar Hernando Gonzalez Quintana','CRA 68 # 57C - 36 SUR',9,9,'ogonzalezquintana@yahoo.com','$2a$07$SZSMZPrEU2XQR6WBD4WImuTvq7la1v1oYu6tsm13X1QZf88NbEKYy'),(1033688019,'Julian Andres Diaz Cardenas','DG 51A # 59 - 46 SUR',2,1,'c_hente@hotmail.es','$2a$07$SZSMZPrEU2XQR6WBD4WImuTvq7la1v1oYu6tsm13X1QZf88NbEKYy'),(1033689466,'Nelson Javier Camargo Bernal','CLL 168 SUR # 15 - 38 SUR',12,12,'nelsonjaviercamargobernal@gmail.com','$2a$07$SZSMZPrEU2XQR6WBD4WImuTvq7la1v1oYu6tsm13X1QZf88NbEKYy'),(1033695619,'Jaime Alberto Cuchimba Quina','CLL 54F SUR # 103 - 50',2,1,'jaime-c@hotmail.com','$2a$07$SZSMZPrEU2XQR6WBD4WImuTvq7la1v1oYu6tsm13X1QZf88NbEKYy'),(1033701519,'Jeison Steve Martinez Alvarez','CRA 4 BIS # 56 - 04 SUR',3,2,'ye_esma@hotmail.com','$2a$07$SZSMZPrEU2XQR6WBD4WImuTvq7la1v1oYu6tsm13X1QZf88NbEKYy'),(1033736822,'Miguel David Galeano Fernandez','CRA 23D 32 A 25 SUR',19,19,'migueldgelfer@hotmail.com','$2a$07$SZSMZPrEU2XQR6WBD4WImuTvq7la1v1oYu6tsm13X1QZf88NbEKYy'),(1033740387,'Camilo Andres Quiroga Niño','CLL 60 SUR 22A 75',5,5,'candresquiroga@hotmail.com','$2a$07$SZSMZPrEU2XQR6WBD4WImuTvq7la1v1oYu6tsm13X1QZf88NbEKYy'),(1039022467,'Ana Cristina Raigosa Trujillo','CRA 50A # 122 - 40',19,19,'anacris1124@hotmail.com','$2a$07$SZSMZPrEU2XQR6WBD4WImuTvq7la1v1oYu6tsm13X1QZf88NbEKYy'),(1047220433,'Carlos Andres Ocampo Pacheco','CLL 45 SUR 72 U 08',13,13,'carlosandresocampopacheco@gmail.com','$2a$07$SZSMZPrEU2XQR6WBD4WImuTvq7la1v1oYu6tsm13X1QZf88NbEKYy'),(1047447974,'Yesenia Herrera Olivares','TV 13B 39B 19',5,5,'yeselamore13@gmail.com','$2a$07$SZSMZPrEU2XQR6WBD4WImuTvq7la1v1oYu6tsm13X1QZf88NbEKYy'),(1047462131,'Mateo Rosario Lozano','CRA 88J # 74A 22 SUR',10,10,'mateorosariolozano1@gmail.com','$2a$07$SZSMZPrEU2XQR6WBD4WImuTvq7la1v1oYu6tsm13X1QZf88NbEKYy'),(1049796767,'Carlos Andres Perilla Vaca','DG 31C SUR # 5 - 35 ESTE',10,10,'carlitosperilla.1991@hotmail.com','$2a$07$SZSMZPrEU2XQR6WBD4WImuTvq7la1v1oYu6tsm13X1QZf88NbEKYy'),(1054090081,'Liliana Paola Guerrero Paez','CRA 15B # 4C - 40',7,7,'pao27guerrero@gmail.com','$2a$07$SZSMZPrEU2XQR6WBD4WImuTvq7la1v1oYu6tsm13X1QZf88NbEKYy'),(1057919344,'Nixon Alejandro Mondragon Mondragon','CLL 43 SUR 72B 45',2,1,'nixonz321@gmail.com','$2a$07$SZSMZPrEU2XQR6WBD4WImuTvq7la1v1oYu6tsm13X1QZf88NbEKYy'),(1065571078,'Moises Alonso Avila Duran','CLL 27 ESTE SUR 11 25 ESTE',15,15,'teg.moravia@hotmail.com','$2a$07$SZSMZPrEU2XQR6WBD4WImuTvq7la1v1oYu6tsm13X1QZf88NbEKYy'),(1065651897,'Javier Alfonso Arias Montero','CRA 95 BIS # 130 34',9,9,'javieralfonsoarias@hotmail.com','$2a$07$SZSMZPrEU2XQR6WBD4WImuTvq7la1v1oYu6tsm13X1QZf88NbEKYy'),(1069052654,'Leidy Alexandra Montalvo Marroquin','CLL 50 BIS SUR # 89A - 46',8,8,'leidymontalvo@yahoo.es','$2a$07$SZSMZPrEU2XQR6WBD4WImuTvq7la1v1oYu6tsm13X1QZf88NbEKYy'),(1069468138,'Carmen Cruz Tamara Osorio','CRA 86A 57B 17 SUR',20,20,'carmen.tamara@hotmail.com','$2a$07$SZSMZPrEU2XQR6WBD4WImuTvq7la1v1oYu6tsm13X1QZf88NbEKYy'),(1069832148,'Jaime Arturo Navia Ramirez','CLL 47B # 81C - 50 SUR',13,13,'arturolds@hotmail.es','$2a$07$SZSMZPrEU2XQR6WBD4WImuTvq7la1v1oYu6tsm13X1QZf88NbEKYy'),(1069832360,'Wbaner Caicedo Rodriguez','CLLE 36 # 2B - 35 CS. 550',10,10,'wbaner12.c@live.com','$2a$07$SZSMZPrEU2XQR6WBD4WImuTvq7la1v1oYu6tsm13X1QZf88NbEKYy'),(1070330390,'Miguel Antonio Gelves Gomez','CLL 80 # 78A 58 SUR',17,17,'cindydayana2201@hotmail.com','$2a$07$SZSMZPrEU2XQR6WBD4WImuTvq7la1v1oYu6tsm13X1QZf88NbEKYy'),(1070975313,'Cesar Bermudez Rocha','CLL 56H 88H 59 SUR',6,6,'ch890511@gmail.com','$2a$07$SZSMZPrEU2XQR6WBD4WImuTvq7la1v1oYu6tsm13X1QZf88NbEKYy'),(1072921188,'Anyi Patricia Castañeda Delgado','CRA 6A ESTE # 88C - 44 SUR',9,9,'patico.1990@gmail.com','$2a$07$SZSMZPrEU2XQR6WBD4WImuTvq7la1v1oYu6tsm13X1QZf88NbEKYy'),(1073705708,'Romario Alfonso Garcia Rodriguez','CRA 22F 62 A 04 SUR',8,8,'romario.-garcia13@hotmail.es','$2a$07$SZSMZPrEU2XQR6WBD4WImuTvq7la1v1oYu6tsm13X1QZf88NbEKYy'),(1074414758,'Edgar Indalecio Acosta','CLL 61A SUR # 93D - 39',4,4,'edgaracosta87@hotmail.com','$2a$07$SZSMZPrEU2XQR6WBD4WImuTvq7la1v1oYu6tsm13X1QZf88NbEKYy'),(1074486527,'Alcidiades Diaz Barrios','CRA 81A # 65A - 52 SUR',2,1,'yaye92.diaz@hotmail.com','$2a$07$SZSMZPrEU2XQR6WBD4WImuTvq7la1v1oYu6tsm13X1QZf88NbEKYy'),(1075254379,'Fidel Andres Narvaez Tapia','CLL 39 SUR 83A 32',5,5,'narva_narvaez@outlook.com','$2a$07$SZSMZPrEU2XQR6WBD4WImuTvq7la1v1oYu6tsm13X1QZf88NbEKYy'),(1075280350,'Fredy Alexander Garcia Lozano','CRA 47A 93 62',12,12,'fredygarcia110@gmail.com','$2a$07$SZSMZPrEU2XQR6WBD4WImuTvq7la1v1oYu6tsm13X1QZf88NbEKYy'),(1077920190,'Ruth Linares Cifuentes','CLL 16B BIS # 97 - 17',21,21,'jhe22i.vir97@hotmail.com','$2a$07$SZSMZPrEU2XQR6WBD4WImuTvq7la1v1oYu6tsm13X1QZf88NbEKYy'),(1078346661,'Nury Paola Rubiano Velasquez','TV 7 # 15 - 51 MA. E IN. 117',5,5,'nuparu88@hotmail.com','$2a$07$SZSMZPrEU2XQR6WBD4WImuTvq7la1v1oYu6tsm13X1QZf88NbEKYy'),(1090500983,'Yerson Vladimir Ramirez Castro','CRA 85 34A SUR 96',4,4,'yerson9640@hotmail.com','$2a$07$SZSMZPrEU2XQR6WBD4WImuTvq7la1v1oYu6tsm13X1QZf88NbEKYy'),(1094939612,'Kevin Stiven Taborda Monterroza','CRA 79 74C 11 SUR',20,20,'estiven1031@hotmail.com','$2a$07$SZSMZPrEU2XQR6WBD4WImuTvq7la1v1oYu6tsm13X1QZf88NbEKYy'),(1100545942,'Duvan Danid Diaz Lozano','CRA 88J 74A 22 SUR',11,11,'mateorosariolozano2@gmail.com','$2a$07$SZSMZPrEU2XQR6WBD4WImuTvq7la1v1oYu6tsm13X1QZf88NbEKYy'),(1101782818,'Elina Piedad Jimenez Arrieta','CRA 8A # 37 - 15 SUR',12,12,'elinajimar@hotmail.com','$2a$07$SZSMZPrEU2XQR6WBD4WImuTvq7la1v1oYu6tsm13X1QZf88NbEKYy'),(1105684097,'Cesar Augusto Sanchez Loaiza','CLL 39A SUR 90A 81',18,18,'loaiza2802@hotmail.com','$2a$07$SZSMZPrEU2XQR6WBD4WImuTvq7la1v1oYu6tsm13X1QZf88NbEKYy'),(1106333510,'Jonathan Rueda Ardila','CLL 76B BIS SUR 14 A 60',10,10,'jonathan19920512@hotmail.com','$2a$07$SZSMZPrEU2XQR6WBD4WImuTvq7la1v1oYu6tsm13X1QZf88NbEKYy'),(1108930598,'Felix Santiago Ramirez','CRA 4P # 52A - 82 SUR',3,2,'felizsantiago25@live.com.ar','$2a$07$SZSMZPrEU2XQR6WBD4WImuTvq7la1v1oYu6tsm13X1QZf88NbEKYy'),(1110175134,'Yineth Katherine Reyes Vera','CRA 80 48 27 SUR',8,8,'paolacamila2109@hotmail.com','$2a$07$SZSMZPrEU2XQR6WBD4WImuTvq7la1v1oYu6tsm13X1QZf88NbEKYy'),(1113783272,'Oscar Hernan Escobar Rojas','CRA 36 # 0 - 35',13,13,'chiquito2000dwa@gmail.com','$2a$07$SZSMZPrEU2XQR6WBD4WImuTvq7la1v1oYu6tsm13X1QZf88NbEKYy'),(1122126991,'Andres Leonardo Diaz Moreno','TV 13 44 32',2,1,'dres177_@hotmail.com','$2a$07$SZSMZPrEU2XQR6WBD4WImuTvq7la1v1oYu6tsm13X1QZf88NbEKYy'),(1123114741,'Nestor Fernando Rodriguez Mora','CRA 80J 73A 28 SUR',21,21,'f.orest25@hotmail.es','$2a$07$SZSMZPrEU2XQR6WBD4WImuTvq7la1v1oYu6tsm13X1QZf88NbEKYy'),(1127390850,'Oscar Alirio Jaimes Collazos','CLL 128D 119D 46',2,1,'oscar02081@outlook.com','$2a$07$SZSMZPrEU2XQR6WBD4WImuTvq7la1v1oYu6tsm13X1QZf88NbEKYy'),(1144128001,'Rigo Adrian Arboleda Sanchez','CLL 74A # 87M - 37 SUR',23,23,'rigoarboleda2015@gmail.com','$2a$07$SZSMZPrEU2XQR6WBD4WImuTvq7la1v1oYu6tsm13X1QZf88NbEKYy'),(1193224506,'Jose Gilberto Bentham Davila','CLL 39 # 83 A 32',18,18,'josebentham@hotmail.com','$2a$07$SZSMZPrEU2XQR6WBD4WImuTvq7la1v1oYu6tsm13X1QZf88NbEKYy');
/*!40000 ALTER TABLE `cliente` ENABLE KEYS */;
UNLOCK TABLES;

--
-- Temporary view structure for view `clientescxruta`
--

DROP TABLE IF EXISTS `clientescxruta`;
/*!50001 DROP VIEW IF EXISTS `clientescxruta`*/;
SET @saved_cs_client     = @@character_set_client;
/*!50503 SET character_set_client = utf8mb4 */;
/*!50001 CREATE VIEW `clientescxruta` AS SELECT 
 1 AS `idCliente`,
 1 AS `nc`,
 1 AS `direccion`,
 1 AS `idRuta`,
 1 AS `nombre`*/;
SET character_set_client = @saved_cs_client;

--
-- Table structure for table `conductor`
--

DROP TABLE IF EXISTS `conductor`;
/*!40101 SET @saved_cs_client     = @@character_set_client */;
/*!50503 SET character_set_client = utf8mb4 */;
CREATE TABLE `conductor` (
  `idConductor` bigint(20) NOT NULL,
  `nombre` varchar(50) NOT NULL,
  `direccion` varchar(100) NOT NULL,
  `fechaIngresoEmpresa` date NOT NULL,
  PRIMARY KEY (`idConductor`)
) ENGINE=InnoDB DEFAULT CHARSET=utf8mb4 COLLATE=utf8mb4_0900_ai_ci;
/*!40101 SET character_set_client = @saved_cs_client */;

--
-- Dumping data for table `conductor`
--

LOCK TABLES `conductor` WRITE;
/*!40000 ALTER TABLE `conductor` DISABLE KEYS */;
INSERT INTO `conductor` VALUES (362189,'Faustino Saenz Veloza','CRA 82B # 13D - 55','1986-02-11'),(456381,'Miguel Angel Mejia Moncaleano','CLL 45C # 22 - 11','1993-09-20'),(1177641,'Victor Julio Pinto Montañez','CRA 86B # 53 - 98 SUR','1987-01-09'),(1298331,'Alcibiades Calderon Jimenez','CLL 70A #  90B - 09','2012-04-09'),(2963993,'Jose Isaias Leon Cardenas','TV 15 # 40B - 19','2008-09-01'),(2995791,'Jose Antonio Bohorquez','CLL 3V SUR # 13A - 27','1994-07-07'),(3008808,'Jayber Rodriguez Paramo','CRA 64 SUR # 80 - 15','2008-09-02'),(3008837,'Arnoldo Garzon Barragan','CRA 19G # 61B - 04 SUR','2012-06-01'),(3048893,'Carlos Tomas Castiblanco Pinzon','CRA 102 # 69 - 34 CS. 98','1994-03-22'),(3057196,'Noel Parra Lozano','CLL 34 # 2B-04 CS. 91','2003-09-11'),(3057304,'Nelson Alexander Pardo Mejia','CRA 87C # 73B - 07 SUR','2011-03-15'),(3057306,'Ferney Lozano Diaz','CLL 4D # 64 - 14','2011-03-02'),(3057308,'Miguel Angel Ramirez Perdomo','CLL 57C # 77H - 81 SUR','2015-10-16'),(3063186,'Hector Mancera Carrillo','CRA 89G # 42F - 53','1983-07-28'),(3101543,'Miguel Nuñez','CLL 10C # 80D - 11','1980-02-28'),(3101774,'Leonidas Garcia Carranza','CRA 89A # 71B - 21 SUR','2002-01-09'),(3102053,'Jose Roberto Carranza Nuñez','CRA 87C # 73B - 07 SUR','2011-03-14'),(3102059,'Henrry Garzon Garcia','CLL 47A # 94 SUR - 08','2002-01-09'),(3102181,'Jose Rodrigo Dominguez Carranza','CRA 10 N 50 B 45 SUR','2017-01-03'),(3140011,'Luis Vicente Villar Padilla','CLL 5A # 86D - 07','1985-10-21'),(3151034,'Aristobulo Hernandez Gomez','CLL 30 # 1 BIS - 02 IN. 22','2000-07-31'),(3202763,'Jose Santos Bermudez Carvajal','CLL 42 # 89A - 20 SUR','2000-05-29'),(3231799,'Jose Arcidio Suta','TV 4B # 88 - 06 SUR','1987-05-26'),(3238795,'Fernando Lopez Aguillon','CLL 14 #  119A - 70','1996-08-15'),(3239103,'Luis Ricardo Caro Mora','CRA 96G BIS A No. 16 D 59','2017-01-04'),(3246007,'Jose Hidalgo Rojas Hernandez','CRA 80B # 42C - 83 SUR','1979-09-12'),(3253632,'Gerardo Diaz Garzon','CRA 88H # 49D - 82','2007-01-15'),(4118856,'Jose Humberto Forero','TV 93 # 22D - 10','1982-11-22'),(4119765,'Jose Campos Zea Figueroa','CRA 78H # 60A - 32 SUR','2007-02-19'),(4248843,'Claudio Ortega Iza','CLL 133 # 154A - 23','2002-01-09'),(4439375,'Miguel Angel Ayala Sanchez','CRA 89BIS A No. 56 36 sur','2017-01-10'),(4568660,'Albeiro De Jesus Diosa','CLL 27 # 7 - 56','2007-03-20'),(4829935,'Mauricio Antonio Moreno Taborda','CRA 68C # 1 - 48','2003-09-11'),(5164598,'Wilson Saenz Jimenez','CLL 38 # 7C - 43','2008-08-19'),(5653394,'Jose Ignocencio Cardenas Mateus','CRA 99C # 42F 40 SUR','2017-01-04'),(5657587,'Hector Julio Luengas Ardila','CLL 41B SUR # 81A - 71','2007-03-20'),(5691671,'Luis Alfonso Prada Anaya','CRA 29C # 27 - 16 SUR','1987-03-20'),(5692207,'Norberto Leal Barajas','CLL 49B SUR # 79F - 42 T. 8 AP. 203','1995-04-25'),(5771028,'Luis Arnold Rojas Rojas','CRA 57H # 77I - 90','2012-05-23'),(5824475,'Nelson David Tique Polania','CLL 76 # 120C 19','2017-01-04'),(5842013,'Carlos Alirio Mendez','TV 14B # 40B - 13','1986-04-14'),(5975849,'Orlando Cardenas Barrero','CRA 77D # 58A - 41 SUR','2000-09-25'),(5991863,'Alvaro Ortiz Ospina','CLL 10 # 4E - 50 M. 6 IN. 3 CS. 17','1999-04-26'),(5992669,'Luis Hernando Ortegon Gutierrez','CLL 133 # 127 - 20 CS. 43','2015-06-01'),(6012606,'Henry Palacio Marin','CLL 69D # 88C 22','1984-06-18'),(6014784,'Juan Fernando Pinzon Marin','TV 53 BIS # 1A - 11','2003-01-09'),(6844101,'Carlos Arturo Lozano Teheran','CLL 35 SUR # 9 - 35','2016-08-08'),(7152649,'Jose Abad Hernandez Fonseca','CLL 51 No. 80 A 40 SUR','2017-01-04'),(7172230,'Edgar Mauricio Espinosa Cruz','CRA 116B No. 23 L 76','2017-01-04'),(7641402,'Jorge Antonio Ramos Alvarez','CRA 93D # 71 - 49 SUR CS. 66','1994-02-14'),(7641483,'Ismael Isaac Peña Moscote','CRA 89 BIS # 59C - 15','2001-07-16'),(7641957,'Edgar Alfonso Ramos Alvarez','CRA 88 # 69A - 24 SUR','2007-02-19'),(7642785,'Alexander Rafael Peña Moscote','CRA 87C # 73B - 07 SUR','2007-03-20'),(8027790,'Sergio Mesa Galeano','CLL 51 # 84 - 50 AP. 307','2016-02-03'),(8168119,'Diober De Jesus Bravo','CLL 68D BIS SUR # 20 A 35','2017-01-04'),(8799241,'Gustavo Alberto Ocampo Pacheco','CLL 47 SUR 72I 48','2017-01-16'),(9282981,'Jairo Padilla Pomares','CL 56A # 78I-14 SUR','1988-01-27'),(9526062,'Noel Vargas Barrera','CRA 86A # 59 - 09','1993-02-10'),(9620218,'Fredy Berney Bohorquez Ruiz','CLL 37B SUR # 68D - 28','2015-02-23'),(10252488,'Hernan Alvarez Gallego','CLL 129D # 103 - 34','1994-02-09'),(11302777,'Dario Cortes Arias','CRA 90A # 5A - 20 SUR','1996-08-16'),(11314597,'Jose Antonio Figueroa Sanchez','CLL 65B # 86 - 86 IN. 11 AP. 503','2004-10-07'),(11412009,'Edwin Giovanni Laverde Novoa','CLL 54C # 95A - 11 SUR','2003-01-09'),(12190023,'Humberto Sanchez Cerquera','CLL 56C SUR # 87A - 19','1995-01-24'),(12199310,'Jose Humberto Manrique Sotto','TR 9 ESTE # 30 - 11 SUR','2011-03-02'),(12256069,'Wilson Fierro Trujillo','CRA 87A # 56D - 06 SUR','1995-01-03'),(13520185,'William Dario Rey Delgado','AV. CRA 50 # 4C - 09','2008-08-04'),(13706193,'Jose Wbaldo Lopez Medina','CLL 12 BIS # 88G - 21 SUR','2007-07-09'),(13951949,'Reinaldo Morales Hernandez','CRA 87K BIS # 69A - 17','2004-09-27'),(13959266,'Waldir Hernandez Ariza','CLL 57 # 86C 19 SUR','2017-01-05'),(14105238,'Rubiel Carrillo Bonilla','CLL 57 BIS # 77 - 19','2012-07-16'),(14248745,'Baudelino Garcia Cruz','CLL 36 # 2B - 35 IN. 369','1996-07-25'),(14317849,'Jaime Trujillo Bustos','CLL 7 # 92A - 51 CS. 91','1982-08-23'),(17129745,'Luis Alfonso Medina Franco','CLL 32C SUR # 15H - 16','1983-06-15'),(18619338,'Jose Noel Duque Toro','CL 77 No. 106 45','2017-01-10'),(19064056,'Abelardo Ochoa Diaz','CARRERA 82 NO. 55-17','2017-01-04'),(19264856,'Rafael Pineda','CLL 43A SUR 72G-75 AP. B-203','1988-03-10'),(19268230,'Alvaro Rodriguez Ramos','CLL 42A BIS SUR # 3B - 31','1986-03-20'),(19286958,'Porfirio De Jesus Ospina','CRA 63 # 90 - 58','1979-10-01'),(19289572,'Jose Alonso Garcia Florez','CLL 152D # 136A - 14 AP.102','1995-02-09'),(19314783,'Arcenio Diaz Manrique','CRA 30 # 12A - 12','1986-07-02'),(19321230,'Jose Orlando Ulloa Marroquin','CLL 80A SUR # 5A - 09 ESTE','1988-06-07'),(19329334,'Augusto Leonidas Romero Alfonso','CRA. 10 ESTE # 30C - 87','2006-04-17'),(19331113,'Jose Antonio Fonseca Peña','CLL 11B BIS A # 78 - 24 AP. 419','1976-03-24'),(19333389,'Octaviano Panadero Moreno','CRA 95J BIS # 95A 82','1978-11-27'),(19353925,'Juan De Jesus Ochoa','CLL 71B # 76 - 50','1983-11-07'),(19356771,'Carlos Alonso Ortiz Malaver','CRA 76A # 14B - 43','1982-06-02'),(19357088,'Miguel Antonio Vargas Cruz','CLL 40 SUR # 91B - 21','1981-04-09'),(19377274,'Jose Aimer Aroca Villarreal','TV 16C # 46 - 85 SUR','2003-01-01'),(19384515,'Rafael Mogollon Gonzalez','CLL 39B # 73F - 43 SUR','1986-07-02'),(19387387,'Rafael Antonio Vargas Pinto','CLL 35A # 4A - 87 SUR','1986-03-06'),(19402237,'Emiro Eliberto Tibaquira Romero','CRA 72M # 42C - 02 SUR','1983-05-10'),(19412571,'Jose Gregorio Castro Romero','CLL 9 # 79 - 81','1981-10-26'),(19413706,'Luis Alberto Castellanos Sanchez','CLL 57H # 71F - 45 IN. 16 AP. 201','1981-01-29'),(19425014,'Alvaro Andrade Arevalo','CLL 18 # 9 - 40 BL. 2 AP. 402','1984-02-15'),(19430086,'Jorge Enrique Cifuentes Cardenas','CLL 82 # 94L - 81 IN. 307','1982-02-12'),(19435379,'Raul Cubillos Bermudez','CRA 81I # 42I - 11','1981-01-26'),(19442789,'Arcadio Castañeda Caceres','CRA 100A # 72C - 25','1985-01-17'),(19465295,'Antonio Rondon Sanchez','CLL 65E SUR # 77M - 53 AP. 302','2002-01-09'),(19466698,'Oscar Armando Penagos Hernandez','CLL 22K # 122A - 24','1993-03-10'),(19467276,'Orlando Lozano Gutierrez','CRA 27N # 71IS - 35','1996-09-17'),(19469917,'Jose Martin Salamanca Buitrago','CRA 68H # 31 - 40 SUR','1984-05-07'),(19472650,'Hector Ernesto Ladino Hernandez','CRA 90 # 6A - 47 CS. 188','1987-04-02'),(19476685,'Orlando Alonso Garcia','TV 70A # 20 - 68','2001-09-24'),(19481794,'Oscar Hernando Pescador Sierra','CRA 85 SUR # 80 - 39','2007-03-20'),(19488987,'Luis Eduardo Aldana Santuario','TR 72F BIS # 41 - 29 SUR','2000-07-17'),(19498514,'Mario Humberto Salamanca Barahona','CRA 60F # 51B - 24 SUR','1984-08-01'),(19597450,'Jose Gregorio Carmona Lizcano','CRA 9 # 60 - 36','2002-08-05'),(20404206,'Alba Derly Isaza Ardila','CRA 88C # 45A - 66 SUR','2015-07-01'),(20461462,'Francy Elena Vasquez Cespedes','CL 49 S 80 D 69','2017-01-16'),(20523900,'Miryam Del Socorro Arrieta','CL 91 SUR 2A-17 ESTE','2017-01-16'),(20586216,'Nohora Beatriz Beltran Hidalgo','TV 93 # 22D - 10','1993-02-10'),(20586655,'Carmenza Estella Jimenez Velasquez','CLL 61 BIS A # 112 - 14 SUR','2000-04-24'),(20644245,'Maria Elsa Pedraza Ramos','CL 51SUR 78G-14','2017-01-16'),(20647767,'Ana Isabel Figueroa Perez','CRA 57 # 70B - 35','2015-07-01'),(20667487,'Ana Elvia Lopez Diaz','CRA 78 L 58 M 41 SUR','2017-01-04'),(20701584,'Ana Teresa Montalvo Marroquin','CRA 89BIS # 59 68 SUR','2017-01-04'),(20744297,'Ana Del Carmen Avila','CRA 100 # 50B - 45 SUR SE.2 T. 6 AP. 102','2015-07-01'),(20754181,'Luz Fanny Rincon Rojas','CR 85A 23C-36','1983-11-16'),(20760042,'Yenifer Velasquez Pinzon','CLL 3 # 6 26','2016-11-03'),(20795205,'Maria Flor Paez Ramos','CRA 81 # 14A 47','1987-02-16'),(20989115,'Maria Gladys Panadero Moreno','CRA 57A # 4G 80','2001-01-03'),(21189887,'Edid Galindo Castro','CLL 4A # 17 - 22','2015-07-01'),(23437629,'Ana Esmilda Fonseca Pacheco','CRA 68C # 3 - 66 SUR','2002-12-18'),(23474434,'Ana Elvia Cepeda Rivera','CLL 41 # 93C - 09 SUR','2015-07-01'),(23582437,'Ermencia Figueroa Siachoque','CRA 78H # 60A - 32 SUR','2003-05-22'),(23582491,'Flor Esmeralda Niño Mendez','CRA 104 # 15A 72','2017-01-04'),(23965083,'Linda Aura Lopez Baron','CLL 131 # 96 - 26','2015-07-01'),(28258940,'Maria Dorila Leal Barajas','CRA 81B #  49A - 24 SUR','2000-03-27'),(28258974,'Jenny Esperanza Barajas Anaya','TV 77 # 7A - 16 IN. 20','1996-05-23'),(28428057,'Maria Isabel Suarez','CLL 69 # 3A - 21','1981-09-16'),(28429410,'Olga Patricia Ramos Guativonza','CLL 38S # 60 73','2017-01-10'),(28657241,'Marisol Diaz Estrella','DIAG 30D No. 7 A 40 soacha','2017-01-16'),(28797968,'Olga Patricia Rodriguez Florez','CRA 77 # 18 - 51','2012-06-01'),(30388859,'Yolanda Vanegas','CLL 7 # 94 - 79','2011-02-21'),(30389940,'Marisela Hernandez Rivera','CRA 87B BIS # 56C - 37 SUR','2001-09-24'),(33026767,'Marilys Diaz Calvo','CLL 70 BIS # 78C 33 SUR','2017-01-04'),(33066005,'Liliana Sampayo Perez','CRA 19A # 01 - 175 T. 19 AP. 202 CONJUNTO LA ESPERANZA','2011-11-02'),(35225107,'Maria Magnolia Feo Vergara','CLL 16G # 105 - 20','1984-06-26'),(35251849,'Nubia Burgos Preciado','CRA 64 # 4B - 04','2015-10-16'),(35315488,'Esperanza Garzon Solorzano','TRV 83 72 33','2017-01-16'),(35329489,'Balvina Calderon Lozano','DG 9 # 78C - 42','1983-09-21'),(35329986,'Rosa Amelia Silva Velasquez','CLL 34A # 89 - 40 SUR','2003-01-08'),(35412244,'Fredesminda Canchon','CRA 78A # 80 81 SUR','2017-01-16'),(35522725,'Gladys Poveda Nemocon','CLL 13 # 2 - 42 T. 11 AP. 204 ALTOS DE GUALI II ET. 4','2007-02-19'),(36273062,'Nieves Diaz De Rodriguez','CL 19A 5U-40 SOACHA','2017-01-16'),(36623464,'Dalgy Senith Carmona Lizcano','CRA 9 ESTE # 36 - 60','2004-01-05'),(37535825,'Martha Susana Suarez Garrido','CRA 87C # 73B - 07 SUR T.4 AP. 602','2013-06-17'),(37657862,'Luz Mireya Carvajal Rojas','CLL 52 SUR # 95A - 10','2015-07-01'),(38263088,'Doris Moreno Lozano','CLLE 64 No. 9 62','2017-01-10'),(39522813,'Guadalupe Niño Arias','CRA 70 # 69C - 35 SUR','1993-02-16'),(39528771,'Esperanza Gil Jimenez','CRA 72C # 24 - 34','1987-11-04'),(39572267,'Judith Diaz Sanchez','CRA 17 # 4 - 21','2006-05-02'),(39576590,'Carmen Liliana Salas Osuna','TRASV, 16 B No. 40 92','2017-01-10'),(39624896,'Maria Glenis Romero Garcia','CL 62B 111-33','2017-01-16'),(39638886,'Maria Del Pilar Zapata','CRA 4 ESTE # 32B - 31 IN. 22 AP. 365','1984-08-06'),(39647314,'Patricia Guzman Rios','CRA 77L # 65D - 74 SUR','1993-04-27'),(39652172,'Flor Janette Rocha Duran','CLL 72B SUR # 89 A 01 AP 501','2017-01-16'),(39654962,'Maria Cristina Caro Albarracin','CLL 58B # 23B - 44 SUR','2011-03-14'),(39663011,'Carmen Elena Ramirez Escobar','CRA 7 # 18 - 49','2015-07-01'),(39704112,'Cecilia Briceño Vasquez','AV 110 No 21 71','2017-01-16'),(39707610,'Rosalia Torres Hortua','CLL 2 # 3 - 60','2015-07-01'),(39716029,'Elisa Alza Pinzon','CLLE 34 No. 87  60','2017-01-16'),(39721451,'Liliana Gomez Mora','CLL 61A # 100A - 63','2015-07-01'),(39724214,'Janed Sanchez Cereno','CLL 49B SUR 7 14','2017-01-23'),(39753457,'Rosalba Parra Barreto','CRA 109 # 23G - 13','2000-01-24'),(39763819,'Nubia Diaz Sanchez','CRA 87C # 50 - 35 SUR','2008-08-11'),(39769037,'Luz Myriam Velasco Castro','CLL 11A # 7 - 37','2004-03-23'),(39794757,'Luz Astrid Garcia Gongora','CRA 94K BIS # 80 - 50','2008-09-22'),(39900985,'Claudia Teresa Burgos Gui0','CL 136A 101B-32','2017-01-16'),(40392499,'Dora Janeth Rey Pulido','CRA 141A # 144 - 58','2001-03-05'),(40412906,'Rosa Delia Chacon Cadena','CLL 59 BIS SUR # 48G - 31','2013-06-17'),(40776107,'Doris Nelli Flores Salazar','CL 50 A No. 38 19','2017-01-16'),(41739355,'Maria Cristina Gonzalez De','CLL 16A # 13 - 36','1983-09-15'),(41772724,'Yanet Quiroga Robayo','CRA 81F # 74 - 66 SUR','2015-07-01'),(42121166,'Natalia Gutierrez Hincapie','CRA 2 ESTE # 70A - 15 AP. 102','2008-02-05'),(43048675,'Erika Kadowaki Piedrahita','CARRERA 16 Ñ 94A-23 APT 102','1994-01-17'),(51563143,'Francy Helena Hernandez Casas','CRA 94B # 130A - 85','2011-03-28'),(51591430,'Elsa Ramirez Monroy','CRA 109 B No 140 A 14','2017-01-16'),(51606998,'Jasbleide Osorio Parra','CLL 47B SUR # 22 - 55 AP. 206','1982-05-03'),(51614177,'Maria Teresa Rodriguez Avila','AV. CRA 50 # 5A - 31','1983-02-16'),(51629355,'Maria Mercedes Diaz Albarracin','CR 69D 24C-50','1985-12-12'),(51646354,'Nohora Ruiz Moreno','CLL 35A # 78P - 28','1987-04-02'),(51674826,'Idali Vargas','CLL 57B # 85B - 22','1996-07-30'),(51703870,'Gloria Aurora Tibaquira Romero','CLL 39D # 68G - 41 SUR','1989-05-23'),(51715338,'Maria Celina Lopez Baron','CLL 34 # 14 - 00 ESTE','2015-07-01'),(51717468,'Olga Lucia Gomez Rodriguez','CLL 6B BIS # 79 - 06','1986-12-12'),(51720013,'Rosa Elvia Martinez Linares','CRA 1G ESTE # 78E - 16 SUR','2015-07-01'),(51745414,'Ana Cecilia Ladino Hernandez','CLL 56C # 87A - 19','1987-02-16'),(51761326,'Lilia Consuelo Mora Mateus','CRA 5 # 88','1981-02-05'),(51761685,'Martha Eugenia Rubio Colorado','CL 79 SUR ESTE 0-35','2017-01-16'),(51764842,'Maria Aydee Romero Ducuara','CRA 72R BIS 48 10 SUR','2017-02-20'),(51767677,'Maria Gladys Buitrago','CRA 4A # 5 - 31 IN. 7 AP. 201','2015-07-01'),(51771803,'Martha Cecilia Bueno Gonzalez','CLL 48 SUR No. 78 30','2017-01-16'),(51782495,'Maria Eugenia Sandoval Beltran','CRA 75 # 47 - 70','1984-09-28'),(51788445,'Nohra Estella Avila Niño','CRA 70B # 5B - 06','1987-06-10'),(51796675,'Ligia Aurora Delgado Posada','TV 93 # 22D - 10 T. 6 AP. 402','1996-08-14'),(51811180,'Dora Suescun Ruiz','CLL 58C SUR # 88S - 35','2000-05-15'),(51831536,'Maria Yaneth Gaitan','CRA 79C # 57F - 11 SUR','1994-05-06'),(51845735,'Miryam Contreras Albornoz','CRA 8A # 9B - 15 SUR','1987-01-20'),(51870933,'Marleny Saavedra Soto','CRA 16E # 36 - 95','2007-03-05'),(51908438,'Orlinda Arenas Rendon','CRA 19A #01 84 SUR','2017-01-04'),(51921188,'Luz Marina Timote Alvis','CL 58 SUR 75 22','2017-01-16'),(51949855,'Nubia Zabala Paramo','CRA 78B # 57A - 27 SUR','2002-03-25'),(51950103,'Elci Yolanda Chacon Peña','CR 113 82-47','2017-01-16'),(51968440,'Martha Judith Lugo Vinchira','CR 48 164-87','2011-10-10'),(51973618,'Rosalba Barrera Algarra','CLL 6A # 92 - 20 CS. 86','2015-07-01'),(52001810,'Maria Rubiela Angel','CLL 50 SUR # 93D - 97 T.9 AP. 301','2004-03-23'),(52016106,'Luz Mary Castro Saavedra','CRA 88B No.50  43','2017-01-10'),(52020212,'Gloria Patricia Ortiz Mendez','CLL 70B # 104C 33','2017-01-16'),(52020635,'Jeannette Marcela Gutierrez Pineda','CRA 12B # 23B - 19','2002-03-25'),(52036447,'Teresa Leon Rios','DG 52 # 28 77 SUR','2017-01-16'),(52050822,'Alicia Esperanza Montaña Roberto','CRA 104 # 13D 76','2017-01-16'),(52066422,'Mayerly Maldonado Fajardo','CLL 31B SUR 1 A 55','2017-01-16'),(52069100,'Sandra Cortes Londoño','CRA 81H # 53 - 16','2002-10-09'),(52069262,'Luz Helena Bermudez Rueda','DG 73A BIS # 36 - 58','2008-08-11'),(52097439,'Carolina Tejada Valenzuela','CRA 5 # 4 08 SOACHA','2017-01-04'),(52101086,'Maria Omaira Velandia Gutierrez','CLL 156 # 96 - 51','2011-03-07'),(52113598,'Maria Helena Cortes Guchubo','CRA 48B # 73C - 44 SUR','2001-01-03'),(52127762,'Rosa Helena Martinez Quiñonez','TV 16A BIS # 46 - 38','2007-02-19'),(52129449,'Mary Hady Marin Valderrama','CLL 66 # 17 47 SUR','2017-01-16'),(52170486,'Yamile Molina Sanchez','CLLE 48T No.2 39','2017-01-16'),(52173188,'Maria Helena Joya Vera','CRA 80 # 71 - 09 SUR','2004-03-15'),(52175278,'Olga Patricia Tapiero Leon','CRA 6 # 23 - 70 B. 6 CS. 15','2004-01-05'),(52175692,'Olga Lucia Gonzalez Arias','CRA 85A # 45A - 32 SUR','2015-10-16'),(52203354,'Olga Lucia Pulido Paez','CRA 11 A ESTE No. 49 A 15','2017-01-16'),(52205896,'Ana Clovis Mosquera Merchan','CLL 22A # 12A - 54 BL. 63 AP. 202','2014-01-07'),(52207288,'Luz Mery Buitrago Ocampo','CRA 80 # 6B - 75','1996-07-03'),(52215397,'Blanca Teresa Moreno Romero','CLL 74 # 10 - 05','2001-03-05'),(52229328,'Rocio Casas Joya','CLL 61A SUR # 100A - 91','2008-08-11'),(52290583,'Elba Johanna Giraldo Romero','CLL 76A # 2 - 49 ESTE SUR','2011-03-07'),(52293372,'Amparo Lozano Garcia','CLL 39 No. 24 61','2017-01-04'),(52305729,'Olga Lucia Arenas Gonzalez','CLL 68B SUR No 81 G 82','2017-01-10'),(52323522,'Carolina Castañeda Lozada','DG 16B # 101 A 26','2017-01-16'),(52361082,'Blanca Acerley Basabe Escobar','CLL 56F SUR # 94A - 20','2013-06-17'),(52370526,'Nohora Damaris Valencia Castro','CRA 13I # 32C - 12 SUR','2012-07-16'),(52431313,'Luz Dary Guzman Palacios','CLL 58C SUR # 22 - 28 CS. 2','2001-01-03'),(52434259,'Adriana Patricia Garcia Guarnizo','CRA 18G # 78D - 02 SUR','2013-06-17'),(52441410,'Nelandia Conde Conde','CRA 15A # 18A - 23','2001-03-05'),(52446907,'Nohemi Rincon Lesmes','TR 16C SUR 46-91','2017-01-16'),(52464451,'Claudia Patricia Baez Bello','CALLE 69C SUR No. 78  21','2017-01-16'),(52464894,'Miladys Esther Lopez Gonzalez','CLL 34 # 14 - 00 ESTE BL. 37 CS. 17','2002-03-25'),(52489664,'Angela Patricia Bobadilla Arias','CRA 119 # 64 - 55','2005-01-11'),(52518832,'Luz Stella Buitrago Ceballos','CLL 92A # 14I - 08 SUR','2008-08-25'),(52527634,'Dora Consuelo Gutierrez Ortiz','CLL 35 No.43  22 ESTE','2017-01-16'),(52540595,'Jeymmy Diaz Gallego','CRA 87L # 69 18 SUR','2017-01-16'),(52547207,'Eris Arciniegas Suarez','CRA 77K No 60 07 SUR','2017-01-04'),(52553394,'Nancy Orjuela Murillo','CRA 3 ESTE # 9A - 85','1994-06-23'),(52557290,'Janneth Forero Vargas','CRA 16C No.26 SUR 87','2017-01-10'),(52661826,'Diana Marcela Arguello Gomez','CLL 17 # 16 - 38','2007-06-04'),(52739794,'Liliana Briñez Timote','CLL 34 # 91C - 31','2015-10-16'),(52743405,'Marcela Huertas Varon','DG 41 16 31','2017-01-16'),(52745524,'Claudia Patricia Urbano Aguilar','CRA 18 # 65 A 41 SUR','2016-09-26'),(52753028,'Raquel Nayibe Torres Valencia','CRA 7D # 64H - 65 SUR','2008-08-25'),(52755916,'Jasbleidy Muñoz Rojas','CRA 5 # 4C - 85 SUR','2003-01-08'),(52758458,'Damaris Ascencio Alape','CLL 45A SUR # 88 C 98','2017-01-16'),(52761711,'Gloria Isabel Rojas Cortes','CLL 56 I SUR No. 89 48','2017-01-16'),(52775441,'Claudia Gamba Ariza','CLL 33 BIS # 87C - 87 SUR','2011-03-07'),(52784132,'Tatiana Salazar Acosta','CRA 89 D No 4 A 42 SUR','2017-01-10'),(52784957,'Carmelita Saldaña Cifuentes','CALLE 20 No. 17 12 MOSQUERA','2017-01-10'),(52826419,'Lucila Gil Monroy','DG 67 # 28 - 21','2012-01-05'),(52839109,'Hasbleidy Cristina Caicedo Lopez','CRA 76 No. 64 f 43','2017-01-04'),(52908783,'Paola Andrea Gonzalez','CRA 98 # 54D 18 CS 23','2017-01-16'),(52930432,'Bibiana Mejia Restan','CLL 56F SUR # 94A - 20 IN. 27 AP. 503','2012-07-16'),(52952971,'Lady Liliana Martinez Suescun','CLL 58C # 80J - 35 SUR','2004-03-16'),(53075766,'Luz Viviana Pradilla','CRA 98 # 2 - 32 IN. 12 AP. 302','2011-02-21'),(53076447,'Anyela Maria Ome Calderon','CRA 97 # 16A - 15','2015-10-01'),(53080261,'Maria Lucia Espejo','CRA 10 No. 10 A 06 SOACHA','2017-01-04'),(53894828,'Sonia Del Pilar Barreto','CRA 21 No. 36  40','2017-01-04'),(63370188,'Milta Judith Romero','CLL 14B # 119 - 17 IN. 38 AP. 404','2003-05-22'),(65632815,'Marileidi Ospina Carvajal','CALLE 26D No. 17  63','2017-01-16'),(65700934,'Luz Elena Carvajal Sanchez','CRA 15B # 6 - 32','2011-02-21'),(65701088,'Blanca Liliana Lara Quintana','CLL 7 No. 92 51','2017-01-10'),(65706845,'Sandra Carolina Barragan Sanchez','CRA 3 No. 31b 08 sur','2017-01-16'),(65727075,'Norali Morales Rengifo','CLL 56F SUR # 93C - 51','2004-09-13'),(65733463,'Angela Dora Mosquera Moreno','CRA 7B # 3 - 86 BL. 21 AP. 301','2000-09-25'),(65760871,'Rita Rodriguez Niño','CLL 7 No. 3 10','2017-01-16'),(65799541,'Maria Elvia Bonilla Espinosa','CLL 70A SUR # 104 41','2017-01-16'),(65811493,'Adriana Del Pilar Ospina','CALLE 18 No 51 60 SUR','2017-01-10'),(74323599,'Jose Vitaliano Paipilla Rodriguez','CRA 73 A BIS # 63F 26','2006-04-17'),(74357784,'Nelson Enrique Vargas Cardenas','CLL 61A # 100A - 73 CS. 53','2003-05-22'),(74374577,'Hector Horacio Araque Soto','CRA 6 # 23 - 70 BL. 6 CS.15','2002-05-13'),(78692924,'Cesar Segundo Burgos Garrido','CLL 61 BIS SUR No. 94 b 36','2017-01-16'),(79002155,'Carlos Virgilio Herrera Cano','CRA 90A # 4 - 40 CS. 207','1988-02-10'),(79003380,'Miguel Antonio Romero Rincon','CLL 6E # 2A - 72','2011-03-14'),(79004855,'Wilson Moreno Sabogal','CRA 57A # 5A - 98','2007-06-25'),(79040529,'Yamil Cabrera Duque','CLL 29F # 6C - 10 ESTE','2000-10-09'),(79041935,'Luis Ernesto Sanchez Castro','CLL 16 # 80D - 16','2001-09-24'),(79058378,'Rosember Quiroga Molina','CLL 39A # 73A - 38 SUR','2000-10-09'),(79060697,'Antonio Fernandez Alfonso','CRA 82 # 42 A 18 SUR','1993-06-24'),(79115341,'Orlando Jimenez Lopez','CRA 110 BIS # 68C - 19','1991-10-08'),(79116725,'Nelson Yoel Manrique Alfonso','CLL 82B # 95A - 14 AP.204','1981-08-31'),(79122812,'Juan Antonio Rojas Leon','CRA 123 # 13B - 47','1993-05-10'),(79124395,'Henry Parra Mosquera','CRA 12B # 13C - 75 CS. 78','2003-10-09'),(79131487,'Fernell Mauricio Carbonell Londoño','CLL 22J # 104 - 39','2002-10-03'),(79139277,'Alexander Gomez Ulloa','CRA 111 # 18B - 35','2011-03-02'),(79183582,'Willi Esmed Bernal Garcia','TV 1 # 2 - 14','2015-01-05'),(79205519,'Javier Eladio Cifuentes Aguirre','DG 27 # 1A - 05','2002-10-23'),(79215115,'Ivan Daniel Leon Roa','CRA 3D # 12 - 77','2006-03-06'),(79220680,'Diego Maurisio Diaz Cangrejo','CLL 36 A No. 41 A 40 E','2017-01-04'),(79252433,'Hernan Torres Mayusa','CRA 18V BIS # 66B - 24 SUR','1993-01-25'),(79259045,'Eliberto Perez Ruiz','CRA 64A # 2C - 49','1987-07-07'),(79266022,'Jose Ricardo Benavides Sotomonte','CRA 81 # 74B - 03 SUR','1995-01-23'),(79266246,'Luciano Guzman Guzman','CLL 60B SUR # 79C - 09','1995-01-25'),(79293462,'Pedro Estupiñan Sandoval','CLL 70 # 90 - 36','2003-03-26'),(79323291,'Alvaro Maria Ochoa Blanco','CRA 111C # 81 - 30','1986-06-16'),(79339636,'Victor Alain Linares Gomez','CRA 9A ESTE W # 36C - 49 SUR','1986-11-13'),(79342504,'Antonio Maria Moreno Suarez','CLL 62G SUR # 74B - 09','1983-10-11'),(79343326,'Hector Wilson Prada','CLL 77A # 114A - 40','2007-08-03'),(79357773,'Jorge Alberto Ardila Beltran','CLL 8A # 1B - 49 IN. 3 M. 9','2007-02-26'),(79363546,'Monzayde Jimenez Fernandez','CRA 78 # 69B - 58 SUR','1986-03-04'),(79371626,'Gerardo Villamil Garcia','CLL 135 # 95B - 34','2006-03-06'),(79382065,'Jose Leonardo Paramo','CLL 61B SUR # 93C-24','2011-03-02'),(79392344,'Miguel Antonio Aldana Santuario','CLL 9 SUR # 11A - 21','2003-01-08'),(79416925,'Gerardo Montoya Arias','CLL 50 SUR # 78 - 31','1987-07-06'),(79430714,'Jose Javier Sanchez Lara','CLL 38 SUR # 72Q - 40','2002-08-23'),(79447687,'Luis Eduardo Merchan Espinosa','CRA 89C # 36 - 13 SUR','2004-09-20'),(79450509,'Jairo Solano Lopez','CLL 18 SUR # 12B - 33','2005-09-29'),(79498180,'Jose Elias Rincon Martinez','CLL 59 BIS SUR # 48G - 31','2008-09-02'),(79499744,'Hernando Barreto Parra','CLL 37A # 87I - 18','1993-02-05'),(79500356,'Alvaro Garcia Garcia','CLL 73 # 92 - 85','2015-10-16'),(79502160,'Nestor Alfonso Gaitan','CRA 13G # 26 - 29','2011-02-21'),(79509818,'Carlos Alberto Murillo Mendoza','CRA 98B # 65 - 09 SUR','2007-02-12'),(79537617,'Farid Peralta Valero','CRA 2A ESTE # 88B - 05 SUR','2007-06-25'),(79537764,'Jesus Antonio Leyton Totena','TV 14A # 48F - 82 SUR','2008-09-02'),(79561241,'Javier Alberto Ruiz Guerrero','CRA 5 # 4C - 85','2011-03-02'),(79569449,'Luis Raul Celis Hernandez','CRA 109 # 23G - 13','2000-09-25'),(79609506,'Jeyver Alberto Bello Pacabaque','CRA 67 # 10 - 96','2002-09-25'),(79610814,'Francisco Guerrero Guerrero','CRA 87 # 74C - 05 SUR','2004-03-23'),(79611260,'Luis Ramiro Barajas Soler','CRA 88H # 74A - 40 SUR','2004-01-01'),(79614156,'Norbey Velasquez Beltran','CLL 72A SUR # 89B - 01 T. 18 AP. 504','2003-01-09'),(79614466,'Hector Alfredo Gonzalez Carvajal','CRA 93A # 38B - 05 SUR','2001-09-24'),(79620078,'Lino Hernan Jimenez Alvarado','CRA 79A # 41C - 70 SUR','2007-03-12'),(79654852,'Ferney Arias Callejas','CRA 72M # 42C - 02 SUR','1999-12-20'),(79666176,'Jose Eliecer Guzman Palacio','CLL 71 SUR # 102 - 51','2001-09-24'),(79666554,'Edgar Ballen Parra','CLL 65C # 18V - 33 SUR','1994-07-15'),(79703119,'Angel Fideligno Triana','CRA 14 ESTE # 74A - 21 SUR','2006-03-06'),(79703753,'Juan Robin Valero Calderon','CLL 36 K SUR # 4 50','2017-01-10'),(79709549,'Gabriel Armando Benavides Triana','CLL 152 # 115 - 20','2002-10-09'),(79712818,'Cesar Alejandro Rondon Triviño','CRA 68 SUR # 81 - 15','2007-06-25'),(79717958,'Cesar Augusto Hernandez Velasquez','CRA 6 # 17 - 90','2001-07-16'),(79761327,'Francisco Javier Buenahora Cujar','CRA 60 A No. 51B 13 SUR','2017-01-17'),(79763396,'Carlos Arnulfo Hernandez Acosta','CRA 100 # 50B - 45 SUR T. 15 AP. 204','2011-03-14'),(79786690,'Jonathan Zack Haime Bigio','CR 60 12-18','2008-10-01'),(79811423,'Luis Dubes Ramos Romero','CRA 7C # 92 - 52 SUR','2004-06-02'),(79815112,'Alvaro Leal Vera','CRA 12 ESTE # 46 - 12 SUR','2004-09-20'),(79816421,'John Alvaro Suescun Gelviz','CLL 56F SUR # 106 - 22','2007-03-22'),(79817077,'Hector Peña Quiroga','CRA 3C # 48R - 35','2008-08-25'),(79817479,'Diego Fernando Mayorga Arias','TV 1B BIS # 77 - 52 SUR','2003-10-01'),(79820055,'Oscar Orlando Camacho Laverde','CLL 48 Y S # 3B 16','2016-12-19'),(79844580,'Jaime Ivan Quintero Hoyos','CRA 6B # 113 - 49 SUR','2007-02-12'),(79850489,'Henry Moreno Torres','CRA 77V BIS # 51A - 57 SUR','1995-05-12'),(79866855,'Pedro Antonio Laguna Quiroga','TV 4 # 3 - 64','2015-10-16'),(79887754,'Juan Carlos Rodriguez','CLL 128F # 88 - 13','2003-01-09'),(79909484,'Mauricio Marroquin Abril','CRA 136 # 145A - 31','2001-09-24'),(80020209,'Elkin Romero Figueroa','CLL 7 # 94 - 79','2001-01-02'),(80020227,'Hector Nilson Perez Maldonado','CLL 89 SUR # 6A - 21 ESTE','2006-03-13'),(80142457,'Omar Alexander Navarro Beltran','TRASV 5C # 7 28','2017-01-04'),(80149918,'Albeiro Jose Acosta Hernandez','CRA 81I # 42I - 16 SUR','2003-01-08'),(80160623,'Jose Fernando Mendez Matiz','CRA 15E # 19B - 39 M. F CS. 24','2006-05-08'),(80162618,'Miguel Angel Rojas Garcia','CLL 23G # 108 - 26','2012-06-01'),(80166477,'Johan Fernando Castro Gomez','CRA 17F # 71A - 95 SUR','2014-01-07'),(80216880,'Nestor Alfonso Ramirez Corredor','CRA 78 A No. 85 A 85','2017-01-05'),(80233316,'Luis Anibal Prada Velandia','CLL 70J # 18N - 12 SUR','2004-09-27'),(80267020,'Guillermo Ramirez Diaz','CLL 61A # 74 - 65 SUR','1994-02-14'),(80267834,'Hector Ernesto Cardenas Cardenas','CLL 15 # 119A - 40 BL. 15 CS. 11','2002-08-05'),(80268250,'Felix Roberto Gonzalez','CLL 41 # 5 - 37','1985-02-04'),(80323309,'Andres Saldaña Saldaña','CRA 11A # 8 - 22','2011-02-21'),(80376832,'Senon Ricardo Jimenez Velasquez','CRA 98 # 2 - 44','1994-07-14'),(80377266,'Omar Alberto Jimenez Velasquez','CLL 48 SUR # 87 - 86 T. 6 AP. 123','2004-07-14'),(80382133,'Carlos Eduardo Galindo Guarin','CLL 72A # 78 - 33','2007-02-12'),(80383560,'Henry Alberto Castiblanco Jimenez','CRA 78P # 54D - 12 SUR','2012-04-09'),(80414549,'Jose Antonio Contreras Bernal','CLL 144 # 141 - 48 BL. 11 CS. 12','1993-03-12'),(80433643,'Albeiro Giraldo Muñoz','CRA 72R # 40C - 45 SUR','1994-04-12'),(80437249,'Henry Tovar','CRA 98 BIS # 102 CS. 81','2000-06-06'),(80437982,'Jose Heriberto Herrera Paramo','CRA 92 # 71 - 41 SUR CS. 224','1995-05-15'),(80438056,'Mauricio Pasachoa Perez','CLL 14E # 32A - 05 IN. 62 AP. 202','1995-02-08'),(80492017,'Oscar Cesar Sanabria Cano','CLL 65F # 78J - 22 SUR','2007-03-05'),(80731630,'Wilmar Teodoro Arenales Rodriguez','CRA 16A # 11B - 35','2002-12-23'),(80731888,'Jhon Arlex Lopez Benavides','CRA 74 No. 44 29 sur','2017-01-04'),(80734728,'David Alexander Peña Martinez','CRA 72 39-65 SUR','2011-02-21'),(80746503,'John Alberto Penagos Campos','CRA 1B # 76 - 07 SUR','2015-10-01'),(80761702,'Jose David Cortes Castiblanco','CRA 3B # 48R - 42 SUR','2007-02-12'),(80766103,'Yehison Fabian Garcia Sarmiento','CRA 5 ESTE # 31 - 15 SUR','2006-04-03'),(80767679,'Barnavy Villarreal Choconta','CRA 13E # 3OC - 81','2005-01-11'),(80878111,'Fredy Eduardo Suarez Gonzalez','CLL 69F BUS # 3A - 50 SUR','2011-02-21'),(80911570,'William Yesid Rubiano Panche','CLL 72 SUR # 20 - 11','2011-03-02'),(80913644,'Jaime Diaz Perdomo','DIAG 77 BIS SUR No. 3 B 81','2017-01-03'),(87714473,'Fanor Rigoberto Cuastumal Yaguapaz','CLL 61A SUR # 94B - 16 M. 26','1996-07-31'),(88167275,'Marco Antonio Blanco Blanco','CRA 3A # 54I 12 SUR','2008-10-18'),(91043993,'Nelson Carvajal Rojas','CRA. 98B # 65 - 09 SUR','2006-04-17'),(91209953,'Laurentino Bautista Piñeres','DG 98C SUR # 6 - 60 ESTE','2003-11-10'),(91443082,'Carlos Eduardo Solano Camacho','CRA 21 # 36 - 40L','2008-08-25'),(91454160,'Jose Domingo Ostios Tapias','CRA 4 ESTE # 36 - 66','1987-07-13'),(91454746,'Ariolfo Barreto Delgadillo','CRA 98B # 65 - 09 SUR','2008-09-02'),(92030219,'Wilgen Ramon Mesa Mesa','CRA 49 # 68A - 40 SUR','2016-07-27'),(92033955,'Luis Carlos Castillo Herazo','CRA 48 68F 38 SUR','2017-01-23'),(93086708,'Bernardino Aviles Guzman','CALLE 3B No. 5  58','2017-01-04'),(93090157,'Ivan Emilio Quintero Ospina','CLL 41B SUR # 81A - 71','2015-07-01'),(93134793,'Giovanny Cortes Bonilla','CLL 47A # 84 - 21 SUR','2015-10-16'),(93203207,'Leonel Diaz Cardozo','CRA 92 # 71 - 41 SUR','1995-05-15'),(93294317,'Hermides Forero Bohorquez','CLL 42F # 80D - 35','2007-03-05'),(93295071,'Jon Jairo Gonzalez Castiblanco','CRA 53I # 82 - 13 SUR','2001-03-12'),(93375833,'Hector Dariel Florez Rojas','CR 81 BIS 22-46','1992-08-08'),(96351798,'Jose Hernan Godoy Barrero','CRA 90A # 4 - 55','2002-10-09'),(97612552,'Ruben Antonio Ramos Marzan','CLL 17 # 39 - 81','2014-01-07'),(1001044454,'Elver Steven Ruiz Garcia','CRA 78G # 47B 72 SUR','2017-01-05'),(1001546994,'Aura Cristina Mejia Ricardo','CRA 118 23 C 52','2017-01-23'),(1002373975,'Romario Pacheco Cogollo','CRA 17A # 52 71 SUR','2016-09-28'),(1004247829,'Albeiro Mera Quira','CLL 65 A SUR No. 82j 18','2017-01-04'),(1007218185,'Carlos Andres Davila Florez','CLL 39 No. 83 A 32 SUR','2017-01-11'),(1010209742,'Cesar Albeiro Blanco Montes','CRA 80C 16 09','2017-01-26'),(1012317855,'Nasli Ester Caña Muñoz','CLL 67A BIS # 80N - 67','2015-10-01'),(1012329118,'Lorena Del Pilar Oyola','CLL 75A SUR #  78C - 51','2011-03-02'),(1012331914,'Yuri Yaneth Arango Barbosa','TV 16B 40 81','2017-01-27'),(1012341217,'Arlena De Jesus Gomez','CRA 6C ESTE # 89C - 65 SUR','2011-03-14'),(1012370063,'William Hernan Cedeño Poloche','CLL 24 No. 13 A 39','2017-01-11'),(1012371554,'Leidy Lorena Latorre Castillo','CRA 78 D No. 65 A 40 SUR','2017-01-16'),(1012384627,'Ana Milena Ospina Melo','CLL 57 A No. 81 C 38 SUR','2017-01-17'),(1012395202,'Elkin Alberto Barragan Castaño','CRA 91 C No. 54 C 25 SUR','2017-01-10'),(1012400645,'Manuel Steven Martinez Martin','CLL 73 80N 50 SUR','2017-02-06'),(1012411188,'Wilson Mauricio Morales Hernandez','CRA 87 K BIS No. 69 A 17 SUR','2017-01-10'),(1012413158,'Darcy Erlinda Montes Benavides','CRA 87F No.58C 51 SUR','2017-01-16'),(1012423382,'Andres Giovanny Castañeda Castañeda','CLL 65D BIS # 77M 50 SUR','2016-09-26'),(1012423920,'Fabian Andres Rodriguez Calvo','DG 73 SUR # 79A 63','2016-11-01'),(1013579258,'Lady Julieth Lopez Paez','CRA 17 # 34  22','2017-01-10'),(1013583333,'Walter Ramiro Diaz Cardenas','TV 18D BIS A # 69A - 75 SUR','2008-08-04'),(1013629947,'Richard Anderson Estupiñan Matoma','CRA 88D # 8A 81','2017-01-10'),(1013632886,'Cindy Dayana Cardona Garcia','CRA 4A # 52A 09 SUR','2017-01-16'),(1013682256,'Sebastian Morales Garcia','CL 52 SUR 79F 14 BQ2 AP 102','2017-01-30'),(1014212346,'Jorge Alirio Gonzalez Barreto','CRA 99C No. 55 33 sur','2017-01-04'),(1014272873,'Cristian Camilo Molina Llanos','CRA 95 # 94 - 10','2016-02-11'),(1015403969,'Edith Consuelo Morales Anzola','CLLE 74 A No. 63  77','2017-01-04'),(1015445240,'Andres David Castañeda Rivera','CRA 79 No. 19 87','2017-01-04'),(1016019475,'Samuel Jason Haime Terry','CR 60 12-18','2008-10-01'),(1018443262,'Anderson Medina Trujillo','CRA 78N BIS No. 40b 15 sur','2017-01-10'),(1019038052,'Carlos Andres Rodriguez Guauque','CRA 115 No. 147 A 16','2017-01-16'),(1020823573,'Yensy Alarcon Suarez','AV CLL 31 SUR No. 12 55 ESTE','2017-01-16'),(1022333820,'Sandra Milena Ariza Garcia','CRA 88 G No. 42 G 09 sur','2017-01-16'),(1022335228,'Mayerly Esperanza Silva Veloza','CLL 16C BIS No. 97 17','2017-01-04'),(1022362293,'Jhors Wilmver Cruz Ruiz','CRA 13 No. 31 A 40','2017-01-10'),(1022383360,'Sandra Allegra Haime Terry','CR 3 92-45','2011-10-16'),(1022401751,'Jhoan Felipe Chavez Fuquen','CLL 1 SUR No. 68 A 04','2017-01-10'),(1022434996,'Harrison Abdala Mejia Garzon','CRA 14L SUR # 73S - 31','2016-06-07'),(1022925364,'Patricia Diaz','CR 1 55-24 SUR','2017-01-04'),(1023002968,'Johan Leandro Cardenas Briceño','CRA 110A # 21 71','2017-01-16'),(1023873641,'Jhony Albeiro Cruz Chitiva','DG 50 SUR # 14B - 26','2011-03-02'),(1023887126,'Victor Hugo Alfonso Alfaro','CRA 5 B ESTE # 33 56 SUR','2017-01-04'),(1023917666,'Fabian Andres Quintero Alfaro','CRA 5B # 33 56','2017-01-10'),(1023945781,'Yehison Orlando Vargas Vasquez','CLL 31A # 24B 15 SUR','2017-01-04'),(1024464293,'John Edison Mateus Cepeda','DG 51 SUR # 26 - 73','2014-01-07'),(1024466681,'Sandra Liliana Galindo Guaqueta','TV 12 8 23','2017-01-27'),(1024467106,'Clara Vivian Rincon Mendez','CLL 48 Q SUR No. 5c 79 bq6','2017-01-16'),(1024504396,'Fabian Alexander Moreno Diaz','CALLE 62 G No. 74 b 09','2015-11-20'),(1024517894,'Jair Fabian Arboleda Castro','CLL 80 # 78 A 58 SUR INT 44','2016-10-24'),(1024526031,'Omaira Vargas Rojas','CRA 80 No. 51b 49 SUR','2017-01-04'),(1024542943,'Edinson Javier Pardo Carreño','CRA 49D 68G 30 SUR','2017-02-13'),(1024559533,'Sergio Steven Ramos Diaz','CLL 18 14 14','2017-03-01'),(1024577578,'Santiago Guzman Rodriguez','DIAG 30N NO. 7A 28','2017-01-11'),(1026250182,'Isaac Ramirez Pineda','CRA 22 # 71 - 06 SUR','2014-01-07'),(1030551595,'Diego Alfonso Barrero Jimenez','CLL 69 C SUR # 89A 19','2017-01-04'),(1030572970,'Leidy Johana Bermudez Loaiza','CLL 64 89A 31 SUR','2017-02-13'),(1030591364,'Luis Guillermo Reina Parada','CLL 87C No.57 c 60 SUR','2017-01-04'),(1030594605,'Ivan David Gonzalez Cruz','CLL 41F BIS 78D 40 SUR','2017-02-13'),(1031133258,'Gustavo David Bulla Laguado','CRA 28A No. 41 41 sur','2017-01-04'),(1032361289,'Oscar Javier Rico Parra','CRA 52 No.17 35 SUR','2017-01-05'),(1032424198,'Mauricio Sanchez','CLL 69F SUR # 73L - 28','2014-08-16'),(1032447731,'Michael Andres Vasquez Sierra','CRA 99G # 41 - 35 SUR','2012-07-16'),(1033685235,'Elcy Yohana Gomez Trivaldo','CLL 45 # 1 45 SUR','2017-01-16'),(1033700458,'Lubin Antonio Prieto Rubiano','CLL 113 SUR No. 2A 45','2017-01-04'),(1033716232,'Yhon Elkin Hidalgo Correa','CRA 37 No. 49A 33','2017-01-11'),(1033751710,'Jesus Armando Rodriguez Ternera','CRA 18A 51 10','2017-03-06'),(1033759682,'Brayan Alberto Tellez Quintana','CRA 5D No. 49 59 sur','2017-01-03'),(1033776510,'Cristian Fabian Pineda Rodriguez','CLLE 132 C No. 98A 04','2017-01-04'),(1040793969,'Luis Orlando Ciro Diaz','DG 68 SUR 19C 08','2017-01-17'),(1046396114,'Maximo Lopez Cardoza','CRA 80C No. 13A 32','2017-01-04'),(1049645130,'Ivan Yesid Rodriguez Gomez','CRA 86F # 42F - 63 SUR','2015-10-16'),(1050398402,'Magalis Patricia Guillen Farelo','CRA 5B No. 48 R 40 SUR','2017-01-16'),(1053330512,'Angel Miguel Torres Hernandez','CLL 39 SUR No. 23 A 39','2017-01-04'),(1056553758,'Karine Nathaly Estupiñan Parada','CRA 38 # 13 119','2017-01-16'),(1058842272,'Norma Yaneth Giraldo Galvis','CLL 7A BIS B # 80A - 68','2011-03-07'),(1060587549,'Martin Emilio Forero Zapata','CLL 42G SUR # 87 - 79','2008-09-08'),(1061625489,'Guillermo Andres Osorio Martinez','CLL 51 SUR CR 1B 81 ESTE','2017-01-11'),(1061625814,'Jhon Andres Gomez Osorio','CRA 59 # 46 30','2017-01-10'),(1062276967,'Eduar Balanta Diaz','CRA 65 SUR No. 77 L 19','2017-01-10'),(1065136855,'Sergio David Ruiz Percia','CRA 9 E No. 38 23','2017-01-10'),(1069725802,'Miguel Fernando Castellanos Cantor','CRA 85 B No. 56D 75','2017-01-04'),(1069832364,'Miguel Antonio Diaz Barrios','TV 68H # 37H - 24 SUR','2015-10-01'),(1072427165,'Luis Alejandro Urquiza Vergara','CRA 93 38C 44 SUR','2017-02-06'),(1073159227,'Pedro Fernando Ramirez Cardenas','CLL 50C SUR # 4B - 40','2014-01-07'),(1073679950,'Alberson Fernando Mayorga Sabogal','CLL 22B # 9 - 13','2016-01-05'),(1073694504,'Fredy Gaviria Chaparro','CLL 68 # 18 - 36 SUR','2016-07-13'),(1073697733,'Daniel Camilo Gamboa Yañez','CLL 34 # 38A 18 E','2017-01-04'),(1073708993,'Nicol Estefania Banda Lopez','CLL 24 No. 7  14 este','2017-01-16'),(1074416231,'Ferney Alonso Acosta Jimenez','CLL 62 # 40 - 42','2012-06-01'),(1074416722,'Ivan German Acosta Jimenez','CRA 62 No. 46  41','2017-01-11'),(1074486551,'Alcides Garzon Barragan','CRA 19F No. 62  32','2017-01-11'),(1076200196,'Mauricio Fuentes Chavez','CLL 72 95 12  SUR','2017-02-09'),(1076200586,'Julian Ruiz Sabogal','CLL 13A No. 7 73 ESTE','2017-01-05'),(1079173909,'Oscar Gerardo Garcia','CRA 19A # 1 - 175','2014-01-07'),(1085048378,'Nicolas Rodriguez Ortega','CLL 35B SUR No. 86 c 41','2017-01-11'),(1086500163,'Nixon Antonio Gusman Pozos','CLL 68 No. 30 92','2017-01-04'),(1087673110,'Herney Ancisar Riascos Guzman','CLL 67 # 50B - 21','2011-03-14'),(1093219461,'Daniel Vega Giraldo','CLL 67B # 63 - 45 SUR','2015-10-01'),(1101874563,'Jhonar Jose Ortega Guerrero','CLL 17A # 54 38','2016-11-21'),(1104698386,'Jaime Andres Forero Peña','CLL 55 SUR No. 102a 8/e04','2017-01-04'),(1105059392,'Julio Enrique Garces Sanchez','CRA 78N 38 B 40','2017-01-10'),(1105689135,'Wilson Fernando Cifuentes Galvis','CRA 7C No. 2  30','2017-01-10'),(1110454554,'Michael Esteven Cuenca Barrero','CRA 120 77 11','2017-01-04'),(1110536426,'Jhonatan Smit Colorado Suarez','CLL 59 SUR 39 24','2017-02-06'),(1110539060,'Jose Leonardo Padilla Lopez','CRA 41A No. 58c 35 sur','2017-01-05'),(1112480946,'Nilson Mezu Palacios','CRA 88c No. 63  67','2017-01-04'),(1116233850,'Ivan Adolfo Escobar Osma','CLL 42F SUR No 94 A 16','2017-01-10'),(1120372335,'Juan Pablo Suarez Sastre','TV 9 ESTE 46B 68','2017-01-30'),(1127617029,'Carlos Robinson Ocariz Bautista','CLL 6A 15 19','2017-03-01'),(1233491681,'Luis Fernando Mora Rodriguez','CLL 57 88 34','2017-02-06');
/*!40000 ALTER TABLE `conductor` ENABLE KEYS */;
UNLOCK TABLES;

--
-- Temporary view structure for view `conductoresarutas`
--

DROP TABLE IF EXISTS `conductoresarutas`;
/*!50001 DROP VIEW IF EXISTS `conductoresarutas`*/;
SET @saved_cs_client     = @@character_set_client;
/*!50503 SET character_set_client = utf8mb4 */;
/*!50001 CREATE VIEW `conductoresarutas` AS SELECT 
 1 AS `idConductor`,
 1 AS `cn`,
 1 AS `idRuta`,
 1 AS `nombre`*/;
SET character_set_client = @saved_cs_client;

--
-- Table structure for table `conductorruta`
--

DROP TABLE IF EXISTS `conductorruta`;
/*!40101 SET @saved_cs_client     = @@character_set_client */;
/*!50503 SET character_set_client = utf8mb4 */;
CREATE TABLE `conductorruta` (
  `idConductorRuta` int(11) NOT NULL AUTO_INCREMENT,
  `fechaInicio` date NOT NULL,
  `fechaFin` date NOT NULL,
  `FK_idConductor` bigint(20) NOT NULL,
  `FK_idRuta` int(11) NOT NULL,
  PRIMARY KEY (`idConductorRuta`),
  KEY `FK_idConductor` (`FK_idConductor`),
  KEY `FK_idRuta` (`FK_idRuta`),
  CONSTRAINT `conductorruta_ibfk_1` FOREIGN KEY (`FK_idConductor`) REFERENCES `conductor` (`idConductor`),
  CONSTRAINT `conductorruta_ibfk_2` FOREIGN KEY (`FK_idRuta`) REFERENCES `ruta` (`idRuta`)
) ENGINE=InnoDB AUTO_INCREMENT=517 DEFAULT CHARSET=utf8mb4 COLLATE=utf8mb4_0900_ai_ci;
/*!40101 SET character_set_client = @saved_cs_client */;

--
-- Dumping data for table `conductorruta`
--

LOCK TABLES `conductorruta` WRITE;
/*!40000 ALTER TABLE `conductorruta` DISABLE KEYS */;
INSERT INTO `conductorruta` VALUES (1,'1986-02-11','1990-02-11',362189,1),(2,'1993-09-20','1997-09-20',456381,2),(3,'1987-01-09','1991-01-09',1177641,4),(4,'2012-04-09','2016-04-09',1298331,4),(5,'2008-09-01','2012-09-01',2963993,5),(6,'1994-07-07','1998-07-07',2995791,6),(7,'2008-09-02','2012-09-02',3008808,7),(8,'2012-06-01','2016-06-01',3008837,8),(9,'1994-03-22','1998-03-22',3048893,9),(10,'2003-09-11','2007-09-11',3057196,10),(11,'2011-03-15','2015-03-15',3057304,11),(12,'2011-03-02','2015-03-02',3057306,12),(13,'2015-10-16','2019-10-16',3057308,13),(14,'1983-07-28','1987-07-28',3063186,14),(15,'1980-02-28','1984-02-28',3101543,15),(16,'2002-01-09','2006-01-09',3101774,16),(17,'2011-03-14','2015-03-14',3102053,17),(18,'2002-01-09','2006-01-09',3102059,18),(19,'2017-01-03','2021-01-03',3102181,19),(20,'1985-10-21','1989-10-21',3140011,20),(21,'2000-07-31','2004-07-31',3151034,21),(22,'2000-05-29','2004-05-29',3202763,22),(23,'1987-05-26','1991-05-26',3231799,23),(24,'1996-08-15','2000-08-15',3238795,24),(25,'2017-01-04','2021-01-04',3239103,1),(26,'1979-09-12','1983-09-12',3246007,2),(27,'2007-01-15','2011-01-15',3253632,4),(28,'1982-11-22','1986-11-22',4118856,4),(29,'2007-02-19','2011-02-19',4119765,5),(30,'2002-01-09','2006-01-09',4248843,6),(31,'2017-01-10','2021-01-10',4439375,7),(32,'2007-03-20','2011-03-20',4568660,8),(33,'2003-09-11','2007-09-11',4829935,9),(34,'2008-08-19','2012-08-19',5164598,10),(35,'2017-01-04','2021-01-04',5653394,11),(36,'2007-03-20','2011-03-20',5657587,12),(37,'1987-03-20','1991-03-20',5691671,13),(38,'1995-04-25','1999-04-25',5692207,14),(39,'2012-05-23','2016-05-23',5771028,15),(40,'2017-01-04','2021-01-04',5824475,16),(41,'1986-04-14','1990-04-14',5842013,17),(42,'2000-09-25','2004-09-25',5975849,18),(43,'1999-04-26','2003-04-26',5991863,19),(44,'2015-06-01','2019-06-01',5992669,20),(45,'1984-06-18','1988-06-18',6012606,21),(46,'2003-01-09','2007-01-09',6014784,22),(47,'2016-08-08','2020-08-08',6844101,23),(48,'2017-01-04','2021-01-04',7152649,24),(49,'2017-01-04','2021-01-04',7172230,1),(50,'1994-02-14','1998-02-14',7641402,2),(51,'2001-07-16','2005-07-16',7641483,4),(52,'2007-02-19','2011-02-19',7641957,4),(53,'2007-03-20','2011-03-20',7642785,5),(54,'2016-02-03','2020-02-03',8027790,6),(55,'2017-01-04','2021-01-04',8168119,7),(56,'2017-01-16','2021-01-16',8799241,8),(57,'1988-01-27','1992-01-27',9282981,9),(58,'1993-02-10','1997-02-10',9526062,10),(59,'2015-02-23','2019-02-23',9620218,11),(60,'1994-02-09','1998-02-09',10252488,12),(61,'1996-08-16','2000-08-16',11302777,13),(62,'2004-10-07','2008-10-07',11314597,14),(63,'2003-01-09','2007-01-09',11412009,15),(64,'1995-01-24','1999-01-24',12190023,16),(65,'2011-03-02','2015-03-02',12199310,17),(66,'1995-01-03','1999-01-03',12256069,18),(67,'2008-08-04','2012-08-04',13520185,19),(68,'2007-07-09','2011-07-09',13706193,20),(69,'2004-09-27','2008-09-27',13951949,21),(70,'2017-01-05','2021-01-05',13959266,22),(71,'2012-07-16','2016-07-16',14105238,23),(72,'1996-07-25','2000-07-25',14248745,24),(73,'1982-08-23','1986-08-23',14317849,1),(74,'1983-06-15','1987-06-15',17129745,2),(75,'2017-01-10','2021-01-10',18619338,4),(76,'2017-01-04','2021-01-04',19064056,4),(77,'1988-03-10','1992-03-10',19264856,5),(78,'1986-03-20','1990-03-20',19268230,6),(79,'1979-10-01','1983-10-01',19286958,7),(80,'1995-02-09','1999-02-09',19289572,8),(81,'1986-07-02','1990-07-02',19314783,9),(82,'1988-06-07','1992-06-07',19321230,10),(83,'2006-04-17','2010-04-17',19329334,11),(84,'1976-03-24','1980-03-24',19331113,12),(85,'1978-11-27','1982-11-27',19333389,13),(86,'1983-11-07','1987-11-07',19353925,14),(87,'1982-06-02','1986-06-02',19356771,15),(88,'1981-04-09','1985-04-09',19357088,16),(89,'2003-01-01','2007-01-01',19377274,17),(90,'1986-07-02','1990-07-02',19384515,18),(91,'1986-03-06','1990-03-06',19387387,19),(92,'1983-05-10','1987-05-10',19402237,20),(93,'1981-10-26','1985-10-26',19412571,21),(94,'1981-01-29','1985-01-29',19413706,22),(95,'1984-02-15','1988-02-15',19425014,23),(96,'1982-02-12','1986-02-12',19430086,24),(97,'1981-01-26','1985-01-26',19435379,1),(98,'1985-01-17','1989-01-17',19442789,2),(99,'2002-01-09','2006-01-09',19465295,4),(100,'1993-03-10','1997-03-10',19466698,4),(101,'1996-09-17','2000-09-17',19467276,5),(102,'1984-05-07','1988-05-07',19469917,6),(103,'1987-04-02','1991-04-02',19472650,7),(104,'2001-09-24','2005-09-24',19476685,8),(105,'2007-03-20','2011-03-20',19481794,9),(106,'2000-07-17','2004-07-17',19488987,10),(107,'1984-08-01','1988-08-01',19498514,11),(108,'2002-08-05','2006-08-05',19597450,12),(109,'2015-07-01','2019-07-01',20404206,13),(110,'2017-01-16','2021-01-16',20461462,14),(111,'2017-01-16','2021-01-16',20523900,15),(112,'1993-02-10','1997-02-10',20586216,16),(113,'2000-04-24','2004-04-24',20586655,17),(114,'2017-01-16','2021-01-16',20644245,18),(115,'2015-07-01','2019-07-01',20647767,19),(116,'2017-01-04','2021-01-04',20667487,20),(117,'2017-01-04','2021-01-04',20701584,21),(118,'2015-07-01','2019-07-01',20744297,22),(119,'1983-11-16','1987-11-16',20754181,23),(120,'2016-11-03','2020-11-03',20760042,24),(121,'1987-02-16','1991-02-16',20795205,1),(122,'2001-01-03','2005-01-03',20989115,2),(123,'2015-07-01','2019-07-01',21189887,4),(124,'2002-12-18','2006-12-18',23437629,4),(125,'2015-07-01','2019-07-01',23474434,5),(126,'2003-05-22','2007-05-22',23582437,6),(127,'2017-01-04','2021-01-04',23582491,7),(128,'2015-07-01','2019-07-01',23965083,8),(129,'2000-03-27','2004-03-27',28258940,9),(130,'1996-05-23','2000-05-23',28258974,10),(131,'1981-09-16','1985-09-16',28428057,11),(132,'2017-01-10','2021-01-10',28429410,12),(133,'2017-01-16','2021-01-16',28657241,13),(134,'2012-06-01','2016-06-01',28797968,14),(135,'2011-02-21','2015-02-21',30388859,15),(136,'2001-09-24','2005-09-24',30389940,16),(137,'2017-01-04','2021-01-04',33026767,17),(138,'2011-11-02','2015-11-02',33066005,18),(139,'1984-06-26','1988-06-26',35225107,19),(140,'2015-10-16','2019-10-16',35251849,20),(141,'2017-01-16','2021-01-16',35315488,21),(142,'1983-09-21','1987-09-21',35329489,22),(143,'2003-01-08','2007-01-08',35329986,23),(144,'2017-01-16','2021-01-16',35412244,24),(145,'2007-02-19','2011-02-19',35522725,1),(146,'2017-01-16','2021-01-16',36273062,2),(147,'2004-01-05','2008-01-05',36623464,4),(148,'2013-06-17','2017-06-17',37535825,4),(149,'2015-07-01','2019-07-01',37657862,5),(150,'2017-01-10','2021-01-10',38263088,6),(151,'1993-02-16','1997-02-16',39522813,7),(152,'1987-11-04','1991-11-04',39528771,8),(153,'2006-05-02','2010-05-02',39572267,9),(154,'2017-01-10','2021-01-10',39576590,10),(155,'2017-01-16','2021-01-16',39624896,11),(156,'1984-08-06','1988-08-06',39638886,12),(157,'1993-04-27','1997-04-27',39647314,13),(158,'2017-01-16','2021-01-16',39652172,14),(159,'2011-03-14','2015-03-14',39654962,15),(160,'2015-07-01','2019-07-01',39663011,16),(161,'2017-01-16','2021-01-16',39704112,17),(162,'2015-07-01','2019-07-01',39707610,18),(163,'2017-01-16','2021-01-16',39716029,19),(164,'2015-07-01','2019-07-01',39721451,20),(165,'2017-01-23','2021-01-23',39724214,21),(166,'2000-01-24','2004-01-24',39753457,22),(167,'2008-08-11','2012-08-11',39763819,23),(168,'2004-03-23','2008-03-23',39769037,24),(169,'2008-09-22','2012-09-22',39794757,1),(170,'2017-01-16','2021-01-16',39900985,2),(171,'2001-03-05','2005-03-05',40392499,4),(172,'2013-06-17','2017-06-17',40412906,4),(173,'2017-01-16','2021-01-16',40776107,5),(174,'1983-09-15','1987-09-15',41739355,6),(175,'2015-07-01','2019-07-01',41772724,7),(176,'2008-02-05','2012-02-05',42121166,8),(177,'1994-01-17','1998-01-17',43048675,9),(178,'2011-03-28','2015-03-28',51563143,10),(179,'2017-01-16','2021-01-16',51591430,11),(180,'1982-05-03','1986-05-03',51606998,12),(181,'1983-02-16','1987-02-16',51614177,13),(182,'1985-12-12','1989-12-12',51629355,14),(183,'1987-04-02','1991-04-02',51646354,15),(184,'1996-07-30','2000-07-30',51674826,16),(185,'1989-05-23','1993-05-23',51703870,17),(186,'2015-07-01','2019-07-01',51715338,18),(187,'1986-12-12','1990-12-12',51717468,19),(188,'2015-07-01','2019-07-01',51720013,20),(189,'1987-02-16','1991-02-16',51745414,21),(190,'1981-02-05','1985-02-05',51761326,22),(191,'2017-01-16','2021-01-16',51761685,23),(192,'2017-02-20','2021-02-20',51764842,24),(193,'2015-07-01','2019-07-01',51767677,1),(194,'2017-01-16','2021-01-16',51771803,2),(195,'1984-09-28','1988-09-28',51782495,4),(196,'1987-06-10','1991-06-10',51788445,4),(197,'1996-08-14','2000-08-14',51796675,5),(198,'2000-05-15','2004-05-15',51811180,6),(199,'1994-05-06','1998-05-06',51831536,7),(200,'1987-01-20','1991-01-20',51845735,8),(201,'2007-03-05','2011-03-05',51870933,9),(202,'2017-01-04','2021-01-04',51908438,10),(203,'2017-01-16','2021-01-16',51921188,11),(204,'2002-03-25','2006-03-25',51949855,12),(205,'2017-01-16','2021-01-16',51950103,13),(206,'2011-10-10','2015-10-10',51968440,14),(207,'2015-07-01','2019-07-01',51973618,15),(208,'2004-03-23','2008-03-23',52001810,16),(209,'2017-01-10','2021-01-10',52016106,17),(210,'2017-01-16','2021-01-16',52020212,18),(211,'2002-03-25','2006-03-25',52020635,19),(212,'2017-01-16','2021-01-16',52036447,20),(213,'2017-01-16','2021-01-16',52050822,21),(214,'2017-01-16','2021-01-16',52066422,22),(215,'2002-10-09','2006-10-09',52069100,23),(216,'2008-08-11','2012-08-11',52069262,24),(217,'2017-01-04','2021-01-04',52097439,1),(218,'2011-03-07','2015-03-07',52101086,2),(219,'2001-01-03','2005-01-03',52113598,4),(220,'2007-02-19','2011-02-19',52127762,4),(221,'2017-01-16','2021-01-16',52129449,5),(222,'2017-01-16','2021-01-16',52170486,6),(223,'2004-03-15','2008-03-15',52173188,7),(224,'2004-01-05','2008-01-05',52175278,8),(225,'2015-10-16','2019-10-16',52175692,9),(226,'2017-01-16','2021-01-16',52203354,10),(227,'2014-01-07','2018-01-07',52205896,11),(228,'1996-07-03','2000-07-03',52207288,12),(229,'2001-03-05','2005-03-05',52215397,13),(230,'2008-08-11','2012-08-11',52229328,14),(231,'2011-03-07','2015-03-07',52290583,15),(232,'2017-01-04','2021-01-04',52293372,16),(233,'2017-01-10','2021-01-10',52305729,17),(234,'2017-01-16','2021-01-16',52323522,18),(235,'2013-06-17','2017-06-17',52361082,19),(236,'2012-07-16','2016-07-16',52370526,20),(237,'2001-01-03','2005-01-03',52431313,21),(238,'2013-06-17','2017-06-17',52434259,22),(239,'2001-03-05','2005-03-05',52441410,23),(240,'2017-01-16','2021-01-16',52446907,24),(241,'2017-01-16','2021-01-16',52464451,1),(242,'2002-03-25','2006-03-25',52464894,2),(243,'2005-01-11','2009-01-11',52489664,4),(244,'2008-08-25','2012-08-25',52518832,4),(245,'2017-01-16','2021-01-16',52527634,5),(246,'2017-01-16','2021-01-16',52540595,6),(247,'2017-01-04','2021-01-04',52547207,7),(248,'1994-06-23','1998-06-23',52553394,8),(249,'2017-01-10','2021-01-10',52557290,9),(250,'2007-06-04','2011-06-04',52661826,10),(251,'2015-10-16','2019-10-16',52739794,11),(252,'2017-01-16','2021-01-16',52743405,12),(253,'2016-09-26','2020-09-26',52745524,13),(254,'2008-08-25','2012-08-25',52753028,14),(255,'2003-01-08','2007-01-08',52755916,15),(256,'2017-01-16','2021-01-16',52758458,16),(257,'2017-01-16','2021-01-16',52761711,17),(258,'2011-03-07','2015-03-07',52775441,18),(259,'2017-01-10','2021-01-10',52784132,19),(260,'2017-01-10','2021-01-10',52784957,20),(261,'2012-01-05','2016-01-05',52826419,21),(262,'2017-01-04','2021-01-04',52839109,22),(263,'2017-01-16','2021-01-16',52908783,23),(264,'2012-07-16','2016-07-16',52930432,24),(265,'2004-03-16','2008-03-16',52952971,1),(266,'2011-02-21','2015-02-21',53075766,2),(267,'2015-10-01','2019-10-01',53076447,4),(268,'2017-01-04','2021-01-04',53080261,4),(269,'2017-01-04','2021-01-04',53894828,5),(270,'2003-05-22','2007-05-22',63370188,6),(271,'2017-01-16','2021-01-16',65632815,7),(272,'2011-02-21','2015-02-21',65700934,8),(273,'2017-01-10','2021-01-10',65701088,9),(274,'2017-01-16','2021-01-16',65706845,10),(275,'2004-09-13','2008-09-13',65727075,11),(276,'2000-09-25','2004-09-25',65733463,12),(277,'2017-01-16','2021-01-16',65760871,13),(278,'2017-01-16','2021-01-16',65799541,14),(279,'2017-01-10','2021-01-10',65811493,15),(280,'2006-04-17','2010-04-17',74323599,16),(281,'2003-05-22','2007-05-22',74357784,17),(282,'2002-05-13','2006-05-13',74374577,18),(283,'2017-01-16','2021-01-16',78692924,19),(284,'1988-02-10','1992-02-10',79002155,20),(285,'2011-03-14','2015-03-14',79003380,21),(286,'2007-06-25','2011-06-25',79004855,22),(287,'2000-10-09','2004-10-09',79040529,23),(288,'2001-09-24','2005-09-24',79041935,24),(289,'2000-10-09','2004-10-09',79058378,1),(290,'1993-06-24','1997-06-24',79060697,2),(291,'1991-10-08','1995-10-08',79115341,4),(292,'1981-08-31','1985-08-31',79116725,4),(293,'1993-05-10','1997-05-10',79122812,5),(294,'2003-10-09','2007-10-09',79124395,6),(295,'2002-10-03','2006-10-03',79131487,7),(296,'2011-03-02','2015-03-02',79139277,8),(297,'2015-01-05','2019-01-05',79183582,9),(298,'2002-10-23','2006-10-23',79205519,10),(299,'2006-03-06','2010-03-06',79215115,11),(300,'2017-01-04','2021-01-04',79220680,12),(301,'1993-01-25','1997-01-25',79252433,13),(302,'1987-07-07','1991-07-07',79259045,14),(303,'1995-01-23','1999-01-23',79266022,15),(304,'1995-01-25','1999-01-25',79266246,16),(305,'2003-03-26','2007-03-26',79293462,17),(306,'1986-06-16','1990-06-16',79323291,18),(307,'1986-11-13','1990-11-13',79339636,19),(308,'1983-10-11','1987-10-11',79342504,20),(309,'2007-08-03','2011-08-03',79343326,21),(310,'2007-02-26','2011-02-26',79357773,22),(311,'1986-03-04','1990-03-04',79363546,23),(312,'2006-03-06','2010-03-06',79371626,24),(313,'2011-03-02','2015-03-02',79382065,1),(314,'2003-01-08','2007-01-08',79392344,2),(315,'1987-07-06','1991-07-06',79416925,4),(316,'2002-08-23','2006-08-23',79430714,4),(317,'2004-09-20','2008-09-20',79447687,5),(318,'2005-09-29','2009-09-29',79450509,6),(319,'2008-09-02','2012-09-02',79498180,7),(320,'1993-02-05','1997-02-05',79499744,8),(321,'2015-10-16','2019-10-16',79500356,9),(322,'2011-02-21','2015-02-21',79502160,10),(323,'2007-02-12','2011-02-12',79509818,11),(324,'2007-06-25','2011-06-25',79537617,12),(325,'2008-09-02','2012-09-02',79537764,13),(326,'2011-03-02','2015-03-02',79561241,14),(327,'2000-09-25','2004-09-25',79569449,15),(328,'2002-09-25','2006-09-25',79609506,16),(329,'2004-03-23','2008-03-23',79610814,17),(330,'2004-01-01','2008-01-01',79611260,18),(331,'2003-01-09','2007-01-09',79614156,19),(332,'2001-09-24','2005-09-24',79614466,20),(333,'2007-03-12','2011-03-12',79620078,21),(334,'1999-12-20','2003-12-20',79654852,22),(335,'2001-09-24','2005-09-24',79666176,23),(336,'1994-07-15','1998-07-15',79666554,24),(337,'2006-03-06','2010-03-06',79703119,1),(338,'2017-01-10','2021-01-10',79703753,2),(339,'2002-10-09','2006-10-09',79709549,4),(340,'2007-06-25','2011-06-25',79712818,4),(341,'2001-07-16','2005-07-16',79717958,5),(342,'2017-01-17','2021-01-17',79761327,6),(343,'2011-03-14','2015-03-14',79763396,7),(344,'2008-10-01','2012-10-01',79786690,8),(345,'2004-06-02','2008-06-02',79811423,9),(346,'2004-09-20','2008-09-20',79815112,10),(347,'2007-03-22','2011-03-22',79816421,11),(348,'2008-08-25','2012-08-25',79817077,12),(349,'2003-10-01','2007-10-01',79817479,13),(350,'2016-12-19','2020-12-19',79820055,14),(351,'2007-02-12','2011-02-12',79844580,15),(352,'1995-05-12','1999-05-12',79850489,16),(353,'2015-10-16','2019-10-16',79866855,17),(354,'2003-01-09','2007-01-09',79887754,18),(355,'2001-09-24','2005-09-24',79909484,19),(356,'2001-01-02','2005-01-02',80020209,20),(357,'2006-03-13','2010-03-13',80020227,21),(358,'2017-01-04','2021-01-04',80142457,22),(359,'2003-01-08','2007-01-08',80149918,23),(360,'2006-05-08','2010-05-08',80160623,24),(361,'2012-06-01','2016-06-01',80162618,1),(362,'2014-01-07','2018-01-07',80166477,2),(363,'2017-01-05','2021-01-05',80216880,4),(364,'2004-09-27','2008-09-27',80233316,4),(365,'1994-02-14','1998-02-14',80267020,5),(366,'2002-08-05','2006-08-05',80267834,6),(367,'1985-02-04','1989-02-04',80268250,7),(368,'2011-02-21','2015-02-21',80323309,8),(369,'1994-07-14','1998-07-14',80376832,9),(370,'2004-07-14','2008-07-14',80377266,10),(371,'2007-02-12','2011-02-12',80382133,11),(372,'2012-04-09','2016-04-09',80383560,12),(373,'1993-03-12','1997-03-12',80414549,13),(374,'1994-04-12','1998-04-12',80433643,14),(375,'2000-06-06','2004-06-06',80437249,15),(376,'1995-05-15','1999-05-15',80437982,16),(377,'1995-02-08','1999-02-08',80438056,17),(378,'2007-03-05','2011-03-05',80492017,18),(379,'2002-12-23','2006-12-23',80731630,19),(380,'2017-01-04','2021-01-04',80731888,20),(381,'2011-02-21','2015-02-21',80734728,21),(382,'2015-10-01','2019-10-01',80746503,22),(383,'2007-02-12','2011-02-12',80761702,23),(384,'2006-04-03','2010-04-03',80766103,24),(385,'2005-01-11','2009-01-11',80767679,1),(386,'2011-02-21','2015-02-21',80878111,2),(387,'2011-03-02','2015-03-02',80911570,4),(388,'2017-01-03','2021-01-03',80913644,4),(389,'1996-07-31','2000-07-31',87714473,5),(390,'2008-10-18','2012-10-18',88167275,6),(391,'2006-04-17','2010-04-17',91043993,7),(392,'2003-11-10','2007-11-10',91209953,8),(393,'2008-08-25','2012-08-25',91443082,9),(394,'1987-07-13','1991-07-13',91454160,10),(395,'2008-09-02','2012-09-02',91454746,11),(396,'2016-07-27','2020-07-27',92030219,12),(397,'2017-01-23','2021-01-23',92033955,13),(398,'2017-01-04','2021-01-04',93086708,14),(399,'2015-07-01','2019-07-01',93090157,15),(400,'2015-10-16','2019-10-16',93134793,16),(401,'1995-05-15','1999-05-15',93203207,17),(402,'2007-03-05','2011-03-05',93294317,18),(403,'2001-03-12','2005-03-12',93295071,19),(404,'1992-08-08','1996-08-08',93375833,20),(405,'2002-10-09','2006-10-09',96351798,21),(406,'2014-01-07','2018-01-07',97612552,22),(407,'2017-01-05','2021-01-05',1001044454,23),(408,'2017-01-23','2021-01-23',1001546994,24),(409,'2016-09-28','2020-09-28',1002373975,1),(410,'2017-01-04','2021-01-04',1004247829,2),(411,'2017-01-11','2021-01-11',1007218185,4),(412,'2017-01-26','2021-01-26',1010209742,4),(413,'2015-10-01','2019-10-01',1012317855,5),(414,'2011-03-02','2015-03-02',1012329118,6),(415,'2017-01-27','2021-01-27',1012331914,7),(416,'2011-03-14','2015-03-14',1012341217,8),(417,'2017-01-11','2021-01-11',1012370063,9),(418,'2017-01-16','2021-01-16',1012371554,10),(419,'2017-01-17','2021-01-17',1012384627,11),(420,'2017-01-10','2021-01-10',1012395202,12),(421,'2017-02-06','2021-02-06',1012400645,13),(422,'2017-01-10','2021-01-10',1012411188,14),(423,'2017-01-16','2021-01-16',1012413158,15),(424,'2016-09-26','2020-09-26',1012423382,16),(425,'2016-11-01','2020-11-01',1012423920,17),(426,'2017-01-10','2021-01-10',1013579258,18),(427,'2008-08-04','2012-08-04',1013583333,19),(428,'2017-01-10','2021-01-10',1013629947,20),(429,'2017-01-16','2021-01-16',1013632886,21),(430,'2017-01-30','2021-01-30',1013682256,22),(431,'2017-01-04','2021-01-04',1014212346,23),(432,'2016-02-11','2020-02-11',1014272873,24),(433,'2017-01-04','2021-01-04',1015403969,1),(434,'2017-01-04','2021-01-04',1015445240,2),(435,'2008-10-01','2012-10-01',1016019475,4),(436,'2017-01-10','2021-01-10',1018443262,4),(437,'2017-01-16','2021-01-16',1019038052,5),(438,'2017-01-16','2021-01-16',1020823573,6),(439,'2017-01-16','2021-01-16',1022333820,7),(440,'2017-01-04','2021-01-04',1022335228,8),(441,'2017-01-10','2021-01-10',1022362293,9),(442,'2011-10-16','2015-10-16',1022383360,10),(443,'2017-01-10','2021-01-10',1022401751,11),(444,'2016-06-07','2020-06-07',1022434996,12),(445,'2017-01-04','2021-01-04',1022925364,13),(446,'2017-01-16','2021-01-16',1023002968,14),(447,'2011-03-02','2015-03-02',1023873641,15),(448,'2017-01-04','2021-01-04',1023887126,16),(449,'2017-01-10','2021-01-10',1023917666,17),(450,'2017-01-04','2021-01-04',1023945781,18),(451,'2014-01-07','2018-01-07',1024464293,19),(452,'2017-01-27','2021-01-27',1024466681,20),(453,'2017-01-16','2021-01-16',1024467106,21),(454,'2015-11-20','2019-11-20',1024504396,22),(455,'2016-10-24','2020-10-24',1024517894,23),(456,'2017-01-04','2021-01-04',1024526031,24),(457,'2017-02-13','2021-02-13',1024542943,1),(458,'2017-03-01','2021-03-01',1024559533,2),(459,'2017-01-11','2021-01-11',1024577578,4),(460,'2014-01-07','2018-01-07',1026250182,4),(461,'2017-01-04','2021-01-04',1030551595,5),(462,'2017-02-13','2021-02-13',1030572970,6),(463,'2017-01-04','2021-01-04',1030591364,7),(464,'2017-02-13','2021-02-13',1030594605,8),(465,'2017-01-04','2021-01-04',1031133258,9),(466,'2017-01-05','2021-01-05',1032361289,10),(467,'2014-08-16','2018-08-16',1032424198,11),(468,'2012-07-16','2016-07-16',1032447731,12),(469,'2017-01-16','2021-01-16',1033685235,13),(470,'2017-01-04','2021-01-04',1033700458,14),(471,'2017-01-11','2021-01-11',1033716232,15),(472,'2017-03-06','2021-03-06',1033751710,16),(473,'2017-01-03','2021-01-03',1033759682,17),(474,'2017-01-04','2021-01-04',1033776510,18),(475,'2017-01-17','2021-01-17',1040793969,19),(476,'2017-01-04','2021-01-04',1046396114,20),(477,'2015-10-16','2019-10-16',1049645130,21),(478,'2017-01-16','2021-01-16',1050398402,22),(479,'2017-01-04','2021-01-04',1053330512,23),(480,'2017-01-16','2021-01-16',1056553758,24),(481,'2011-03-07','2015-03-07',1058842272,1),(482,'2008-09-08','2012-09-08',1060587549,2),(483,'2017-01-11','2021-01-11',1061625489,4),(484,'2017-01-10','2021-01-10',1061625814,4),(485,'2017-01-10','2021-01-10',1062276967,5),(486,'2017-01-10','2021-01-10',1065136855,6),(487,'2017-01-04','2021-01-04',1069725802,7),(488,'2015-10-01','2019-10-01',1069832364,8),(489,'2017-02-06','2021-02-06',1072427165,9),(490,'2014-01-07','2018-01-07',1073159227,10),(491,'2016-01-05','2020-01-05',1073679950,11),(492,'2016-07-13','2020-07-13',1073694504,12),(493,'2017-01-04','2021-01-04',1073697733,13),(494,'2017-01-16','2021-01-16',1073708993,14),(495,'2012-06-01','2016-06-01',1074416231,15),(496,'2017-01-11','2021-01-11',1074416722,16),(497,'2017-01-11','2021-01-11',1074486551,17),(498,'2017-02-09','2021-02-09',1076200196,18),(499,'2017-01-05','2021-01-05',1076200586,19),(500,'2014-01-07','2018-01-07',1079173909,20),(501,'2017-01-11','2021-01-11',1085048378,21),(502,'2017-01-04','2021-01-04',1086500163,22),(503,'2011-03-14','2015-03-14',1087673110,23),(504,'2015-10-01','2019-10-01',1093219461,24),(505,'2016-11-21','2020-11-21',1101874563,1),(506,'2017-01-04','2021-01-04',1104698386,2),(507,'2017-01-10','2021-01-10',1105059392,4),(508,'2017-01-10','2021-01-10',1105689135,4),(509,'2017-01-04','2021-01-04',1110454554,5),(510,'2017-02-06','2021-02-06',1110536426,6),(511,'2017-01-05','2021-01-05',1110539060,7),(512,'2017-01-04','2021-01-04',1112480946,8),(513,'2017-01-10','2021-01-10',1116233850,9),(514,'2017-01-30','2021-01-30',1120372335,10),(515,'2017-03-01','2021-03-01',1127617029,11),(516,'2017-02-06','2021-02-06',1233491681,12);
/*!40000 ALTER TABLE `conductorruta` ENABLE KEYS */;
UNLOCK TABLES;

--
-- Table structure for table `costo`
--

DROP TABLE IF EXISTS `costo`;
/*!40101 SET @saved_cs_client     = @@character_set_client */;
/*!50503 SET character_set_client = utf8mb4 */;
CREATE TABLE `costo` (
  `idCosto` int(11) NOT NULL AUTO_INCREMENT,
  `costo` decimal(15,2) NOT NULL,
  `fechaCosto` date NOT NULL,
  `FK_idRuta` int(11) NOT NULL,
  PRIMARY KEY (`idCosto`),
  KEY `FK_idRuta` (`FK_idRuta`),
  CONSTRAINT `costo_ibfk_1` FOREIGN KEY (`FK_idRuta`) REFERENCES `ruta` (`idRuta`)
) ENGINE=InnoDB AUTO_INCREMENT=33 DEFAULT CHARSET=utf8mb4 COLLATE=utf8mb4_0900_ai_ci;
/*!40101 SET character_set_client = @saved_cs_client */;

--
-- Dumping data for table `costo`
--

LOCK TABLES `costo` WRITE;
/*!40000 ALTER TABLE `costo` DISABLE KEYS */;
INSERT INTO `costo` VALUES (1,560000.00,'1985-05-20',1),(2,420000.00,'2000-01-16',2),(3,350000.00,'1999-03-06',4),(4,850000.00,'2005-07-07',5),(5,775000.00,'2008-09-13',6),(6,230000.00,'2016-04-06',7),(7,490000.00,'1983-04-25',8),(8,890000.00,'1987-06-05',9),(9,1120000.00,'1993-08-27',10),(10,725000.00,'2015-11-23',11),(11,190000.00,'2019-12-24',12),(12,360000.00,'2009-09-08',13),(13,226000.00,'2004-07-28',14),(14,400000.00,'2000-02-02',15),(15,963000.00,'1989-09-03',16),(16,154126.00,'1997-03-03',17),(17,526264.00,'2003-05-06',18),(18,460521.00,'2013-06-08',19),(19,985624.00,'2015-09-09',20),(20,456000.00,'2020-01-20',21),(21,265000.00,'2017-06-06',22),(22,132654.00,'2014-03-19',23),(23,124565.00,'2020-02-10',24),(24,560000.00,'2006-05-20',1),(25,420000.00,'2009-03-16',2),(26,350000.00,'2014-09-06',4),(27,850000.00,'2015-09-07',5),(28,490000.00,'2012-12-25',8),(29,890000.00,'2018-06-05',9),(30,1120000.00,'2016-10-27',10),(31,963000.00,'2010-11-03',16),(32,154126.00,'2011-05-03',17);
/*!40000 ALTER TABLE `costo` ENABLE KEYS */;
UNLOCK TABLES;

--
-- Table structure for table `marca`
--

DROP TABLE IF EXISTS `marca`;
/*!40101 SET @saved_cs_client     = @@character_set_client */;
/*!50503 SET character_set_client = utf8mb4 */;
CREATE TABLE `marca` (
  `idMarca` int(11) NOT NULL AUTO_INCREMENT,
  `nombre` varchar(50) NOT NULL,
  PRIMARY KEY (`idMarca`)
) ENGINE=InnoDB AUTO_INCREMENT=15 DEFAULT CHARSET=utf8mb4 COLLATE=utf8mb4_0900_ai_ci;
/*!40101 SET character_set_client = @saved_cs_client */;

--
-- Dumping data for table `marca`
--

LOCK TABLES `marca` WRITE;
/*!40000 ALTER TABLE `marca` DISABLE KEYS */;
INSERT INTO `marca` VALUES (1,'Alpina'),(2,'Colombina'),(3,'Postobón'),(4,'Ramo'),(5,'Nestle'),(6,'Cocacola'),(7,'Pepsico'),(8,'Unilever'),(9,'Kelloggs'),(10,'Alqueria'),(11,'Colanta'),(12,'Zenú'),(13,'Fruco'),(14,'Doria');
/*!40000 ALTER TABLE `marca` ENABLE KEYS */;
UNLOCK TABLES;

--
-- Table structure for table `pedido`
--

DROP TABLE IF EXISTS `pedido`;
/*!40101 SET @saved_cs_client     = @@character_set_client */;
/*!50503 SET character_set_client = utf8mb4 */;
CREATE TABLE `pedido` (
  `idPedido` int(11) NOT NULL AUTO_INCREMENT,
  `fechaEntrega` date NOT NULL,
  `fechaPedido` date NOT NULL,
  `FK_idCliente` bigint(20) NOT NULL,
  `FK_idConductorRuta` int(11) NOT NULL,
  PRIMARY KEY (`idPedido`),
  KEY `FK_idCliente` (`FK_idCliente`),
  KEY `FK_idConductorRuta` (`FK_idConductorRuta`),
  CONSTRAINT `pedido_ibfk_1` FOREIGN KEY (`FK_idCliente`) REFERENCES `cliente` (`idCliente`),
  CONSTRAINT `pedido_ibfk_2` FOREIGN KEY (`FK_idConductorRuta`) REFERENCES `conductorruta` (`idConductorRuta`)
) ENGINE=InnoDB AUTO_INCREMENT=44 DEFAULT CHARSET=utf8mb4 COLLATE=utf8mb4_0900_ai_ci;
/*!40101 SET character_set_client = @saved_cs_client */;

--
-- Dumping data for table `pedido`
--

LOCK TABLES `pedido` WRITE;
/*!40000 ALTER TABLE `pedido` DISABLE KEYS */;
INSERT INTO `pedido` VALUES (1,'2020-04-04','2020-03-28',1193224506,18),(2,'2020-04-01','2020-03-28',1193224506,18),(3,'2020-03-30','2020-03-28',1193224506,18),(4,'2020-04-04','2020-03-28',1070330390,17),(5,'2020-04-01','2020-03-28',1070330390,17),(6,'2020-04-04','2020-03-28',1033701519,2),(7,'2020-03-30','2020-03-28',1033701519,2),(8,'2020-04-04','2020-03-28',1024543909,5),(9,'2020-04-01','2020-03-28',1024543909,5),(10,'2020-03-30','2020-03-28',1024543909,5),(11,'2020-04-01','2020-03-28',1022372770,18),(12,'2020-04-01','2020-03-28',1022372770,18),(13,'2020-03-30','2020-03-28',1022372770,18),(14,'2020-04-04','2020-03-28',1012359878,18),(15,'2020-04-01','2020-03-28',1012359878,18),(16,'2020-03-30','2020-03-28',80801519,23),(17,'2020-03-30','2020-03-28',80801519,23),(18,'2020-03-30','2020-03-28',80801519,23),(19,'2020-04-04','2020-03-28',1078346661,5),(20,'2020-04-01','2020-03-28',1078346661,5),(21,'2020-04-01','2020-03-28',1078346661,5),(22,'2020-04-01','2020-03-28',1078346661,5),(23,'2020-04-01','2020-03-28',1078346661,5),(24,'2020-04-01','2020-03-28',1054090081,7),(25,'2020-04-01','2020-03-28',1054090081,7),(26,'2020-04-01','2020-03-28',1054090081,7),(27,'2020-04-04','2020-03-28',1024543909,5),(28,'2020-04-04','2020-03-28',1024543909,5),(29,'2020-03-30','2020-03-28',1024543909,5),(30,'2020-04-04','2020-03-28',1022967617,6),(31,'2020-04-01','2020-03-28',1022967617,6),(32,'2020-03-30','2020-03-28',1022967617,6),(33,'2020-03-30','2020-03-28',1022967617,6),(34,'2020-04-01','2020-03-28',1022967617,6),(35,'2020-03-30','2020-03-28',1012421425,18),(36,'2020-04-04','2020-03-28',1012421425,18),(37,'2020-04-04','2020-03-28',1012421425,18),(39,'2020-04-01','2020-03-28',96123704,11),(40,'2020-04-01','2020-03-28',96123704,11),(41,'2020-03-30','2020-03-28',96123704,11),(42,'2020-04-04','2020-03-28',19222789,1),(43,'2020-04-01','2020-03-28',19222789,1);
/*!40000 ALTER TABLE `pedido` ENABLE KEYS */;
UNLOCK TABLES;

--
-- Table structure for table `permiso`
--

DROP TABLE IF EXISTS `permiso`;
/*!40101 SET @saved_cs_client     = @@character_set_client */;
/*!50503 SET character_set_client = utf8mb4 */;
CREATE TABLE `permiso` (
  `idPermiso` bigint(20) NOT NULL AUTO_INCREMENT,
  `url` varchar(100) NOT NULL,
  PRIMARY KEY (`idPermiso`)
) ENGINE=InnoDB DEFAULT CHARSET=utf8mb4 COLLATE=utf8mb4_0900_ai_ci;
/*!40101 SET character_set_client = @saved_cs_client */;

--
-- Dumping data for table `permiso`
--

LOCK TABLES `permiso` WRITE;
/*!40000 ALTER TABLE `permiso` DISABLE KEYS */;
INSERT INTO `permiso` VALUES (1,'/cliente/'),(2,'/cliente/add'),(3,'/cliente/eliminar/'),(4,'/cliente/actualizar/'),(5,'/conductor/'),(6,'/conductor/add'),(7,'/conductor/eliminar/'),(8,'/conductor/actualizar/'),(9,'/conductorRuta/'),(10,'/conductorRuta/add'),(11,'/conductorRuta/eliminar/'),(12,'/conductorRuta/actualizar/'),(13,'/proveedorProducto/'),(14,'/proveedorProducto/add'),(15,'/proveedorProducto/eliminar/'),(16,'/proveedorProducto/actualizar/'),(17,'/proveedor/'),(18,'/proveedor/add'),(19,'/proveedor/eliminar/'),(20,'/proveedor/actualizar/'),(21,'/producto/'),(22,'/producto/add'),(23,'/producto/eliminar/'),(24,'/producto/actualizar/'),(25,'/costo/'),(26,'/costo/add'),(27,'/costo/eliminar/'),(28,'/costo/actualizar/'),(29,'/marca/'),(30,'/marca/add'),(31,'/marca/eliminar/'),(32,'/marca/actualizar/'),(33,'/rutas/'),(34,'/rutas/add'),(35,'/rutas/eliminar/'),(36,'/rutas/actualizar/'),(37,'/profile/'),(38,'/profile/actualizarAdmin/'),(39,'/reportes/'),(40,'/reportes/addReporte'),(41,'/reportes/PDF/:reporte'),(42,'/'),(43,'/logIn'),(44,'/signUp'),(45,'/logOut'),(46,'/usuario/'),(47,'/usuario/getProducts'),(48,'/usuario/getAllProducts'),(49,'/usuario/getProduct'),(50,'/usuario/getSearchProducts'),(51,'/usuario/getSearchProductsMarca'),(52,'/usuario/deleteProduct'),(53,'/usuario/updateCantProduct'),(54,'/usuario/updatePrice'),(55,'/usuario/checkOut'),(56,'/usuario/compra'),(57,'/usuario/actualizar'),(58,'/usuario/actualizarInfo'),(59,'/usuario/misPedidos'),(60,'/inventario/'),(61,'/inventario/eliminar/'),(62,'/inventario/actualizar/'),(63,'/pedido/'),(64,'/pedido/add'),(65,'/pedido/eliminar/'),(66,'/pedido/actualizar/'),(67,'/pedido/mas'),(68,'/pedido/newAdd'),(69,'/mas/cliente'),(70,'/mas/producto'),(71,'/mas/ruta'),(72,'/mas/conductor'),(73,'/mas/planilla'),(74,'/mas/select/ruta'),(75,'/mas/select/planilla');
/*!40000 ALTER TABLE `permiso` ENABLE KEYS */;
UNLOCK TABLES;

--
-- Table structure for table `permisoadministrador`
--

DROP TABLE IF EXISTS `permisoadministrador`;
/*!40101 SET @saved_cs_client     = @@character_set_client */;
/*!50503 SET character_set_client = utf8mb4 */;
CREATE TABLE `permisoadministrador` (
  `FK_idAdministrador` bigint(20) NOT NULL,
  `FK_idPermiso` bigint(20) NOT NULL,
  PRIMARY KEY (`FK_idAdministrador`,`FK_idPermiso`),
  KEY `FK_idPermiso` (`FK_idPermiso`),
  CONSTRAINT `permisoadministrador_ibfk_1` FOREIGN KEY (`FK_idAdministrador`) REFERENCES `administrador` (`idAdministrador`),
  CONSTRAINT `permisoadministrador_ibfk_2` FOREIGN KEY (`FK_idPermiso`) REFERENCES `permiso` (`idPermiso`)
) ENGINE=InnoDB DEFAULT CHARSET=utf8mb4 COLLATE=utf8mb4_0900_ai_ci;
/*!40101 SET character_set_client = @saved_cs_client */;

--
-- Dumping data for table `permisoadministrador`
--

LOCK TABLES `permisoadministrador` WRITE;
/*!40000 ALTER TABLE `permisoadministrador` DISABLE KEYS */;
INSERT INTO `permisoadministrador` VALUES (1001091648,1),(1001091648,2),(1026299996,2),(1001091648,3),(1026299996,3),(1001091648,4),(1026299996,4),(1001091648,5),(1026299996,5),(1001091648,6),(1026299996,6),(1001091648,7),(1026299996,7),(1001091648,8),(1026299996,8),(1001091648,9),(1026299996,9),(1001091648,10),(1026299996,10),(1001091648,11),(1026299996,11),(1001091648,12),(1026299996,12),(1001091648,13),(1026299996,13),(1001091648,14),(1026299996,14),(1001091648,15),(1026299996,15),(1001091648,16),(1026299996,16),(1001091648,17),(1026299996,17),(1001091648,18),(1026299996,18),(1001091648,19),(1026299996,19),(1001091648,20),(1026299996,20),(1001091648,21),(1026299996,21),(1001091648,22),(1026299996,22),(1001091648,23),(1026299996,23),(1001091648,24),(1026299996,24),(1001091648,25),(1026299996,25),(1001091648,26),(1026299996,26),(1001091648,27),(1026299996,27),(1001091648,28),(1026299996,28),(1001091648,29),(1026299996,29),(1001091648,30),(1026299996,30),(1001091648,31),(1026299996,31),(1001091648,32),(1026299996,32),(1001091648,33),(1026299996,33),(1001091648,34),(1026299996,34),(1001091648,35),(1026299996,35),(1001091648,36),(1026299996,36),(1001091648,37),(1026299996,37),(1001091648,38),(1026299996,38),(1001091648,39),(1026299996,39),(1001091648,40),(1026299996,40),(1001091648,41),(1026299996,41),(1001091648,42),(1026299996,42),(1001091648,43),(1026299996,43),(1001091648,44),(1026299996,44),(1001091648,45),(1026299996,45),(1001091648,63),(1026299996,63),(1001091648,64),(1026299996,64),(1001091648,65),(1026299996,65),(1001091648,66),(1026299996,66),(1001091648,67),(1026299996,67),(1001091648,68),(1026299996,68),(1001091648,69),(1026299996,69),(1001091648,70),(1026299996,70),(1001091648,71),(1026299996,71),(1001091648,72),(1026299996,72),(1001091648,73),(1026299996,73),(1001091648,74),(1026299996,74),(1001091648,75),(1026299996,75);
/*!40000 ALTER TABLE `permisoadministrador` ENABLE KEYS */;
UNLOCK TABLES;

--
-- Table structure for table `permisocliente`
--

DROP TABLE IF EXISTS `permisocliente`;
/*!40101 SET @saved_cs_client     = @@character_set_client */;
/*!50503 SET character_set_client = utf8mb4 */;
CREATE TABLE `permisocliente` (
  `FK_idCliente` bigint(20) NOT NULL,
  `FK_idPermiso` bigint(20) NOT NULL,
  PRIMARY KEY (`FK_idCliente`,`FK_idPermiso`),
  KEY `FK_idPermiso` (`FK_idPermiso`),
  CONSTRAINT `permisocliente_ibfk_1` FOREIGN KEY (`FK_idCliente`) REFERENCES `cliente` (`idCliente`),
  CONSTRAINT `permisocliente_ibfk_2` FOREIGN KEY (`FK_idPermiso`) REFERENCES `permiso` (`idPermiso`)
) ENGINE=InnoDB DEFAULT CHARSET=utf8mb4 COLLATE=utf8mb4_0900_ai_ci;
/*!40101 SET character_set_client = @saved_cs_client */;

--
-- Dumping data for table `permisocliente`
--

LOCK TABLES `permisocliente` WRITE;
/*!40000 ALTER TABLE `permisocliente` DISABLE KEYS */;
INSERT INTO `permisocliente` VALUES (194644,42),(201083,42),(410777,42),(447356,42),(3021479,42),(3024404,42),(3032765,42),(3048317,42),(3063487,42),(3102161,42),(3142845,42),(3231961,42),(3250889,42),(3274225,42),(4118777,42),(4565396,42),(4696170,42),(5691555,42),(5691602,42),(5950262,42),(5986877,42),(5994503,42),(7225482,42),(8051657,42),(8280607,42),(8767238,42),(9320157,42),(9527227,42),(9528242,42),(9957232,42),(10240994,42),(11259213,42),(11313117,42),(11314741,42),(11324752,42),(11339919,42),(11386341,42),(11387262,42),(11431420,42),(11435206,42),(12142418,42),(12193454,42),(12228112,42),(13520461,42),(13706852,42),(13953787,42),(14317739,42),(14323404,42),(18924283,42),(19066002,42),(19222789,42),(19268220,42),(19295744,42),(19314916,42),(19324647,42),(19325446,42),(19344282,42),(19409721,42),(19419308,42),(19420668,42),(19430235,42),(19433690,42),(19447576,42),(19467486,42),(19483362,42),(19488995,42),(19499037,42),(20793717,42),(20897205,42),(20905357,42),(20989157,42),(21094759,42),(23423295,42),(23694279,42),(23823643,42),(23823981,42),(24017652,42),(24120256,42),(24156609,42),(27233126,42),(28034180,42),(28098521,42),(28099098,42),(28681440,42),(28870218,42),(28979993,42),(32183238,42),(33376837,42),(35327839,42),(35377506,42),(35407345,42),(35486457,42),(35525405,42),(35531011,42),(35531371,42),(37894353,42),(39019306,42),(39528975,42),(39533520,42),(39539013,42),(39539796,42),(39552789,42),(39558150,42),(39578614,42),(39618382,42),(39633333,42),(39633426,42),(39645818,42),(39650655,42),(39662311,42),(39669954,42),(39672479,42),(39685127,42),(39696962,42),(39697574,42),(39697704,42),(39700348,42),(39700661,42),(39703991,42),(39706432,42),(39709056,42),(39736576,42),(39746735,42),(39759401,42),(39762181,42),(39762421,42),(39763722,42),(39792193,42),(40781730,42),(41554056,42),(41733223,42),(41735811,42),(41766756,42),(42133994,42),(42969240,42),(43020908,42),(43066869,42),(45544183,42),(49607659,42),(51577956,42),(51593350,42),(51607940,42),(51613661,42),(51614738,42),(51618767,42),(51630770,42),(51657493,42),(51659750,42),(51662775,42),(51698316,42),(51710161,42),(51720398,42),(51726461,42),(51734251,42),(51743497,42),(51750333,42),(51782588,42),(51811164,42),(51825697,42),(51852776,42),(51856230,42),(51896586,42),(51896739,42),(51937540,42),(51991775,42),(52036258,42),(52052088,42),(52082390,42),(52101811,42),(52127205,42),(52147628,42),(52149077,42),(52191674,42),(52193152,42),(52202022,42),(52208738,42),(52271842,42),(52276660,42),(52286712,42),(52329564,42),(52351080,42),(52362066,42),(52383383,42),(52432333,42),(52444147,42),(52451051,42),(52464684,42),(52471606,42),(52487249,42),(52491735,42),(52520076,42),(52546005,42),(52554647,42),(52555587,42),(52635081,42),(52706434,42),(52713475,42),(52718464,42),(52747769,42),(52755060,42),(52765481,42),(52771048,42),(52771925,42),(52773489,42),(52774896,42),(52775529,42),(52787851,42),(52804712,42),(52806857,42),(52807002,42),(52861953,42),(52971595,42),(52981719,42),(53007320,42),(53010005,42),(53010997,42),(53042029,42),(53054115,42),(53075903,42),(53080455,42),(53089936,42),(63370086,42),(63434774,42),(63453273,42),(65556211,42),(65556698,42),(65557234,42),(65703414,42),(65791678,42),(65798258,42),(70518650,42),(71240677,42),(71944762,42),(73564783,42),(74020095,42),(77190668,42),(79043778,42),(79044516,42),(79103181,42),(79110458,42),(79120590,42),(79123559,42),(79136241,42),(79137776,42),(79138045,42),(79162247,42),(79185639,42),(79207794,42),(79213988,42),(79216315,42),(79218304,42),(79286512,42),(79298927,42),(79308209,42),(79311444,42),(79313315,42),(79315240,42),(79319838,42),(79325974,42),(79416668,42),(79443622,42),(79451178,42),(79453173,42),(79455600,42),(79498720,42),(79509192,42),(79519007,42),(79522529,42),(79526772,42),(79528254,42),(79574775,42),(79576796,42),(79592970,42),(79595078,42),(79610552,42),(79611409,42),(79611415,42),(79614344,42),(79620396,42),(79620512,42),(79633721,42),(79636860,42),(79652404,42),(79659331,42),(79667123,42),(79668440,42),(79719720,42),(79719825,42),(79732490,42),(79739381,42),(79771382,42),(79805914,42),(79815642,42),(79821029,42),(79845890,42),(79846488,42),(79852368,42),(79857067,42),(79882149,42),(79891559,42),(79894409,42),(79915238,42),(79968212,42),(79973678,42),(79976971,42),(79985734,42),(79993201,42),(79995477,42),(79999933,42),(80006394,42),(80007353,42),(80009068,42),(80012366,42),(80012375,42),(80020210,42),(80022643,42),(80027738,42),(80035533,42),(80048450,42),(80057132,42),(80127093,42),(80138247,42),(80142629,42),(80146438,42),(80149430,42),(80158021,42),(80159182,42),(80159722,42),(80178527,42),(80179426,42),(80230048,42),(80230119,42),(80230521,42),(80230786,42),(80232354,42),(80250846,42),(80256049,42),(80270652,42),(80283853,42),(80321613,42),(80358017,42),(80378422,42),(80381967,42),(80449049,42),(80470462,42),(80492727,42),(80744432,42),(80768293,42),(80794198,42),(80797449,42),(80801519,42),(80824797,42),(80849988,42),(91070836,42),(91104784,42),(91431676,42),(91490575,42),(92641372,42),(93121623,42),(93155255,42),(93207594,42),(93364079,42),(93373691,42),(94533675,42),(96123704,42),(98627015,42),(1000221148,42),(1001968064,42),(1005728320,42),(1007116183,42),(1007445968,42),(1010191871,42),(1010193130,42),(1012327056,42),(1012344479,42),(1012344880,42),(1012345085,42),(1012345815,42),(1012353441,42),(1012359878,42),(1012361797,42),(1012374504,42),(1012377678,42),(1012384358,42),(1012407518,42),(1012421425,42),(1012438447,42),(1013626933,42),(1013652281,42),(1014230693,42),(1015998704,42),(1016013423,42),(1016029298,42),(1016094188,42),(1020723815,42),(1020731823,42),(1022330467,42),(1022341190,42),(1022369132,42),(1022372770,42),(1022378889,42),(1022426303,42),(1022946310,42),(1022954550,42),(1022967617,42),(1023867053,42),(1023896021,42),(1023900725,42),(1024462678,42),(1024466642,42),(1024468563,42),(1024476044,42),(1024483616,42),(1024490948,42),(1024503984,42),(1024543909,42),(1026566336,42),(1026591211,42),(1030547972,42),(1030550404,42),(1030552035,42),(1030555811,42),(1030615855,42),(1030639357,42),(1030668828,42),(1031167770,42),(1031172124,42),(1032358136,42),(1032385124,42),(1032398956,42),(1032470707,42),(1033686811,42),(1033688019,42),(1033689466,42),(1033695619,42),(1033701519,42),(1033736822,42),(1033740387,42),(1039022467,42),(1047220433,42),(1047447974,42),(1047462131,42),(1049796767,42),(1054090081,42),(1057919344,42),(1065571078,42),(1065651897,42),(1069052654,42),(1069468138,42),(1069832148,42),(1069832360,42),(1070330390,42),(1070975313,42),(1072921188,42),(1073705708,42),(1074414758,42),(1074486527,42),(1075254379,42),(1075280350,42),(1077920190,42),(1078346661,42),(1090500983,42),(1094939612,42),(1100545942,42),(1101782818,42),(1105684097,42),(1106333510,42),(1108930598,42),(1110175134,42),(1113783272,42),(1122126991,42),(1123114741,42),(1127390850,42),(1144128001,42),(1193224506,42),(194644,43),(201083,43),(410777,43),(447356,43),(3021479,43),(3024404,43),(3032765,43),(3048317,43),(3063487,43),(3102161,43),(3142845,43),(3231961,43),(3250889,43),(3274225,43),(4118777,43),(4565396,43),(4696170,43),(5691555,43),(5691602,43),(5950262,43),(5986877,43),(5994503,43),(7225482,43),(8051657,43),(8280607,43),(8767238,43),(9320157,43),(9527227,43),(9528242,43),(9957232,43),(10240994,43),(11259213,43),(11313117,43),(11314741,43),(11324752,43),(11339919,43),(11386341,43),(11387262,43),(11431420,43),(11435206,43),(12142418,43),(12193454,43),(12228112,43),(13520461,43),(13706852,43),(13953787,43),(14317739,43),(14323404,43),(18924283,43),(19066002,43),(19222789,43),(19268220,43),(19295744,43),(19314916,43),(19324647,43),(19325446,43),(19344282,43),(19409721,43),(19419308,43),(19420668,43),(19430235,43),(19433690,43),(19447576,43),(19467486,43),(19483362,43),(19488995,43),(19499037,43),(20793717,43),(20897205,43),(20905357,43),(20989157,43),(21094759,43),(23423295,43),(23694279,43),(23823643,43),(23823981,43),(24017652,43),(24120256,43),(24156609,43),(27233126,43),(28034180,43),(28098521,43),(28099098,43),(28681440,43),(28870218,43),(28979993,43),(32183238,43),(33376837,43),(35327839,43),(35377506,43),(35407345,43),(35486457,43),(35525405,43),(35531011,43),(35531371,43),(37894353,43),(39019306,43),(39528975,43),(39533520,43),(39539013,43),(39539796,43),(39552789,43),(39558150,43),(39578614,43),(39618382,43),(39633333,43),(39633426,43),(39645818,43),(39650655,43),(39662311,43),(39669954,43),(39672479,43),(39685127,43),(39696962,43),(39697574,43),(39697704,43),(39700348,43),(39700661,43),(39703991,43),(39706432,43),(39709056,43),(39736576,43),(39746735,43),(39759401,43),(39762181,43),(39762421,43),(39763722,43),(39792193,43),(40781730,43),(41554056,43),(41733223,43),(41735811,43),(41766756,43),(42133994,43),(42969240,43),(43020908,43),(43066869,43),(45544183,43),(49607659,43),(51577956,43),(51593350,43),(51607940,43),(51613661,43),(51614738,43),(51618767,43),(51630770,43),(51657493,43),(51659750,43),(51662775,43),(51698316,43),(51710161,43),(51720398,43),(51726461,43),(51734251,43),(51743497,43),(51750333,43),(51782588,43),(51811164,43),(51825697,43),(51852776,43),(51856230,43),(51896586,43),(51896739,43),(51937540,43),(51991775,43),(52036258,43),(52052088,43),(52082390,43),(52101811,43),(52127205,43),(52147628,43),(52149077,43),(52191674,43),(52193152,43),(52202022,43),(52208738,43),(52271842,43),(52276660,43),(52286712,43),(52329564,43),(52351080,43),(52362066,43),(52383383,43),(52432333,43),(52444147,43),(52451051,43),(52464684,43),(52471606,43),(52487249,43),(52491735,43),(52520076,43),(52546005,43),(52554647,43),(52555587,43),(52635081,43),(52706434,43),(52713475,43),(52718464,43),(52747769,43),(52755060,43),(52765481,43),(52771048,43),(52771925,43),(52773489,43),(52774896,43),(52775529,43),(52787851,43),(52804712,43),(52806857,43),(52807002,43),(52861953,43),(52971595,43),(52981719,43),(53007320,43),(53010005,43),(53010997,43),(53042029,43),(53054115,43),(53075903,43),(53080455,43),(53089936,43),(63370086,43),(63434774,43),(63453273,43),(65556211,43),(65556698,43),(65557234,43),(65703414,43),(65791678,43),(65798258,43),(70518650,43),(71240677,43),(71944762,43),(73564783,43),(74020095,43),(77190668,43),(79043778,43),(79044516,43),(79103181,43),(79110458,43),(79120590,43),(79123559,43),(79136241,43),(79137776,43),(79138045,43),(79162247,43),(79185639,43),(79207794,43),(79213988,43),(79216315,43),(79218304,43),(79286512,43),(79298927,43),(79308209,43),(79311444,43),(79313315,43),(79315240,43),(79319838,43),(79325974,43),(79416668,43),(79443622,43),(79451178,43),(79453173,43),(79455600,43),(79498720,43),(79509192,43),(79519007,43),(79522529,43),(79526772,43),(79528254,43),(79574775,43),(79576796,43),(79592970,43),(79595078,43),(79610552,43),(79611409,43),(79611415,43),(79614344,43),(79620396,43),(79620512,43),(79633721,43),(79636860,43),(79652404,43),(79659331,43),(79667123,43),(79668440,43),(79719720,43),(79719825,43),(79732490,43),(79739381,43),(79771382,43),(79805914,43),(79815642,43),(79821029,43),(79845890,43),(79846488,43),(79852368,43),(79857067,43),(79882149,43),(79891559,43),(79894409,43),(79915238,43),(79968212,43),(79973678,43),(79976971,43),(79985734,43),(79993201,43),(79995477,43),(79999933,43),(80006394,43),(80007353,43),(80009068,43),(80012366,43),(80012375,43),(80020210,43),(80022643,43),(80027738,43),(80035533,43),(80048450,43),(80057132,43),(80127093,43),(80138247,43),(80142629,43),(80146438,43),(80149430,43),(80158021,43),(80159182,43),(80159722,43),(80178527,43),(80179426,43),(80230048,43),(80230119,43),(80230521,43),(80230786,43),(80232354,43),(80250846,43),(80256049,43),(80270652,43),(80283853,43),(80321613,43),(80358017,43),(80378422,43),(80381967,43),(80449049,43),(80470462,43),(80492727,43),(80744432,43),(80768293,43),(80794198,43),(80797449,43),(80801519,43),(80824797,43),(80849988,43),(91070836,43),(91104784,43),(91431676,43),(91490575,43),(92641372,43),(93121623,43),(93155255,43),(93207594,43),(93364079,43),(93373691,43),(94533675,43),(96123704,43),(98627015,43),(1000221148,43),(1001968064,43),(1005728320,43),(1007116183,43),(1007445968,43),(1010191871,43),(1010193130,43),(1012327056,43),(1012344479,43),(1012344880,43),(1012345085,43),(1012345815,43),(1012353441,43),(1012359878,43),(1012361797,43),(1012374504,43),(1012377678,43),(1012384358,43),(1012407518,43),(1012421425,43),(1012438447,43),(1013626933,43),(1013652281,43),(1014230693,43),(1015998704,43),(1016013423,43),(1016029298,43),(1016094188,43),(1020723815,43),(1020731823,43),(1022330467,43),(1022341190,43),(1022369132,43),(1022372770,43),(1022378889,43),(1022426303,43),(1022946310,43),(1022954550,43),(1022967617,43),(1023867053,43),(1023896021,43),(1023900725,43),(1024462678,43),(1024466642,43),(1024468563,43),(1024476044,43),(1024483616,43),(1024490948,43),(1024503984,43),(1024543909,43),(1026566336,43),(1026591211,43),(1030547972,43),(1030550404,43),(1030552035,43),(1030555811,43),(1030615855,43),(1030639357,43),(1030668828,43),(1031167770,43),(1031172124,43),(1032358136,43),(1032385124,43),(1032398956,43),(1032470707,43),(1033686811,43),(1033688019,43),(1033689466,43),(1033695619,43),(1033701519,43),(1033736822,43),(1033740387,43),(1039022467,43),(1047220433,43),(1047447974,43),(1047462131,43),(1049796767,43),(1054090081,43),(1057919344,43),(1065571078,43),(1065651897,43),(1069052654,43),(1069468138,43),(1069832148,43),(1069832360,43),(1070330390,43),(1070975313,43),(1072921188,43),(1073705708,43),(1074414758,43),(1074486527,43),(1075254379,43),(1075280350,43),(1077920190,43),(1078346661,43),(1090500983,43),(1094939612,43),(1100545942,43),(1101782818,43),(1105684097,43),(1106333510,43),(1108930598,43),(1110175134,43),(1113783272,43),(1122126991,43),(1123114741,43),(1127390850,43),(1144128001,43),(1193224506,43),(194644,44),(201083,44),(410777,44),(447356,44),(3021479,44),(3024404,44),(3032765,44),(3048317,44),(3063487,44),(3102161,44),(3142845,44),(3231961,44),(3250889,44),(3274225,44),(4118777,44),(4565396,44),(4696170,44),(5691555,44),(5691602,44),(5950262,44),(5986877,44),(5994503,44),(7225482,44),(8051657,44),(8280607,44),(8767238,44),(9320157,44),(9527227,44),(9528242,44),(9957232,44),(10240994,44),(11259213,44),(11313117,44),(11314741,44),(11324752,44),(11339919,44),(11386341,44),(11387262,44),(11431420,44),(11435206,44),(12142418,44),(12193454,44),(12228112,44),(13520461,44),(13706852,44),(13953787,44),(14317739,44),(14323404,44),(18924283,44),(19066002,44),(19222789,44),(19268220,44),(19295744,44),(19314916,44),(19324647,44),(19325446,44),(19344282,44),(19409721,44),(19419308,44),(19420668,44),(19430235,44),(19433690,44),(19447576,44),(19467486,44),(19483362,44),(19488995,44),(19499037,44),(20793717,44),(20897205,44),(20905357,44),(20989157,44),(21094759,44),(23423295,44),(23694279,44),(23823643,44),(23823981,44),(24017652,44),(24120256,44),(24156609,44),(27233126,44),(28034180,44),(28098521,44),(28099098,44),(28681440,44),(28870218,44),(28979993,44),(32183238,44),(33376837,44),(35327839,44),(35377506,44),(35407345,44),(35486457,44),(35525405,44),(35531011,44),(35531371,44),(37894353,44),(39019306,44),(39528975,44),(39533520,44),(39539013,44),(39539796,44),(39552789,44),(39558150,44),(39578614,44),(39618382,44),(39633333,44),(39633426,44),(39645818,44),(39650655,44),(39662311,44),(39669954,44),(39672479,44),(39685127,44),(39696962,44),(39697574,44),(39697704,44),(39700348,44),(39700661,44),(39703991,44),(39706432,44),(39709056,44),(39736576,44),(39746735,44),(39759401,44),(39762181,44),(39762421,44),(39763722,44),(39792193,44),(40781730,44),(41554056,44),(41733223,44),(41735811,44),(41766756,44),(42133994,44),(42969240,44),(43020908,44),(43066869,44),(45544183,44),(49607659,44),(51577956,44),(51593350,44),(51607940,44),(51613661,44),(51614738,44),(51618767,44),(51630770,44),(51657493,44),(51659750,44),(51662775,44),(51698316,44),(51710161,44),(51720398,44),(51726461,44),(51734251,44),(51743497,44),(51750333,44),(51782588,44),(51811164,44),(51825697,44),(51852776,44),(51856230,44),(51896586,44),(51896739,44),(51937540,44),(51991775,44),(52036258,44),(52052088,44),(52082390,44),(52101811,44),(52127205,44),(52147628,44),(52149077,44),(52191674,44),(52193152,44),(52202022,44),(52208738,44),(52271842,44),(52276660,44),(52286712,44),(52329564,44),(52351080,44),(52362066,44),(52383383,44),(52432333,44),(52444147,44),(52451051,44),(52464684,44),(52471606,44),(52487249,44),(52491735,44),(52520076,44),(52546005,44),(52554647,44),(52555587,44),(52635081,44),(52706434,44),(52713475,44),(52718464,44),(52747769,44),(52755060,44),(52765481,44),(52771048,44),(52771925,44),(52773489,44),(52774896,44),(52775529,44),(52787851,44),(52804712,44),(52806857,44),(52807002,44),(52861953,44),(52971595,44),(52981719,44),(53007320,44),(53010005,44),(53010997,44),(53042029,44),(53054115,44),(53075903,44),(53080455,44),(53089936,44),(63370086,44),(63434774,44),(63453273,44),(65556211,44),(65556698,44),(65557234,44),(65703414,44),(65791678,44),(65798258,44),(70518650,44),(71240677,44),(71944762,44),(73564783,44),(74020095,44),(77190668,44),(79043778,44),(79044516,44),(79103181,44),(79110458,44),(79120590,44),(79123559,44),(79136241,44),(79137776,44),(79138045,44),(79162247,44),(79185639,44),(79207794,44),(79213988,44),(79216315,44),(79218304,44),(79286512,44),(79298927,44),(79308209,44),(79311444,44),(79313315,44),(79315240,44),(79319838,44),(79325974,44),(79416668,44),(79443622,44),(79451178,44),(79453173,44),(79455600,44),(79498720,44),(79509192,44),(79519007,44),(79522529,44),(79526772,44),(79528254,44),(79574775,44),(79576796,44),(79592970,44),(79595078,44),(79610552,44),(79611409,44),(79611415,44),(79614344,44),(79620396,44),(79620512,44),(79633721,44),(79636860,44),(79652404,44),(79659331,44),(79667123,44),(79668440,44),(79719720,44),(79719825,44),(79732490,44),(79739381,44),(79771382,44),(79805914,44),(79815642,44),(79821029,44),(79845890,44),(79846488,44),(79852368,44),(79857067,44),(79882149,44),(79891559,44),(79894409,44),(79915238,44),(79968212,44),(79973678,44),(79976971,44),(79985734,44),(79993201,44),(79995477,44),(79999933,44),(80006394,44),(80007353,44),(80009068,44),(80012366,44),(80012375,44),(80020210,44),(80022643,44),(80027738,44),(80035533,44),(80048450,44),(80057132,44),(80127093,44),(80138247,44),(80142629,44),(80146438,44),(80149430,44),(80158021,44),(80159182,44),(80159722,44),(80178527,44),(80179426,44),(80230048,44),(80230119,44),(80230521,44),(80230786,44),(80232354,44),(80250846,44),(80256049,44),(80270652,44),(80283853,44),(80321613,44),(80358017,44),(80378422,44),(80381967,44),(80449049,44),(80470462,44),(80492727,44),(80744432,44),(80768293,44),(80794198,44),(80797449,44),(80801519,44),(80824797,44),(80849988,44),(91070836,44),(91104784,44),(91431676,44),(91490575,44),(92641372,44),(93121623,44),(93155255,44),(93207594,44),(93364079,44),(93373691,44),(94533675,44),(96123704,44),(98627015,44),(1000221148,44),(1001968064,44),(1005728320,44),(1007116183,44),(1007445968,44),(1010191871,44),(1010193130,44),(1012327056,44),(1012344479,44),(1012344880,44),(1012345085,44),(1012345815,44),(1012353441,44),(1012359878,44),(1012361797,44),(1012374504,44),(1012377678,44),(1012384358,44),(1012407518,44),(1012421425,44),(1012438447,44),(1013626933,44),(1013652281,44),(1014230693,44),(1015998704,44),(1016013423,44),(1016029298,44),(1016094188,44),(1020723815,44),(1020731823,44),(1022330467,44),(1022341190,44),(1022369132,44),(1022372770,44),(1022378889,44),(1022426303,44),(1022946310,44),(1022954550,44),(1022967617,44),(1023867053,44),(1023896021,44),(1023900725,44),(1024462678,44),(1024466642,44),(1024468563,44),(1024476044,44),(1024483616,44),(1024490948,44),(1024503984,44),(1024543909,44),(1026566336,44),(1026591211,44),(1030547972,44),(1030550404,44),(1030552035,44),(1030555811,44),(1030615855,44),(1030639357,44),(1030668828,44),(1031167770,44),(1031172124,44),(1032358136,44),(1032385124,44),(1032398956,44),(1032470707,44),(1033686811,44),(1033688019,44),(1033689466,44),(1033695619,44),(1033701519,44),(1033736822,44),(1033740387,44),(1039022467,44),(1047220433,44),(1047447974,44),(1047462131,44),(1049796767,44),(1054090081,44),(1057919344,44),(1065571078,44),(1065651897,44),(1069052654,44),(1069468138,44),(1069832148,44),(1069832360,44),(1070330390,44),(1070975313,44),(1072921188,44),(1073705708,44),(1074414758,44),(1074486527,44),(1075254379,44),(1075280350,44),(1077920190,44),(1078346661,44),(1090500983,44),(1094939612,44),(1100545942,44),(1101782818,44),(1105684097,44),(1106333510,44),(1108930598,44),(1110175134,44),(1113783272,44),(1122126991,44),(1123114741,44),(1127390850,44),(1144128001,44),(1193224506,44),(194644,45),(201083,45),(410777,45),(447356,45),(3021479,45),(3024404,45),(3032765,45),(3048317,45),(3063487,45),(3102161,45),(3142845,45),(3231961,45),(3250889,45),(3274225,45),(4118777,45),(4565396,45),(4696170,45),(5691555,45),(5691602,45),(5950262,45),(5986877,45),(5994503,45),(7225482,45),(8051657,45),(8280607,45),(8767238,45),(9320157,45),(9527227,45),(9528242,45),(9957232,45),(10240994,45),(11259213,45),(11313117,45),(11314741,45),(11324752,45),(11339919,45),(11386341,45),(11387262,45),(11431420,45),(11435206,45),(12142418,45),(12193454,45),(12228112,45),(13520461,45),(13706852,45),(13953787,45),(14317739,45),(14323404,45),(18924283,45),(19066002,45),(19222789,45),(19268220,45),(19295744,45),(19314916,45),(19324647,45),(19325446,45),(19344282,45),(19409721,45),(19419308,45),(19420668,45),(19430235,45),(19433690,45),(19447576,45),(19467486,45),(19483362,45),(19488995,45),(19499037,45),(20793717,45),(20897205,45),(20905357,45),(20989157,45),(21094759,45),(23423295,45),(23694279,45),(23823643,45),(23823981,45),(24017652,45),(24120256,45),(24156609,45),(27233126,45),(28034180,45),(28098521,45),(28099098,45),(28681440,45),(28870218,45),(28979993,45),(32183238,45),(33376837,45),(35327839,45),(35377506,45),(35407345,45),(35486457,45),(35525405,45),(35531011,45),(35531371,45),(37894353,45),(39019306,45),(39528975,45),(39533520,45),(39539013,45),(39539796,45),(39552789,45),(39558150,45),(39578614,45),(39618382,45),(39633333,45),(39633426,45),(39645818,45),(39650655,45),(39662311,45),(39669954,45),(39672479,45),(39685127,45),(39696962,45),(39697574,45),(39697704,45),(39700348,45),(39700661,45),(39703991,45),(39706432,45),(39709056,45),(39736576,45),(39746735,45),(39759401,45),(39762181,45),(39762421,45),(39763722,45),(39792193,45),(40781730,45),(41554056,45),(41733223,45),(41735811,45),(41766756,45),(42133994,45),(42969240,45),(43020908,45),(43066869,45),(45544183,45),(49607659,45),(51577956,45),(51593350,45),(51607940,45),(51613661,45),(51614738,45),(51618767,45),(51630770,45),(51657493,45),(51659750,45),(51662775,45),(51698316,45),(51710161,45),(51720398,45),(51726461,45),(51734251,45),(51743497,45),(51750333,45),(51782588,45),(51811164,45),(51825697,45),(51852776,45),(51856230,45),(51896586,45),(51896739,45),(51937540,45),(51991775,45),(52036258,45),(52052088,45),(52082390,45),(52101811,45),(52127205,45),(52147628,45),(52149077,45),(52191674,45),(52193152,45),(52202022,45),(52208738,45),(52271842,45),(52276660,45),(52286712,45),(52329564,45),(52351080,45),(52362066,45),(52383383,45),(52432333,45),(52444147,45),(52451051,45),(52464684,45),(52471606,45),(52487249,45),(52491735,45),(52520076,45),(52546005,45),(52554647,45),(52555587,45),(52635081,45),(52706434,45),(52713475,45),(52718464,45),(52747769,45),(52755060,45),(52765481,45),(52771048,45),(52771925,45),(52773489,45),(52774896,45),(52775529,45),(52787851,45),(52804712,45),(52806857,45),(52807002,45),(52861953,45),(52971595,45),(52981719,45),(53007320,45),(53010005,45),(53010997,45),(53042029,45),(53054115,45),(53075903,45),(53080455,45),(53089936,45),(63370086,45),(63434774,45),(63453273,45),(65556211,45),(65556698,45),(65557234,45),(65703414,45),(65791678,45),(65798258,45),(70518650,45),(71240677,45),(71944762,45),(73564783,45),(74020095,45),(77190668,45),(79043778,45),(79044516,45),(79103181,45),(79110458,45),(79120590,45),(79123559,45),(79136241,45),(79137776,45),(79138045,45),(79162247,45),(79185639,45),(79207794,45),(79213988,45),(79216315,45),(79218304,45),(79286512,45),(79298927,45),(79308209,45),(79311444,45),(79313315,45),(79315240,45),(79319838,45),(79325974,45),(79416668,45),(79443622,45),(79451178,45),(79453173,45),(79455600,45),(79498720,45),(79509192,45),(79519007,45),(79522529,45),(79526772,45),(79528254,45),(79574775,45),(79576796,45),(79592970,45),(79595078,45),(79610552,45),(79611409,45),(79611415,45),(79614344,45),(79620396,45),(79620512,45),(79633721,45),(79636860,45),(79652404,45),(79659331,45),(79667123,45),(79668440,45),(79719720,45),(79719825,45),(79732490,45),(79739381,45),(79771382,45),(79805914,45),(79815642,45),(79821029,45),(79845890,45),(79846488,45),(79852368,45),(79857067,45),(79882149,45),(79891559,45),(79894409,45),(79915238,45),(79968212,45),(79973678,45),(79976971,45),(79985734,45),(79993201,45),(79995477,45),(79999933,45),(80006394,45),(80007353,45),(80009068,45),(80012366,45),(80012375,45),(80020210,45),(80022643,45),(80027738,45),(80035533,45),(80048450,45),(80057132,45),(80127093,45),(80138247,45),(80142629,45),(80146438,45),(80149430,45),(80158021,45),(80159182,45),(80159722,45),(80178527,45),(80179426,45),(80230048,45),(80230119,45),(80230521,45),(80230786,45),(80232354,45),(80250846,45),(80256049,45),(80270652,45),(80283853,45),(80321613,45),(80358017,45),(80378422,45),(80381967,45),(80449049,45),(80470462,45),(80492727,45),(80744432,45),(80768293,45),(80794198,45),(80797449,45),(80801519,45),(80824797,45),(80849988,45),(91070836,45),(91104784,45),(91431676,45),(91490575,45),(92641372,45),(93121623,45),(93155255,45),(93207594,45),(93364079,45),(93373691,45),(94533675,45),(96123704,45),(98627015,45),(1000221148,45),(1001968064,45),(1005728320,45),(1007116183,45),(1007445968,45),(1010191871,45),(1010193130,45),(1012327056,45),(1012344479,45),(1012344880,45),(1012345085,45),(1012345815,45),(1012353441,45),(1012359878,45),(1012361797,45),(1012374504,45),(1012377678,45),(1012384358,45),(1012407518,45),(1012421425,45),(1012438447,45),(1013626933,45),(1013652281,45),(1014230693,45),(1015998704,45),(1016013423,45),(1016029298,45),(1016094188,45),(1020723815,45),(1020731823,45),(1022330467,45),(1022341190,45),(1022369132,45),(1022372770,45),(1022378889,45),(1022426303,45),(1022946310,45),(1022954550,45),(1022967617,45),(1023867053,45),(1023896021,45),(1023900725,45),(1024462678,45),(1024466642,45),(1024468563,45),(1024476044,45),(1024483616,45),(1024490948,45),(1024503984,45),(1024543909,45),(1026566336,45),(1026591211,45),(1030547972,45),(1030550404,45),(1030552035,45),(1030555811,45),(1030615855,45),(1030639357,45),(1030668828,45),(1031167770,45),(1031172124,45),(1032358136,45),(1032385124,45),(1032398956,45),(1032470707,45),(1033686811,45),(1033688019,45),(1033689466,45),(1033695619,45),(1033701519,45),(1033736822,45),(1033740387,45),(1039022467,45),(1047220433,45),(1047447974,45),(1047462131,45),(1049796767,45),(1054090081,45),(1057919344,45),(1065571078,45),(1065651897,45),(1069052654,45),(1069468138,45),(1069832148,45),(1069832360,45),(1070330390,45),(1070975313,45),(1072921188,45),(1073705708,45),(1074414758,45),(1074486527,45),(1075254379,45),(1075280350,45),(1077920190,45),(1078346661,45),(1090500983,45),(1094939612,45),(1100545942,45),(1101782818,45),(1105684097,45),(1106333510,45),(1108930598,45),(1110175134,45),(1113783272,45),(1122126991,45),(1123114741,45),(1127390850,45),(1144128001,45),(1193224506,45),(194644,46),(201083,46),(410777,46),(447356,46),(3021479,46),(3024404,46),(3032765,46),(3048317,46),(3063487,46),(3102161,46),(3142845,46),(3231961,46),(3250889,46),(3274225,46),(4118777,46),(4565396,46),(4696170,46),(5691555,46),(5691602,46),(5950262,46),(5986877,46),(5994503,46),(7225482,46),(8051657,46),(8280607,46),(8767238,46),(9320157,46),(9527227,46),(9528242,46),(9957232,46),(10240994,46),(11259213,46),(11313117,46),(11314741,46),(11324752,46),(11339919,46),(11386341,46),(11387262,46),(11431420,46),(11435206,46),(12142418,46),(12193454,46),(12228112,46),(13520461,46),(13706852,46),(13953787,46),(14317739,46),(14323404,46),(18924283,46),(19066002,46),(19222789,46),(19268220,46),(19295744,46),(19314916,46),(19324647,46),(19325446,46),(19344282,46),(19409721,46),(19419308,46),(19420668,46),(19430235,46),(19433690,46),(19447576,46),(19467486,46),(19483362,46),(19488995,46),(19499037,46),(20793717,46),(20897205,46),(20905357,46),(20989157,46),(21094759,46),(23423295,46),(23694279,46),(23823643,46),(23823981,46),(24017652,46),(24120256,46),(24156609,46),(27233126,46),(28034180,46),(28098521,46),(28099098,46),(28681440,46),(28870218,46),(28979993,46),(32183238,46),(33376837,46),(35327839,46),(35377506,46),(35407345,46),(35486457,46),(35525405,46),(35531011,46),(35531371,46),(37894353,46),(39019306,46),(39528975,46),(39533520,46),(39539013,46),(39539796,46),(39552789,46),(39558150,46),(39578614,46),(39618382,46),(39633333,46),(39633426,46),(39645818,46),(39650655,46),(39662311,46),(39669954,46),(39672479,46),(39685127,46),(39696962,46),(39697574,46),(39697704,46),(39700348,46),(39700661,46),(39703991,46),(39706432,46),(39709056,46),(39736576,46),(39746735,46),(39759401,46),(39762181,46),(39762421,46),(39763722,46),(39792193,46),(40781730,46),(41554056,46),(41733223,46),(41735811,46),(41766756,46),(42133994,46),(42969240,46),(43020908,46),(43066869,46),(45544183,46),(49607659,46),(51577956,46),(51593350,46),(51607940,46),(51613661,46),(51614738,46),(51618767,46),(51630770,46),(51657493,46),(51659750,46),(51662775,46),(51698316,46),(51710161,46),(51720398,46),(51726461,46),(51734251,46),(51743497,46),(51750333,46),(51782588,46),(51811164,46),(51825697,46),(51852776,46),(51856230,46),(51896586,46),(51896739,46),(51937540,46),(51991775,46),(52036258,46),(52052088,46),(52082390,46),(52101811,46),(52127205,46),(52147628,46),(52149077,46),(52191674,46),(52193152,46),(52202022,46),(52208738,46),(52271842,46),(52276660,46),(52286712,46),(52329564,46),(52351080,46),(52362066,46),(52383383,46),(52432333,46),(52444147,46),(52451051,46),(52464684,46),(52471606,46),(52487249,46),(52491735,46),(52520076,46),(52546005,46),(52554647,46),(52555587,46),(52635081,46),(52706434,46),(52713475,46),(52718464,46),(52747769,46),(52755060,46),(52765481,46),(52771048,46),(52771925,46),(52773489,46),(52774896,46),(52775529,46),(52787851,46),(52804712,46),(52806857,46),(52807002,46),(52861953,46),(52971595,46),(52981719,46),(53007320,46),(53010005,46),(53010997,46),(53042029,46),(53054115,46),(53075903,46),(53080455,46),(53089936,46),(63370086,46),(63434774,46),(63453273,46),(65556211,46),(65556698,46),(65557234,46),(65703414,46),(65791678,46),(65798258,46),(70518650,46),(71240677,46),(71944762,46),(73564783,46),(74020095,46),(77190668,46),(79043778,46),(79044516,46),(79103181,46),(79110458,46),(79120590,46),(79123559,46),(79136241,46),(79137776,46),(79138045,46),(79162247,46),(79185639,46),(79207794,46),(79213988,46),(79216315,46),(79218304,46),(79286512,46),(79298927,46),(79308209,46),(79311444,46),(79313315,46),(79315240,46),(79319838,46),(79325974,46),(79416668,46),(79443622,46),(79451178,46),(79453173,46),(79455600,46),(79498720,46),(79509192,46),(79519007,46),(79522529,46),(79526772,46),(79528254,46),(79574775,46),(79576796,46),(79592970,46),(79595078,46),(79610552,46),(79611409,46),(79611415,46),(79614344,46),(79620396,46),(79620512,46),(79633721,46),(79636860,46),(79652404,46),(79659331,46),(79667123,46),(79668440,46),(79719720,46),(79719825,46),(79732490,46),(79739381,46),(79771382,46),(79805914,46),(79815642,46),(79821029,46),(79845890,46),(79846488,46),(79852368,46),(79857067,46),(79882149,46),(79891559,46),(79894409,46),(79915238,46),(79968212,46),(79973678,46),(79976971,46),(79985734,46),(79993201,46),(79995477,46),(79999933,46),(80006394,46),(80007353,46),(80009068,46),(80012366,46),(80012375,46),(80020210,46),(80022643,46),(80027738,46),(80035533,46),(80048450,46),(80057132,46),(80127093,46),(80138247,46),(80142629,46),(80146438,46),(80149430,46),(80158021,46),(80159182,46),(80159722,46),(80178527,46),(80179426,46),(80230048,46),(80230119,46),(80230521,46),(80230786,46),(80232354,46),(80250846,46),(80256049,46),(80270652,46),(80283853,46),(80321613,46),(80358017,46),(80378422,46),(80381967,46),(80449049,46),(80470462,46),(80492727,46),(80744432,46),(80768293,46),(80794198,46),(80797449,46),(80801519,46),(80824797,46),(80849988,46),(91070836,46),(91104784,46),(91431676,46),(91490575,46),(92641372,46),(93121623,46),(93155255,46),(93207594,46),(93364079,46),(93373691,46),(94533675,46),(96123704,46),(98627015,46),(1000221148,46),(1001968064,46),(1005728320,46),(1007116183,46),(1007445968,46),(1010191871,46),(1010193130,46),(1012327056,46),(1012344479,46),(1012344880,46),(1012345085,46),(1012345815,46),(1012353441,46),(1012359878,46),(1012361797,46),(1012374504,46),(1012377678,46),(1012384358,46),(1012407518,46),(1012421425,46),(1012438447,46),(1013626933,46),(1013652281,46),(1014230693,46),(1015998704,46),(1016013423,46),(1016029298,46),(1016094188,46),(1020723815,46),(1020731823,46),(1022330467,46),(1022341190,46),(1022369132,46),(1022372770,46),(1022378889,46),(1022426303,46),(1022946310,46),(1022954550,46),(1022967617,46),(1023867053,46),(1023896021,46),(1023900725,46),(1024462678,46),(1024466642,46),(1024468563,46),(1024476044,46),(1024483616,46),(1024490948,46),(1024503984,46),(1024543909,46),(1026566336,46),(1026591211,46),(1030547972,46),(1030550404,46),(1030552035,46),(1030555811,46),(1030615855,46),(1030639357,46),(1030668828,46),(1031167770,46),(1031172124,46),(1032358136,46),(1032385124,46),(1032398956,46),(1032470707,46),(1033686811,46),(1033688019,46),(1033689466,46),(1033695619,46),(1033701519,46),(1033736822,46),(1033740387,46),(1039022467,46),(1047220433,46),(1047447974,46),(1047462131,46),(1049796767,46),(1054090081,46),(1057919344,46),(1065571078,46),(1065651897,46),(1069052654,46),(1069468138,46),(1069832148,46),(1069832360,46),(1070330390,46),(1070975313,46),(1072921188,46),(1073705708,46),(1074414758,46),(1074486527,46),(1075254379,46),(1075280350,46),(1077920190,46),(1078346661,46),(1090500983,46),(1094939612,46),(1100545942,46),(1101782818,46),(1105684097,46),(1106333510,46),(1108930598,46),(1110175134,46),(1113783272,46),(1122126991,46),(1123114741,46),(1127390850,46),(1144128001,46),(1193224506,46),(194644,47),(201083,47),(410777,47),(447356,47),(3021479,47),(3024404,47),(3032765,47),(3048317,47),(3063487,47),(3102161,47),(3142845,47),(3231961,47),(3250889,47),(3274225,47),(4118777,47),(4565396,47),(4696170,47),(5691555,47),(5691602,47),(5950262,47),(5986877,47),(5994503,47),(7225482,47),(8051657,47),(8280607,47),(8767238,47),(9320157,47),(9527227,47),(9528242,47),(9957232,47),(10240994,47),(11259213,47),(11313117,47),(11314741,47),(11324752,47),(11339919,47),(11386341,47),(11387262,47),(11431420,47),(11435206,47),(12142418,47),(12193454,47),(12228112,47),(13520461,47),(13706852,47),(13953787,47),(14317739,47),(14323404,47),(18924283,47),(19066002,47),(19222789,47),(19268220,47),(19295744,47),(19314916,47),(19324647,47),(19325446,47),(19344282,47),(19409721,47),(19419308,47),(19420668,47),(19430235,47),(19433690,47),(19447576,47),(19467486,47),(19483362,47),(19488995,47),(19499037,47),(20793717,47),(20897205,47),(20905357,47),(20989157,47),(21094759,47),(23423295,47),(23694279,47),(23823643,47),(23823981,47),(24017652,47),(24120256,47),(24156609,47),(27233126,47),(28034180,47),(28098521,47),(28099098,47),(28681440,47),(28870218,47),(28979993,47),(32183238,47),(33376837,47),(35327839,47),(35377506,47),(35407345,47),(35486457,47),(35525405,47),(35531011,47),(35531371,47),(37894353,47),(39019306,47),(39528975,47),(39533520,47),(39539013,47),(39539796,47),(39552789,47),(39558150,47),(39578614,47),(39618382,47),(39633333,47),(39633426,47),(39645818,47),(39650655,47),(39662311,47),(39669954,47),(39672479,47),(39685127,47),(39696962,47),(39697574,47),(39697704,47),(39700348,47),(39700661,47),(39703991,47),(39706432,47),(39709056,47),(39736576,47),(39746735,47),(39759401,47),(39762181,47),(39762421,47),(39763722,47),(39792193,47),(40781730,47),(41554056,47),(41733223,47),(41735811,47),(41766756,47),(42133994,47),(42969240,47),(43020908,47),(43066869,47),(45544183,47),(49607659,47),(51577956,47),(51593350,47),(51607940,47),(51613661,47),(51614738,47),(51618767,47),(51630770,47),(51657493,47),(51659750,47),(51662775,47),(51698316,47),(51710161,47),(51720398,47),(51726461,47),(51734251,47),(51743497,47),(51750333,47),(51782588,47),(51811164,47),(51825697,47),(51852776,47),(51856230,47),(51896586,47),(51896739,47),(51937540,47),(51991775,47),(52036258,47),(52052088,47),(52082390,47),(52101811,47),(52127205,47),(52147628,47),(52149077,47),(52191674,47),(52193152,47),(52202022,47),(52208738,47),(52271842,47),(52276660,47),(52286712,47),(52329564,47),(52351080,47),(52362066,47),(52383383,47),(52432333,47),(52444147,47),(52451051,47),(52464684,47),(52471606,47),(52487249,47),(52491735,47),(52520076,47),(52546005,47),(52554647,47),(52555587,47),(52635081,47),(52706434,47),(52713475,47),(52718464,47),(52747769,47),(52755060,47),(52765481,47),(52771048,47),(52771925,47),(52773489,47),(52774896,47),(52775529,47),(52787851,47),(52804712,47),(52806857,47),(52807002,47),(52861953,47),(52971595,47),(52981719,47),(53007320,47),(53010005,47),(53010997,47),(53042029,47),(53054115,47),(53075903,47),(53080455,47),(53089936,47),(63370086,47),(63434774,47),(63453273,47),(65556211,47),(65556698,47),(65557234,47),(65703414,47),(65791678,47),(65798258,47),(70518650,47),(71240677,47),(71944762,47),(73564783,47),(74020095,47),(77190668,47),(79043778,47),(79044516,47),(79103181,47),(79110458,47),(79120590,47),(79123559,47),(79136241,47),(79137776,47),(79138045,47),(79162247,47),(79185639,47),(79207794,47),(79213988,47),(79216315,47),(79218304,47),(79286512,47),(79298927,47),(79308209,47),(79311444,47),(79313315,47),(79315240,47),(79319838,47),(79325974,47),(79416668,47),(79443622,47),(79451178,47),(79453173,47),(79455600,47),(79498720,47),(79509192,47),(79519007,47),(79522529,47),(79526772,47),(79528254,47),(79574775,47),(79576796,47),(79592970,47),(79595078,47),(79610552,47),(79611409,47),(79611415,47),(79614344,47),(79620396,47),(79620512,47),(79633721,47),(79636860,47),(79652404,47),(79659331,47),(79667123,47),(79668440,47),(79719720,47),(79719825,47),(79732490,47),(79739381,47),(79771382,47),(79805914,47),(79815642,47),(79821029,47),(79845890,47),(79846488,47),(79852368,47),(79857067,47),(79882149,47),(79891559,47),(79894409,47),(79915238,47),(79968212,47),(79973678,47),(79976971,47),(79985734,47),(79993201,47),(79995477,47),(79999933,47),(80006394,47),(80007353,47),(80009068,47),(80012366,47),(80012375,47),(80020210,47),(80022643,47),(80027738,47),(80035533,47),(80048450,47),(80057132,47),(80127093,47),(80138247,47),(80142629,47),(80146438,47),(80149430,47),(80158021,47),(80159182,47),(80159722,47),(80178527,47),(80179426,47),(80230048,47),(80230119,47),(80230521,47),(80230786,47),(80232354,47),(80250846,47),(80256049,47),(80270652,47),(80283853,47),(80321613,47),(80358017,47),(80378422,47),(80381967,47),(80449049,47),(80470462,47),(80492727,47),(80744432,47),(80768293,47),(80794198,47),(80797449,47),(80801519,47),(80824797,47),(80849988,47),(91070836,47),(91104784,47),(91431676,47),(91490575,47),(92641372,47),(93121623,47),(93155255,47),(93207594,47),(93364079,47),(93373691,47),(94533675,47),(96123704,47),(98627015,47),(1000221148,47),(1001968064,47),(1005728320,47),(1007116183,47),(1007445968,47),(1010191871,47),(1010193130,47),(1012327056,47),(1012344479,47),(1012344880,47),(1012345085,47),(1012345815,47),(1012353441,47),(1012359878,47),(1012361797,47),(1012374504,47),(1012377678,47),(1012384358,47),(1012407518,47),(1012421425,47),(1012438447,47),(1013626933,47),(1013652281,47),(1014230693,47),(1015998704,47),(1016013423,47),(1016029298,47),(1016094188,47),(1020723815,47),(1020731823,47),(1022330467,47),(1022341190,47),(1022369132,47),(1022372770,47),(1022378889,47),(1022426303,47),(1022946310,47),(1022954550,47),(1022967617,47),(1023867053,47),(1023896021,47),(1023900725,47),(1024462678,47),(1024466642,47),(1024468563,47),(1024476044,47),(1024483616,47),(1024490948,47),(1024503984,47),(1024543909,47),(1026566336,47),(1026591211,47),(1030547972,47),(1030550404,47),(1030552035,47),(1030555811,47),(1030615855,47),(1030639357,47),(1030668828,47),(1031167770,47),(1031172124,47),(1032358136,47),(1032385124,47),(1032398956,47),(1032470707,47),(1033686811,47),(1033688019,47),(1033689466,47),(1033695619,47),(1033701519,47),(1033736822,47),(1033740387,47),(1039022467,47),(1047220433,47),(1047447974,47),(1047462131,47),(1049796767,47),(1054090081,47),(1057919344,47),(1065571078,47),(1065651897,47),(1069052654,47),(1069468138,47),(1069832148,47),(1069832360,47),(1070330390,47),(1070975313,47),(1072921188,47),(1073705708,47),(1074414758,47),(1074486527,47),(1075254379,47),(1075280350,47),(1077920190,47),(1078346661,47),(1090500983,47),(1094939612,47),(1100545942,47),(1101782818,47),(1105684097,47),(1106333510,47),(1108930598,47),(1110175134,47),(1113783272,47),(1122126991,47),(1123114741,47),(1127390850,47),(1144128001,47),(1193224506,47),(194644,48),(201083,48),(410777,48),(447356,48),(3021479,48),(3024404,48),(3032765,48),(3048317,48),(3063487,48),(3102161,48),(3142845,48),(3231961,48),(3250889,48),(3274225,48),(4118777,48),(4565396,48),(4696170,48),(5691555,48),(5691602,48),(5950262,48),(5986877,48),(5994503,48),(7225482,48),(8051657,48),(8280607,48),(8767238,48),(9320157,48),(9527227,48),(9528242,48),(9957232,48),(10240994,48),(11259213,48),(11313117,48),(11314741,48),(11324752,48),(11339919,48),(11386341,48),(11387262,48),(11431420,48),(11435206,48),(12142418,48),(12193454,48),(12228112,48),(13520461,48),(13706852,48),(13953787,48),(14317739,48),(14323404,48),(18924283,48),(19066002,48),(19222789,48),(19268220,48),(19295744,48),(19314916,48),(19324647,48),(19325446,48),(19344282,48),(19409721,48),(19419308,48),(19420668,48),(19430235,48),(19433690,48),(19447576,48),(19467486,48),(19483362,48),(19488995,48),(19499037,48),(20793717,48),(20897205,48),(20905357,48),(20989157,48),(21094759,48),(23423295,48),(23694279,48),(23823643,48),(23823981,48),(24017652,48),(24120256,48),(24156609,48),(27233126,48),(28034180,48),(28098521,48),(28099098,48),(28681440,48),(28870218,48),(28979993,48),(32183238,48),(33376837,48),(35327839,48),(35377506,48),(35407345,48),(35486457,48),(35525405,48),(35531011,48),(35531371,48),(37894353,48),(39019306,48),(39528975,48),(39533520,48),(39539013,48),(39539796,48),(39552789,48),(39558150,48),(39578614,48),(39618382,48),(39633333,48),(39633426,48),(39645818,48),(39650655,48),(39662311,48),(39669954,48),(39672479,48),(39685127,48),(39696962,48),(39697574,48),(39697704,48),(39700348,48),(39700661,48),(39703991,48),(39706432,48),(39709056,48),(39736576,48),(39746735,48),(39759401,48),(39762181,48),(39762421,48),(39763722,48),(39792193,48),(40781730,48),(41554056,48),(41733223,48),(41735811,48),(41766756,48),(42133994,48),(42969240,48),(43020908,48),(43066869,48),(45544183,48),(49607659,48),(51577956,48),(51593350,48),(51607940,48),(51613661,48),(51614738,48),(51618767,48),(51630770,48),(51657493,48),(51659750,48),(51662775,48),(51698316,48),(51710161,48),(51720398,48),(51726461,48),(51734251,48),(51743497,48),(51750333,48),(51782588,48),(51811164,48),(51825697,48),(51852776,48),(51856230,48),(51896586,48),(51896739,48),(51937540,48),(51991775,48),(52036258,48),(52052088,48),(52082390,48),(52101811,48),(52127205,48),(52147628,48),(52149077,48),(52191674,48),(52193152,48),(52202022,48),(52208738,48),(52271842,48),(52276660,48),(52286712,48),(52329564,48),(52351080,48),(52362066,48),(52383383,48),(52432333,48),(52444147,48),(52451051,48),(52464684,48),(52471606,48),(52487249,48),(52491735,48),(52520076,48),(52546005,48),(52554647,48),(52555587,48),(52635081,48),(52706434,48),(52713475,48),(52718464,48),(52747769,48),(52755060,48),(52765481,48),(52771048,48),(52771925,48),(52773489,48),(52774896,48),(52775529,48),(52787851,48),(52804712,48),(52806857,48),(52807002,48),(52861953,48),(52971595,48),(52981719,48),(53007320,48),(53010005,48),(53010997,48),(53042029,48),(53054115,48),(53075903,48),(53080455,48),(53089936,48),(63370086,48),(63434774,48),(63453273,48),(65556211,48),(65556698,48),(65557234,48),(65703414,48),(65791678,48),(65798258,48),(70518650,48),(71240677,48),(71944762,48),(73564783,48),(74020095,48),(77190668,48),(79043778,48),(79044516,48),(79103181,48),(79110458,48),(79120590,48),(79123559,48),(79136241,48),(79137776,48),(79138045,48),(79162247,48),(79185639,48),(79207794,48),(79213988,48),(79216315,48),(79218304,48),(79286512,48),(79298927,48),(79308209,48),(79311444,48),(79313315,48),(79315240,48),(79319838,48),(79325974,48),(79416668,48),(79443622,48),(79451178,48),(79453173,48),(79455600,48),(79498720,48),(79509192,48),(79519007,48),(79522529,48),(79526772,48),(79528254,48),(79574775,48),(79576796,48),(79592970,48),(79595078,48),(79610552,48),(79611409,48),(79611415,48),(79614344,48),(79620396,48),(79620512,48),(79633721,48),(79636860,48),(79652404,48),(79659331,48),(79667123,48),(79668440,48),(79719720,48),(79719825,48),(79732490,48),(79739381,48),(79771382,48),(79805914,48),(79815642,48),(79821029,48),(79845890,48),(79846488,48),(79852368,48),(79857067,48),(79882149,48),(79891559,48),(79894409,48),(79915238,48),(79968212,48),(79973678,48),(79976971,48),(79985734,48),(79993201,48),(79995477,48),(79999933,48),(80006394,48),(80007353,48),(80009068,48),(80012366,48),(80012375,48),(80020210,48),(80022643,48),(80027738,48),(80035533,48),(80048450,48),(80057132,48),(80127093,48),(80138247,48),(80142629,48),(80146438,48),(80149430,48),(80158021,48),(80159182,48),(80159722,48),(80178527,48),(80179426,48),(80230048,48),(80230119,48),(80230521,48),(80230786,48),(80232354,48),(80250846,48),(80256049,48),(80270652,48),(80283853,48),(80321613,48),(80358017,48),(80378422,48),(80381967,48),(80449049,48),(80470462,48),(80492727,48),(80744432,48),(80768293,48),(80794198,48),(80797449,48),(80801519,48),(80824797,48),(80849988,48),(91070836,48),(91104784,48),(91431676,48),(91490575,48),(92641372,48),(93121623,48),(93155255,48),(93207594,48),(93364079,48),(93373691,48),(94533675,48),(96123704,48),(98627015,48),(1000221148,48),(1001968064,48),(1005728320,48),(1007116183,48),(1007445968,48),(1010191871,48),(1010193130,48),(1012327056,48),(1012344479,48),(1012344880,48),(1012345085,48),(1012345815,48),(1012353441,48),(1012359878,48),(1012361797,48),(1012374504,48),(1012377678,48),(1012384358,48),(1012407518,48),(1012421425,48),(1012438447,48),(1013626933,48),(1013652281,48),(1014230693,48),(1015998704,48),(1016013423,48),(1016029298,48),(1016094188,48),(1020723815,48),(1020731823,48),(1022330467,48),(1022341190,48),(1022369132,48),(1022372770,48),(1022378889,48),(1022426303,48),(1022946310,48),(1022954550,48),(1022967617,48),(1023867053,48),(1023896021,48),(1023900725,48),(1024462678,48),(1024466642,48),(1024468563,48),(1024476044,48),(1024483616,48),(1024490948,48),(1024503984,48),(1024543909,48),(1026566336,48),(1026591211,48),(1030547972,48),(1030550404,48),(1030552035,48),(1030555811,48),(1030615855,48),(1030639357,48),(1030668828,48),(1031167770,48),(1031172124,48),(1032358136,48),(1032385124,48),(1032398956,48),(1032470707,48),(1033686811,48),(1033688019,48),(1033689466,48),(1033695619,48),(1033701519,48),(1033736822,48),(1033740387,48),(1039022467,48),(1047220433,48),(1047447974,48),(1047462131,48),(1049796767,48),(1054090081,48),(1057919344,48),(1065571078,48),(1065651897,48),(1069052654,48),(1069468138,48),(1069832148,48),(1069832360,48),(1070330390,48),(1070975313,48),(1072921188,48),(1073705708,48),(1074414758,48),(1074486527,48),(1075254379,48),(1075280350,48),(1077920190,48),(1078346661,48),(1090500983,48),(1094939612,48),(1100545942,48),(1101782818,48),(1105684097,48),(1106333510,48),(1108930598,48),(1110175134,48),(1113783272,48),(1122126991,48),(1123114741,48),(1127390850,48),(1144128001,48),(1193224506,48),(194644,49),(201083,49),(410777,49),(447356,49),(3021479,49),(3024404,49),(3032765,49),(3048317,49),(3063487,49),(3102161,49),(3142845,49),(3231961,49),(3250889,49),(3274225,49),(4118777,49),(4565396,49),(4696170,49),(5691555,49),(5691602,49),(5950262,49),(5986877,49),(5994503,49),(7225482,49),(8051657,49),(8280607,49),(8767238,49),(9320157,49),(9527227,49),(9528242,49),(9957232,49),(10240994,49),(11259213,49),(11313117,49),(11314741,49),(11324752,49),(11339919,49),(11386341,49),(11387262,49),(11431420,49),(11435206,49),(12142418,49),(12193454,49),(12228112,49),(13520461,49),(13706852,49),(13953787,49),(14317739,49),(14323404,49),(18924283,49),(19066002,49),(19222789,49),(19268220,49),(19295744,49),(19314916,49),(19324647,49),(19325446,49),(19344282,49),(19409721,49),(19419308,49),(19420668,49),(19430235,49),(19433690,49),(19447576,49),(19467486,49),(19483362,49),(19488995,49),(19499037,49),(20793717,49),(20897205,49),(20905357,49),(20989157,49),(21094759,49),(23423295,49),(23694279,49),(23823643,49),(23823981,49),(24017652,49),(24120256,49),(24156609,49),(27233126,49),(28034180,49),(28098521,49),(28099098,49),(28681440,49),(28870218,49),(28979993,49),(32183238,49),(33376837,49),(35327839,49),(35377506,49),(35407345,49),(35486457,49),(35525405,49),(35531011,49),(35531371,49),(37894353,49),(39019306,49),(39528975,49),(39533520,49),(39539013,49),(39539796,49),(39552789,49),(39558150,49),(39578614,49),(39618382,49),(39633333,49),(39633426,49),(39645818,49),(39650655,49),(39662311,49),(39669954,49),(39672479,49),(39685127,49),(39696962,49),(39697574,49),(39697704,49),(39700348,49),(39700661,49),(39703991,49),(39706432,49),(39709056,49),(39736576,49),(39746735,49),(39759401,49),(39762181,49),(39762421,49),(39763722,49),(39792193,49),(40781730,49),(41554056,49),(41733223,49),(41735811,49),(41766756,49),(42133994,49),(42969240,49),(43020908,49),(43066869,49),(45544183,49),(49607659,49),(51577956,49),(51593350,49),(51607940,49),(51613661,49),(51614738,49),(51618767,49),(51630770,49),(51657493,49),(51659750,49),(51662775,49),(51698316,49),(51710161,49),(51720398,49),(51726461,49),(51734251,49),(51743497,49),(51750333,49),(51782588,49),(51811164,49),(51825697,49),(51852776,49),(51856230,49),(51896586,49),(51896739,49),(51937540,49),(51991775,49),(52036258,49),(52052088,49),(52082390,49),(52101811,49),(52127205,49),(52147628,49),(52149077,49),(52191674,49),(52193152,49),(52202022,49),(52208738,49),(52271842,49),(52276660,49),(52286712,49),(52329564,49),(52351080,49),(52362066,49),(52383383,49),(52432333,49),(52444147,49),(52451051,49),(52464684,49),(52471606,49),(52487249,49),(52491735,49),(52520076,49),(52546005,49),(52554647,49),(52555587,49),(52635081,49),(52706434,49),(52713475,49),(52718464,49),(52747769,49),(52755060,49),(52765481,49),(52771048,49),(52771925,49),(52773489,49),(52774896,49),(52775529,49),(52787851,49),(52804712,49),(52806857,49),(52807002,49),(52861953,49),(52971595,49),(52981719,49),(53007320,49),(53010005,49),(53010997,49),(53042029,49),(53054115,49),(53075903,49),(53080455,49),(53089936,49),(63370086,49),(63434774,49),(63453273,49),(65556211,49),(65556698,49),(65557234,49),(65703414,49),(65791678,49),(65798258,49),(70518650,49),(71240677,49),(71944762,49),(73564783,49),(74020095,49),(77190668,49),(79043778,49),(79044516,49),(79103181,49),(79110458,49),(79120590,49),(79123559,49),(79136241,49),(79137776,49),(79138045,49),(79162247,49),(79185639,49),(79207794,49),(79213988,49),(79216315,49),(79218304,49),(79286512,49),(79298927,49),(79308209,49),(79311444,49),(79313315,49),(79315240,49),(79319838,49),(79325974,49),(79416668,49),(79443622,49),(79451178,49),(79453173,49),(79455600,49),(79498720,49),(79509192,49),(79519007,49),(79522529,49),(79526772,49),(79528254,49),(79574775,49),(79576796,49),(79592970,49),(79595078,49),(79610552,49),(79611409,49),(79611415,49),(79614344,49),(79620396,49),(79620512,49),(79633721,49),(79636860,49),(79652404,49),(79659331,49),(79667123,49),(79668440,49),(79719720,49),(79719825,49),(79732490,49),(79739381,49),(79771382,49),(79805914,49),(79815642,49),(79821029,49),(79845890,49),(79846488,49),(79852368,49),(79857067,49),(79882149,49),(79891559,49),(79894409,49),(79915238,49),(79968212,49),(79973678,49),(79976971,49),(79985734,49),(79993201,49),(79995477,49),(79999933,49),(80006394,49),(80007353,49),(80009068,49),(80012366,49),(80012375,49),(80020210,49),(80022643,49),(80027738,49),(80035533,49),(80048450,49),(80057132,49),(80127093,49),(80138247,49),(80142629,49),(80146438,49),(80149430,49),(80158021,49),(80159182,49),(80159722,49),(80178527,49),(80179426,49),(80230048,49),(80230119,49),(80230521,49),(80230786,49),(80232354,49),(80250846,49),(80256049,49),(80270652,49),(80283853,49),(80321613,49),(80358017,49),(80378422,49),(80381967,49),(80449049,49),(80470462,49),(80492727,49),(80744432,49),(80768293,49),(80794198,49),(80797449,49),(80801519,49),(80824797,49),(80849988,49),(91070836,49),(91104784,49),(91431676,49),(91490575,49),(92641372,49),(93121623,49),(93155255,49),(93207594,49),(93364079,49),(93373691,49),(94533675,49),(96123704,49),(98627015,49),(1000221148,49),(1001968064,49),(1005728320,49),(1007116183,49),(1007445968,49),(1010191871,49),(1010193130,49),(1012327056,49),(1012344479,49),(1012344880,49),(1012345085,49),(1012345815,49),(1012353441,49),(1012359878,49),(1012361797,49),(1012374504,49),(1012377678,49),(1012384358,49),(1012407518,49),(1012421425,49),(1012438447,49),(1013626933,49),(1013652281,49),(1014230693,49),(1015998704,49),(1016013423,49),(1016029298,49),(1016094188,49),(1020723815,49),(1020731823,49),(1022330467,49),(1022341190,49),(1022369132,49),(1022372770,49),(1022378889,49),(1022426303,49),(1022946310,49),(1022954550,49),(1022967617,49),(1023867053,49),(1023896021,49),(1023900725,49),(1024462678,49),(1024466642,49),(1024468563,49),(1024476044,49),(1024483616,49),(1024490948,49),(1024503984,49),(1024543909,49),(1026566336,49),(1026591211,49),(1030547972,49),(1030550404,49),(1030552035,49),(1030555811,49),(1030615855,49),(1030639357,49),(1030668828,49),(1031167770,49),(1031172124,49),(1032358136,49),(1032385124,49),(1032398956,49),(1032470707,49),(1033686811,49),(1033688019,49),(1033689466,49),(1033695619,49),(1033701519,49),(1033736822,49),(1033740387,49),(1039022467,49),(1047220433,49),(1047447974,49),(1047462131,49),(1049796767,49),(1054090081,49),(1057919344,49),(1065571078,49),(1065651897,49),(1069052654,49),(1069468138,49),(1069832148,49),(1069832360,49),(1070330390,49),(1070975313,49),(1072921188,49),(1073705708,49),(1074414758,49),(1074486527,49),(1075254379,49),(1075280350,49),(1077920190,49),(1078346661,49),(1090500983,49),(1094939612,49),(1100545942,49),(1101782818,49),(1105684097,49),(1106333510,49),(1108930598,49),(1110175134,49),(1113783272,49),(1122126991,49),(1123114741,49),(1127390850,49),(1144128001,49),(1193224506,49),(194644,50),(201083,50),(410777,50),(447356,50),(3021479,50),(3024404,50),(3032765,50),(3048317,50),(3063487,50),(3102161,50),(3142845,50),(3231961,50),(3250889,50),(3274225,50),(4118777,50),(4565396,50),(4696170,50),(5691555,50),(5691602,50),(5950262,50),(5986877,50),(5994503,50),(7225482,50),(8051657,50),(8280607,50),(8767238,50),(9320157,50),(9527227,50),(9528242,50),(9957232,50),(10240994,50),(11259213,50),(11313117,50),(11314741,50),(11324752,50),(11339919,50),(11386341,50),(11387262,50),(11431420,50),(11435206,50),(12142418,50),(12193454,50),(12228112,50),(13520461,50),(13706852,50),(13953787,50),(14317739,50),(14323404,50),(18924283,50),(19066002,50),(19222789,50),(19268220,50),(19295744,50),(19314916,50),(19324647,50),(19325446,50),(19344282,50),(19409721,50),(19419308,50),(19420668,50),(19430235,50),(19433690,50),(19447576,50),(19467486,50),(19483362,50),(19488995,50),(19499037,50),(20793717,50),(20897205,50),(20905357,50),(20989157,50),(21094759,50),(23423295,50),(23694279,50),(23823643,50),(23823981,50),(24017652,50),(24120256,50),(24156609,50),(27233126,50),(28034180,50),(28098521,50),(28099098,50),(28681440,50),(28870218,50),(28979993,50),(32183238,50),(33376837,50),(35327839,50),(35377506,50),(35407345,50),(35486457,50),(35525405,50),(35531011,50),(35531371,50),(37894353,50),(39019306,50),(39528975,50),(39533520,50),(39539013,50),(39539796,50),(39552789,50),(39558150,50),(39578614,50),(39618382,50),(39633333,50),(39633426,50),(39645818,50),(39650655,50),(39662311,50),(39669954,50),(39672479,50),(39685127,50),(39696962,50),(39697574,50),(39697704,50),(39700348,50),(39700661,50),(39703991,50),(39706432,50),(39709056,50),(39736576,50),(39746735,50),(39759401,50),(39762181,50),(39762421,50),(39763722,50),(39792193,50),(40781730,50),(41554056,50),(41733223,50),(41735811,50),(41766756,50),(42133994,50),(42969240,50),(43020908,50),(43066869,50),(45544183,50),(49607659,50),(51577956,50),(51593350,50),(51607940,50),(51613661,50),(51614738,50),(51618767,50),(51630770,50),(51657493,50),(51659750,50),(51662775,50),(51698316,50),(51710161,50),(51720398,50),(51726461,50),(51734251,50),(51743497,50),(51750333,50),(51782588,50),(51811164,50),(51825697,50),(51852776,50),(51856230,50),(51896586,50),(51896739,50),(51937540,50),(51991775,50),(52036258,50),(52052088,50),(52082390,50),(52101811,50),(52127205,50),(52147628,50),(52149077,50),(52191674,50),(52193152,50),(52202022,50),(52208738,50),(52271842,50),(52276660,50),(52286712,50),(52329564,50),(52351080,50),(52362066,50),(52383383,50),(52432333,50),(52444147,50),(52451051,50),(52464684,50),(52471606,50),(52487249,50),(52491735,50),(52520076,50),(52546005,50),(52554647,50),(52555587,50),(52635081,50),(52706434,50),(52713475,50),(52718464,50),(52747769,50),(52755060,50),(52765481,50),(52771048,50),(52771925,50),(52773489,50),(52774896,50),(52775529,50),(52787851,50),(52804712,50),(52806857,50),(52807002,50),(52861953,50),(52971595,50),(52981719,50),(53007320,50),(53010005,50),(53010997,50),(53042029,50),(53054115,50),(53075903,50),(53080455,50),(53089936,50),(63370086,50),(63434774,50),(63453273,50),(65556211,50),(65556698,50),(65557234,50),(65703414,50),(65791678,50),(65798258,50),(70518650,50),(71240677,50),(71944762,50),(73564783,50),(74020095,50),(77190668,50),(79043778,50),(79044516,50),(79103181,50),(79110458,50),(79120590,50),(79123559,50),(79136241,50),(79137776,50),(79138045,50),(79162247,50),(79185639,50),(79207794,50),(79213988,50),(79216315,50),(79218304,50),(79286512,50),(79298927,50),(79308209,50),(79311444,50),(79313315,50),(79315240,50),(79319838,50),(79325974,50),(79416668,50),(79443622,50),(79451178,50),(79453173,50),(79455600,50),(79498720,50),(79509192,50),(79519007,50),(79522529,50),(79526772,50),(79528254,50),(79574775,50),(79576796,50),(79592970,50),(79595078,50),(79610552,50),(79611409,50),(79611415,50),(79614344,50),(79620396,50),(79620512,50),(79633721,50),(79636860,50),(79652404,50),(79659331,50),(79667123,50),(79668440,50),(79719720,50),(79719825,50),(79732490,50),(79739381,50),(79771382,50),(79805914,50),(79815642,50),(79821029,50),(79845890,50),(79846488,50),(79852368,50),(79857067,50),(79882149,50),(79891559,50),(79894409,50),(79915238,50),(79968212,50),(79973678,50),(79976971,50),(79985734,50),(79993201,50),(79995477,50),(79999933,50),(80006394,50),(80007353,50),(80009068,50),(80012366,50),(80012375,50),(80020210,50),(80022643,50),(80027738,50),(80035533,50),(80048450,50),(80057132,50),(80127093,50),(80138247,50),(80142629,50),(80146438,50),(80149430,50),(80158021,50),(80159182,50),(80159722,50),(80178527,50),(80179426,50),(80230048,50),(80230119,50),(80230521,50),(80230786,50),(80232354,50),(80250846,50),(80256049,50),(80270652,50),(80283853,50),(80321613,50),(80358017,50),(80378422,50),(80381967,50),(80449049,50),(80470462,50),(80492727,50),(80744432,50),(80768293,50),(80794198,50),(80797449,50),(80801519,50),(80824797,50),(80849988,50),(91070836,50),(91104784,50),(91431676,50),(91490575,50),(92641372,50),(93121623,50),(93155255,50),(93207594,50),(93364079,50),(93373691,50),(94533675,50),(96123704,50),(98627015,50),(1000221148,50),(1001968064,50),(1005728320,50),(1007116183,50),(1007445968,50),(1010191871,50),(1010193130,50),(1012327056,50),(1012344479,50),(1012344880,50),(1012345085,50),(1012345815,50),(1012353441,50),(1012359878,50),(1012361797,50),(1012374504,50),(1012377678,50),(1012384358,50),(1012407518,50),(1012421425,50),(1012438447,50),(1013626933,50),(1013652281,50),(1014230693,50),(1015998704,50),(1016013423,50),(1016029298,50),(1016094188,50),(1020723815,50),(1020731823,50),(1022330467,50),(1022341190,50),(1022369132,50),(1022372770,50),(1022378889,50),(1022426303,50),(1022946310,50),(1022954550,50),(1022967617,50),(1023867053,50),(1023896021,50),(1023900725,50),(1024462678,50),(1024466642,50),(1024468563,50),(1024476044,50),(1024483616,50),(1024490948,50),(1024503984,50),(1024543909,50),(1026566336,50),(1026591211,50),(1030547972,50),(1030550404,50),(1030552035,50),(1030555811,50),(1030615855,50),(1030639357,50),(1030668828,50),(1031167770,50),(1031172124,50),(1032358136,50),(1032385124,50),(1032398956,50),(1032470707,50),(1033686811,50),(1033688019,50),(1033689466,50),(1033695619,50),(1033701519,50),(1033736822,50),(1033740387,50),(1039022467,50),(1047220433,50),(1047447974,50),(1047462131,50),(1049796767,50),(1054090081,50),(1057919344,50),(1065571078,50),(1065651897,50),(1069052654,50),(1069468138,50),(1069832148,50),(1069832360,50),(1070330390,50),(1070975313,50),(1072921188,50),(1073705708,50),(1074414758,50),(1074486527,50),(1075254379,50),(1075280350,50),(1077920190,50),(1078346661,50),(1090500983,50),(1094939612,50),(1100545942,50),(1101782818,50),(1105684097,50),(1106333510,50),(1108930598,50),(1110175134,50),(1113783272,50),(1122126991,50),(1123114741,50),(1127390850,50),(1144128001,50),(1193224506,50),(194644,51),(201083,51),(410777,51),(447356,51),(3021479,51),(3024404,51),(3032765,51),(3048317,51),(3063487,51),(3102161,51),(3142845,51),(3231961,51),(3250889,51),(3274225,51),(4118777,51),(4565396,51),(4696170,51),(5691555,51),(5691602,51),(5950262,51),(5986877,51),(5994503,51),(7225482,51),(8051657,51),(8280607,51),(8767238,51),(9320157,51),(9527227,51),(9528242,51),(9957232,51),(10240994,51),(11259213,51),(11313117,51),(11314741,51),(11324752,51),(11339919,51),(11386341,51),(11387262,51),(11431420,51),(11435206,51),(12142418,51),(12193454,51),(12228112,51),(13520461,51),(13706852,51),(13953787,51),(14317739,51),(14323404,51),(18924283,51),(19066002,51),(19222789,51),(19268220,51),(19295744,51),(19314916,51),(19324647,51),(19325446,51),(19344282,51),(19409721,51),(19419308,51),(19420668,51),(19430235,51),(19433690,51),(19447576,51),(19467486,51),(19483362,51),(19488995,51),(19499037,51),(20793717,51),(20897205,51),(20905357,51),(20989157,51),(21094759,51),(23423295,51),(23694279,51),(23823643,51),(23823981,51),(24017652,51),(24120256,51),(24156609,51),(27233126,51),(28034180,51),(28098521,51),(28099098,51),(28681440,51),(28870218,51),(28979993,51),(32183238,51),(33376837,51),(35327839,51),(35377506,51),(35407345,51),(35486457,51),(35525405,51),(35531011,51),(35531371,51),(37894353,51),(39019306,51),(39528975,51),(39533520,51),(39539013,51),(39539796,51),(39552789,51),(39558150,51),(39578614,51),(39618382,51),(39633333,51),(39633426,51),(39645818,51),(39650655,51),(39662311,51),(39669954,51),(39672479,51),(39685127,51),(39696962,51),(39697574,51),(39697704,51),(39700348,51),(39700661,51),(39703991,51),(39706432,51),(39709056,51),(39736576,51),(39746735,51),(39759401,51),(39762181,51),(39762421,51),(39763722,51),(39792193,51),(40781730,51),(41554056,51),(41733223,51),(41735811,51),(41766756,51),(42133994,51),(42969240,51),(43020908,51),(43066869,51),(45544183,51),(49607659,51),(51577956,51),(51593350,51),(51607940,51),(51613661,51),(51614738,51),(51618767,51),(51630770,51),(51657493,51),(51659750,51),(51662775,51),(51698316,51),(51710161,51),(51720398,51),(51726461,51),(51734251,51),(51743497,51),(51750333,51),(51782588,51),(51811164,51),(51825697,51),(51852776,51),(51856230,51),(51896586,51),(51896739,51),(51937540,51),(51991775,51),(52036258,51),(52052088,51),(52082390,51),(52101811,51),(52127205,51),(52147628,51),(52149077,51),(52191674,51),(52193152,51),(52202022,51),(52208738,51),(52271842,51),(52276660,51),(52286712,51),(52329564,51),(52351080,51),(52362066,51),(52383383,51),(52432333,51),(52444147,51),(52451051,51),(52464684,51),(52471606,51),(52487249,51),(52491735,51),(52520076,51),(52546005,51),(52554647,51),(52555587,51),(52635081,51),(52706434,51),(52713475,51),(52718464,51),(52747769,51),(52755060,51),(52765481,51),(52771048,51),(52771925,51),(52773489,51),(52774896,51),(52775529,51),(52787851,51),(52804712,51),(52806857,51),(52807002,51),(52861953,51),(52971595,51),(52981719,51),(53007320,51),(53010005,51),(53010997,51),(53042029,51),(53054115,51),(53075903,51),(53080455,51),(53089936,51),(63370086,51),(63434774,51),(63453273,51),(65556211,51),(65556698,51),(65557234,51),(65703414,51),(65791678,51),(65798258,51),(70518650,51),(71240677,51),(71944762,51),(73564783,51),(74020095,51),(77190668,51),(79043778,51),(79044516,51),(79103181,51),(79110458,51),(79120590,51),(79123559,51),(79136241,51),(79137776,51),(79138045,51),(79162247,51),(79185639,51),(79207794,51),(79213988,51),(79216315,51),(79218304,51),(79286512,51),(79298927,51),(79308209,51),(79311444,51),(79313315,51),(79315240,51),(79319838,51),(79325974,51),(79416668,51),(79443622,51),(79451178,51),(79453173,51),(79455600,51),(79498720,51),(79509192,51),(79519007,51),(79522529,51),(79526772,51),(79528254,51),(79574775,51),(79576796,51),(79592970,51),(79595078,51),(79610552,51),(79611409,51),(79611415,51),(79614344,51),(79620396,51),(79620512,51),(79633721,51),(79636860,51),(79652404,51),(79659331,51),(79667123,51),(79668440,51),(79719720,51),(79719825,51),(79732490,51),(79739381,51),(79771382,51),(79805914,51),(79815642,51),(79821029,51),(79845890,51),(79846488,51),(79852368,51),(79857067,51),(79882149,51),(79891559,51),(79894409,51),(79915238,51),(79968212,51),(79973678,51),(79976971,51),(79985734,51),(79993201,51),(79995477,51),(79999933,51),(80006394,51),(80007353,51),(80009068,51),(80012366,51),(80012375,51),(80020210,51),(80022643,51),(80027738,51),(80035533,51),(80048450,51),(80057132,51),(80127093,51),(80138247,51),(80142629,51),(80146438,51),(80149430,51),(80158021,51),(80159182,51),(80159722,51),(80178527,51),(80179426,51),(80230048,51),(80230119,51),(80230521,51),(80230786,51),(80232354,51),(80250846,51),(80256049,51),(80270652,51),(80283853,51),(80321613,51),(80358017,51),(80378422,51),(80381967,51),(80449049,51),(80470462,51),(80492727,51),(80744432,51),(80768293,51),(80794198,51),(80797449,51),(80801519,51),(80824797,51),(80849988,51),(91070836,51),(91104784,51),(91431676,51),(91490575,51),(92641372,51),(93121623,51),(93155255,51),(93207594,51),(93364079,51),(93373691,51),(94533675,51),(96123704,51),(98627015,51),(1000221148,51),(1001968064,51),(1005728320,51),(1007116183,51),(1007445968,51),(1010191871,51),(1010193130,51),(1012327056,51),(1012344479,51),(1012344880,51),(1012345085,51),(1012345815,51),(1012353441,51),(1012359878,51),(1012361797,51),(1012374504,51),(1012377678,51),(1012384358,51),(1012407518,51),(1012421425,51),(1012438447,51),(1013626933,51),(1013652281,51),(1014230693,51),(1015998704,51),(1016013423,51),(1016029298,51),(1016094188,51),(1020723815,51),(1020731823,51),(1022330467,51),(1022341190,51),(1022369132,51),(1022372770,51),(1022378889,51),(1022426303,51),(1022946310,51),(1022954550,51),(1022967617,51),(1023867053,51),(1023896021,51),(1023900725,51),(1024462678,51),(1024466642,51),(1024468563,51),(1024476044,51),(1024483616,51),(1024490948,51),(1024503984,51),(1024543909,51),(1026566336,51),(1026591211,51),(1030547972,51),(1030550404,51),(1030552035,51),(1030555811,51),(1030615855,51),(1030639357,51),(1030668828,51),(1031167770,51),(1031172124,51),(1032358136,51),(1032385124,51),(1032398956,51),(1032470707,51),(1033686811,51),(1033688019,51),(1033689466,51),(1033695619,51),(1033701519,51),(1033736822,51),(1033740387,51),(1039022467,51),(1047220433,51),(1047447974,51),(1047462131,51),(1049796767,51),(1054090081,51),(1057919344,51),(1065571078,51),(1065651897,51),(1069052654,51),(1069468138,51),(1069832148,51),(1069832360,51),(1070330390,51),(1070975313,51),(1072921188,51),(1073705708,51),(1074414758,51),(1074486527,51),(1075254379,51),(1075280350,51),(1077920190,51),(1078346661,51),(1090500983,51),(1094939612,51),(1100545942,51),(1101782818,51),(1105684097,51),(1106333510,51),(1108930598,51),(1110175134,51),(1113783272,51),(1122126991,51),(1123114741,51),(1127390850,51),(1144128001,51),(1193224506,51),(194644,52),(201083,52),(410777,52),(447356,52),(3021479,52),(3024404,52),(3032765,52),(3048317,52),(3063487,52),(3102161,52),(3142845,52),(3231961,52),(3250889,52),(3274225,52),(4118777,52),(4565396,52),(4696170,52),(5691555,52),(5691602,52),(5950262,52),(5986877,52),(5994503,52),(7225482,52),(8051657,52),(8280607,52),(8767238,52),(9320157,52),(9527227,52),(9528242,52),(9957232,52),(10240994,52),(11259213,52),(11313117,52),(11314741,52),(11324752,52),(11339919,52),(11386341,52),(11387262,52),(11431420,52),(11435206,52),(12142418,52),(12193454,52),(12228112,52),(13520461,52),(13706852,52),(13953787,52),(14317739,52),(14323404,52),(18924283,52),(19066002,52),(19222789,52),(19268220,52),(19295744,52),(19314916,52),(19324647,52),(19325446,52),(19344282,52),(19409721,52),(19419308,52),(19420668,52),(19430235,52),(19433690,52),(19447576,52),(19467486,52),(19483362,52),(19488995,52),(19499037,52),(20793717,52),(20897205,52),(20905357,52),(20989157,52),(21094759,52),(23423295,52),(23694279,52),(23823643,52),(23823981,52),(24017652,52),(24120256,52),(24156609,52),(27233126,52),(28034180,52),(28098521,52),(28099098,52),(28681440,52),(28870218,52),(28979993,52),(32183238,52),(33376837,52),(35327839,52),(35377506,52),(35407345,52),(35486457,52),(35525405,52),(35531011,52),(35531371,52),(37894353,52),(39019306,52),(39528975,52),(39533520,52),(39539013,52),(39539796,52),(39552789,52),(39558150,52),(39578614,52),(39618382,52),(39633333,52),(39633426,52),(39645818,52),(39650655,52),(39662311,52),(39669954,52),(39672479,52),(39685127,52),(39696962,52),(39697574,52),(39697704,52),(39700348,52),(39700661,52),(39703991,52),(39706432,52),(39709056,52),(39736576,52),(39746735,52),(39759401,52),(39762181,52),(39762421,52),(39763722,52),(39792193,52),(40781730,52),(41554056,52),(41733223,52),(41735811,52),(41766756,52),(42133994,52),(42969240,52),(43020908,52),(43066869,52),(45544183,52),(49607659,52),(51577956,52),(51593350,52),(51607940,52),(51613661,52),(51614738,52),(51618767,52),(51630770,52),(51657493,52),(51659750,52),(51662775,52),(51698316,52),(51710161,52),(51720398,52),(51726461,52),(51734251,52),(51743497,52),(51750333,52),(51782588,52),(51811164,52),(51825697,52),(51852776,52),(51856230,52),(51896586,52),(51896739,52),(51937540,52),(51991775,52),(52036258,52),(52052088,52),(52082390,52),(52101811,52),(52127205,52),(52147628,52),(52149077,52),(52191674,52),(52193152,52),(52202022,52),(52208738,52),(52271842,52),(52276660,52),(52286712,52),(52329564,52),(52351080,52),(52362066,52),(52383383,52),(52432333,52),(52444147,52),(52451051,52),(52464684,52),(52471606,52),(52487249,52),(52491735,52),(52520076,52),(52546005,52),(52554647,52),(52555587,52),(52635081,52),(52706434,52),(52713475,52),(52718464,52),(52747769,52),(52755060,52),(52765481,52),(52771048,52),(52771925,52),(52773489,52),(52774896,52),(52775529,52),(52787851,52),(52804712,52),(52806857,52),(52807002,52),(52861953,52),(52971595,52),(52981719,52),(53007320,52),(53010005,52),(53010997,52),(53042029,52),(53054115,52),(53075903,52),(53080455,52),(53089936,52),(63370086,52),(63434774,52),(63453273,52),(65556211,52),(65556698,52),(65557234,52),(65703414,52),(65791678,52),(65798258,52),(70518650,52),(71240677,52),(71944762,52),(73564783,52),(74020095,52),(77190668,52),(79043778,52),(79044516,52),(79103181,52),(79110458,52),(79120590,52),(79123559,52),(79136241,52),(79137776,52),(79138045,52),(79162247,52),(79185639,52),(79207794,52),(79213988,52),(79216315,52),(79218304,52),(79286512,52),(79298927,52),(79308209,52),(79311444,52),(79313315,52),(79315240,52),(79319838,52),(79325974,52),(79416668,52),(79443622,52),(79451178,52),(79453173,52),(79455600,52),(79498720,52),(79509192,52),(79519007,52),(79522529,52),(79526772,52),(79528254,52),(79574775,52),(79576796,52),(79592970,52),(79595078,52),(79610552,52),(79611409,52),(79611415,52),(79614344,52),(79620396,52),(79620512,52),(79633721,52),(79636860,52),(79652404,52),(79659331,52),(79667123,52),(79668440,52),(79719720,52),(79719825,52),(79732490,52),(79739381,52),(79771382,52),(79805914,52),(79815642,52),(79821029,52),(79845890,52),(79846488,52),(79852368,52),(79857067,52),(79882149,52),(79891559,52),(79894409,52),(79915238,52),(79968212,52),(79973678,52),(79976971,52),(79985734,52),(79993201,52),(79995477,52),(79999933,52),(80006394,52),(80007353,52),(80009068,52),(80012366,52),(80012375,52),(80020210,52),(80022643,52),(80027738,52),(80035533,52),(80048450,52),(80057132,52),(80127093,52),(80138247,52),(80142629,52),(80146438,52),(80149430,52),(80158021,52),(80159182,52),(80159722,52),(80178527,52),(80179426,52),(80230048,52),(80230119,52),(80230521,52),(80230786,52),(80232354,52),(80250846,52),(80256049,52),(80270652,52),(80283853,52),(80321613,52),(80358017,52),(80378422,52),(80381967,52),(80449049,52),(80470462,52),(80492727,52),(80744432,52),(80768293,52),(80794198,52),(80797449,52),(80801519,52),(80824797,52),(80849988,52),(91070836,52),(91104784,52),(91431676,52),(91490575,52),(92641372,52),(93121623,52),(93155255,52),(93207594,52),(93364079,52),(93373691,52),(94533675,52),(96123704,52),(98627015,52),(1000221148,52),(1001968064,52),(1005728320,52),(1007116183,52),(1007445968,52),(1010191871,52),(1010193130,52),(1012327056,52),(1012344479,52),(1012344880,52),(1012345085,52),(1012345815,52),(1012353441,52),(1012359878,52),(1012361797,52),(1012374504,52),(1012377678,52),(1012384358,52),(1012407518,52),(1012421425,52),(1012438447,52),(1013626933,52),(1013652281,52),(1014230693,52),(1015998704,52),(1016013423,52),(1016029298,52),(1016094188,52),(1020723815,52),(1020731823,52),(1022330467,52),(1022341190,52),(1022369132,52),(1022372770,52),(1022378889,52),(1022426303,52),(1022946310,52),(1022954550,52),(1022967617,52),(1023867053,52),(1023896021,52),(1023900725,52),(1024462678,52),(1024466642,52),(1024468563,52),(1024476044,52),(1024483616,52),(1024490948,52),(1024503984,52),(1024543909,52),(1026566336,52),(1026591211,52),(1030547972,52),(1030550404,52),(1030552035,52),(1030555811,52),(1030615855,52),(1030639357,52),(1030668828,52),(1031167770,52),(1031172124,52),(1032358136,52),(1032385124,52),(1032398956,52),(1032470707,52),(1033686811,52),(1033688019,52),(1033689466,52),(1033695619,52),(1033701519,52),(1033736822,52),(1033740387,52),(1039022467,52),(1047220433,52),(1047447974,52),(1047462131,52),(1049796767,52),(1054090081,52),(1057919344,52),(1065571078,52),(1065651897,52),(1069052654,52),(1069468138,52),(1069832148,52),(1069832360,52),(1070330390,52),(1070975313,52),(1072921188,52),(1073705708,52),(1074414758,52),(1074486527,52),(1075254379,52),(1075280350,52),(1077920190,52),(1078346661,52),(1090500983,52),(1094939612,52),(1100545942,52),(1101782818,52),(1105684097,52),(1106333510,52),(1108930598,52),(1110175134,52),(1113783272,52),(1122126991,52),(1123114741,52),(1127390850,52),(1144128001,52),(1193224506,52),(194644,53),(201083,53),(410777,53),(447356,53),(3021479,53),(3024404,53),(3032765,53),(3048317,53),(3063487,53),(3102161,53),(3142845,53),(3231961,53),(3250889,53),(3274225,53),(4118777,53),(4565396,53),(4696170,53),(5691555,53),(5691602,53),(5950262,53),(5986877,53),(5994503,53),(7225482,53),(8051657,53),(8280607,53),(8767238,53),(9320157,53),(9527227,53),(9528242,53),(9957232,53),(10240994,53),(11259213,53),(11313117,53),(11314741,53),(11324752,53),(11339919,53),(11386341,53),(11387262,53),(11431420,53),(11435206,53),(12142418,53),(12193454,53),(12228112,53),(13520461,53),(13706852,53),(13953787,53),(14317739,53),(14323404,53),(18924283,53),(19066002,53),(19222789,53),(19268220,53),(19295744,53),(19314916,53),(19324647,53),(19325446,53),(19344282,53),(19409721,53),(19419308,53),(19420668,53),(19430235,53),(19433690,53),(19447576,53),(19467486,53),(19483362,53),(19488995,53),(19499037,53),(20793717,53),(20897205,53),(20905357,53),(20989157,53),(21094759,53),(23423295,53),(23694279,53),(23823643,53),(23823981,53),(24017652,53),(24120256,53),(24156609,53),(27233126,53),(28034180,53),(28098521,53),(28099098,53),(28681440,53),(28870218,53),(28979993,53),(32183238,53),(33376837,53),(35327839,53),(35377506,53),(35407345,53),(35486457,53),(35525405,53),(35531011,53),(35531371,53),(37894353,53),(39019306,53),(39528975,53),(39533520,53),(39539013,53),(39539796,53),(39552789,53),(39558150,53),(39578614,53),(39618382,53),(39633333,53),(39633426,53),(39645818,53),(39650655,53),(39662311,53),(39669954,53),(39672479,53),(39685127,53),(39696962,53),(39697574,53),(39697704,53),(39700348,53),(39700661,53),(39703991,53),(39706432,53),(39709056,53),(39736576,53),(39746735,53),(39759401,53),(39762181,53),(39762421,53),(39763722,53),(39792193,53),(40781730,53),(41554056,53),(41733223,53),(41735811,53),(41766756,53),(42133994,53),(42969240,53),(43020908,53),(43066869,53),(45544183,53),(49607659,53),(51577956,53),(51593350,53),(51607940,53),(51613661,53),(51614738,53),(51618767,53),(51630770,53),(51657493,53),(51659750,53),(51662775,53),(51698316,53),(51710161,53),(51720398,53),(51726461,53),(51734251,53),(51743497,53),(51750333,53),(51782588,53),(51811164,53),(51825697,53),(51852776,53),(51856230,53),(51896586,53),(51896739,53),(51937540,53),(51991775,53),(52036258,53),(52052088,53),(52082390,53),(52101811,53),(52127205,53),(52147628,53),(52149077,53),(52191674,53),(52193152,53),(52202022,53),(52208738,53),(52271842,53),(52276660,53),(52286712,53),(52329564,53),(52351080,53),(52362066,53),(52383383,53),(52432333,53),(52444147,53),(52451051,53),(52464684,53),(52471606,53),(52487249,53),(52491735,53),(52520076,53),(52546005,53),(52554647,53),(52555587,53),(52635081,53),(52706434,53),(52713475,53),(52718464,53),(52747769,53),(52755060,53),(52765481,53),(52771048,53),(52771925,53),(52773489,53),(52774896,53),(52775529,53),(52787851,53),(52804712,53),(52806857,53),(52807002,53),(52861953,53),(52971595,53),(52981719,53),(53007320,53),(53010005,53),(53010997,53),(53042029,53),(53054115,53),(53075903,53),(53080455,53),(53089936,53),(63370086,53),(63434774,53),(63453273,53),(65556211,53),(65556698,53),(65557234,53),(65703414,53),(65791678,53),(65798258,53),(70518650,53),(71240677,53),(71944762,53),(73564783,53),(74020095,53),(77190668,53),(79043778,53),(79044516,53),(79103181,53),(79110458,53),(79120590,53),(79123559,53),(79136241,53),(79137776,53),(79138045,53),(79162247,53),(79185639,53),(79207794,53),(79213988,53),(79216315,53),(79218304,53),(79286512,53),(79298927,53),(79308209,53),(79311444,53),(79313315,53),(79315240,53),(79319838,53),(79325974,53),(79416668,53),(79443622,53),(79451178,53),(79453173,53),(79455600,53),(79498720,53),(79509192,53),(79519007,53),(79522529,53),(79526772,53),(79528254,53),(79574775,53),(79576796,53),(79592970,53),(79595078,53),(79610552,53),(79611409,53),(79611415,53),(79614344,53),(79620396,53),(79620512,53),(79633721,53),(79636860,53),(79652404,53),(79659331,53),(79667123,53),(79668440,53),(79719720,53),(79719825,53),(79732490,53),(79739381,53),(79771382,53),(79805914,53),(79815642,53),(79821029,53),(79845890,53),(79846488,53),(79852368,53),(79857067,53),(79882149,53),(79891559,53),(79894409,53),(79915238,53),(79968212,53),(79973678,53),(79976971,53),(79985734,53),(79993201,53),(79995477,53),(79999933,53),(80006394,53),(80007353,53),(80009068,53),(80012366,53),(80012375,53),(80020210,53),(80022643,53),(80027738,53),(80035533,53),(80048450,53),(80057132,53),(80127093,53),(80138247,53),(80142629,53),(80146438,53),(80149430,53),(80158021,53),(80159182,53),(80159722,53),(80178527,53),(80179426,53),(80230048,53),(80230119,53),(80230521,53),(80230786,53),(80232354,53),(80250846,53),(80256049,53),(80270652,53),(80283853,53),(80321613,53),(80358017,53),(80378422,53),(80381967,53),(80449049,53),(80470462,53),(80492727,53),(80744432,53),(80768293,53),(80794198,53),(80797449,53),(80801519,53),(80824797,53),(80849988,53),(91070836,53),(91104784,53),(91431676,53),(91490575,53),(92641372,53),(93121623,53),(93155255,53),(93207594,53),(93364079,53),(93373691,53),(94533675,53),(96123704,53),(98627015,53),(1000221148,53),(1001968064,53),(1005728320,53),(1007116183,53),(1007445968,53),(1010191871,53),(1010193130,53),(1012327056,53),(1012344479,53),(1012344880,53),(1012345085,53),(1012345815,53),(1012353441,53),(1012359878,53),(1012361797,53),(1012374504,53),(1012377678,53),(1012384358,53),(1012407518,53),(1012421425,53),(1012438447,53),(1013626933,53),(1013652281,53),(1014230693,53),(1015998704,53),(1016013423,53),(1016029298,53),(1016094188,53),(1020723815,53),(1020731823,53),(1022330467,53),(1022341190,53),(1022369132,53),(1022372770,53),(1022378889,53),(1022426303,53),(1022946310,53),(1022954550,53),(1022967617,53),(1023867053,53),(1023896021,53),(1023900725,53),(1024462678,53),(1024466642,53),(1024468563,53),(1024476044,53),(1024483616,53),(1024490948,53),(1024503984,53),(1024543909,53),(1026566336,53),(1026591211,53),(1030547972,53),(1030550404,53),(1030552035,53),(1030555811,53),(1030615855,53),(1030639357,53),(1030668828,53),(1031167770,53),(1031172124,53),(1032358136,53),(1032385124,53),(1032398956,53),(1032470707,53),(1033686811,53),(1033688019,53),(1033689466,53),(1033695619,53),(1033701519,53),(1033736822,53),(1033740387,53),(1039022467,53),(1047220433,53),(1047447974,53),(1047462131,53),(1049796767,53),(1054090081,53),(1057919344,53),(1065571078,53),(1065651897,53),(1069052654,53),(1069468138,53),(1069832148,53),(1069832360,53),(1070330390,53),(1070975313,53),(1072921188,53),(1073705708,53),(1074414758,53),(1074486527,53),(1075254379,53),(1075280350,53),(1077920190,53),(1078346661,53),(1090500983,53),(1094939612,53),(1100545942,53),(1101782818,53),(1105684097,53),(1106333510,53),(1108930598,53),(1110175134,53),(1113783272,53),(1122126991,53),(1123114741,53),(1127390850,53),(1144128001,53),(1193224506,53),(194644,54),(201083,54),(410777,54),(447356,54),(3021479,54),(3024404,54),(3032765,54),(3048317,54),(3063487,54),(3102161,54),(3142845,54),(3231961,54),(3250889,54),(3274225,54),(4118777,54),(4565396,54),(4696170,54),(5691555,54),(5691602,54),(5950262,54),(5986877,54),(5994503,54),(7225482,54),(8051657,54),(8280607,54),(8767238,54),(9320157,54),(9527227,54),(9528242,54),(9957232,54),(10240994,54),(11259213,54),(11313117,54),(11314741,54),(11324752,54),(11339919,54),(11386341,54),(11387262,54),(11431420,54),(11435206,54),(12142418,54),(12193454,54),(12228112,54),(13520461,54),(13706852,54),(13953787,54),(14317739,54),(14323404,54),(18924283,54),(19066002,54),(19222789,54),(19268220,54),(19295744,54),(19314916,54),(19324647,54),(19325446,54),(19344282,54),(19409721,54),(19419308,54),(19420668,54),(19430235,54),(19433690,54),(19447576,54),(19467486,54),(19483362,54),(19488995,54),(19499037,54),(20793717,54),(20897205,54),(20905357,54),(20989157,54),(21094759,54),(23423295,54),(23694279,54),(23823643,54),(23823981,54),(24017652,54),(24120256,54),(24156609,54),(27233126,54),(28034180,54),(28098521,54),(28099098,54),(28681440,54),(28870218,54),(28979993,54),(32183238,54),(33376837,54),(35327839,54),(35377506,54),(35407345,54),(35486457,54),(35525405,54),(35531011,54),(35531371,54),(37894353,54),(39019306,54),(39528975,54),(39533520,54),(39539013,54),(39539796,54),(39552789,54),(39558150,54),(39578614,54),(39618382,54),(39633333,54),(39633426,54),(39645818,54),(39650655,54),(39662311,54),(39669954,54),(39672479,54),(39685127,54),(39696962,54),(39697574,54),(39697704,54),(39700348,54),(39700661,54),(39703991,54),(39706432,54),(39709056,54),(39736576,54),(39746735,54),(39759401,54),(39762181,54),(39762421,54),(39763722,54),(39792193,54),(40781730,54),(41554056,54),(41733223,54),(41735811,54),(41766756,54),(42133994,54),(42969240,54),(43020908,54),(43066869,54),(45544183,54),(49607659,54),(51577956,54),(51593350,54),(51607940,54),(51613661,54),(51614738,54),(51618767,54),(51630770,54),(51657493,54),(51659750,54),(51662775,54),(51698316,54),(51710161,54),(51720398,54),(51726461,54),(51734251,54),(51743497,54),(51750333,54),(51782588,54),(51811164,54),(51825697,54),(51852776,54),(51856230,54),(51896586,54),(51896739,54),(51937540,54),(51991775,54),(52036258,54),(52052088,54),(52082390,54),(52101811,54),(52127205,54),(52147628,54),(52149077,54),(52191674,54),(52193152,54),(52202022,54),(52208738,54),(52271842,54),(52276660,54),(52286712,54),(52329564,54),(52351080,54),(52362066,54),(52383383,54),(52432333,54),(52444147,54),(52451051,54),(52464684,54),(52471606,54),(52487249,54),(52491735,54),(52520076,54),(52546005,54),(52554647,54),(52555587,54),(52635081,54),(52706434,54),(52713475,54),(52718464,54),(52747769,54),(52755060,54),(52765481,54),(52771048,54),(52771925,54),(52773489,54),(52774896,54),(52775529,54),(52787851,54),(52804712,54),(52806857,54),(52807002,54),(52861953,54),(52971595,54),(52981719,54),(53007320,54),(53010005,54),(53010997,54),(53042029,54),(53054115,54),(53075903,54),(53080455,54),(53089936,54),(63370086,54),(63434774,54),(63453273,54),(65556211,54),(65556698,54),(65557234,54),(65703414,54),(65791678,54),(65798258,54),(70518650,54),(71240677,54),(71944762,54),(73564783,54),(74020095,54),(77190668,54),(79043778,54),(79044516,54),(79103181,54),(79110458,54),(79120590,54),(79123559,54),(79136241,54),(79137776,54),(79138045,54),(79162247,54),(79185639,54),(79207794,54),(79213988,54),(79216315,54),(79218304,54),(79286512,54),(79298927,54),(79308209,54),(79311444,54),(79313315,54),(79315240,54),(79319838,54),(79325974,54),(79416668,54),(79443622,54),(79451178,54),(79453173,54),(79455600,54),(79498720,54),(79509192,54),(79519007,54),(79522529,54),(79526772,54),(79528254,54),(79574775,54),(79576796,54),(79592970,54),(79595078,54),(79610552,54),(79611409,54),(79611415,54),(79614344,54),(79620396,54),(79620512,54),(79633721,54),(79636860,54),(79652404,54),(79659331,54),(79667123,54),(79668440,54),(79719720,54),(79719825,54),(79732490,54),(79739381,54),(79771382,54),(79805914,54),(79815642,54),(79821029,54),(79845890,54),(79846488,54),(79852368,54),(79857067,54),(79882149,54),(79891559,54),(79894409,54),(79915238,54),(79968212,54),(79973678,54),(79976971,54),(79985734,54),(79993201,54),(79995477,54),(79999933,54),(80006394,54),(80007353,54),(80009068,54),(80012366,54),(80012375,54),(80020210,54),(80022643,54),(80027738,54),(80035533,54),(80048450,54),(80057132,54),(80127093,54),(80138247,54),(80142629,54),(80146438,54),(80149430,54),(80158021,54),(80159182,54),(80159722,54),(80178527,54),(80179426,54),(80230048,54),(80230119,54),(80230521,54),(80230786,54),(80232354,54),(80250846,54),(80256049,54),(80270652,54),(80283853,54),(80321613,54),(80358017,54),(80378422,54),(80381967,54),(80449049,54),(80470462,54),(80492727,54),(80744432,54),(80768293,54),(80794198,54),(80797449,54),(80801519,54),(80824797,54),(80849988,54),(91070836,54),(91104784,54),(91431676,54),(91490575,54),(92641372,54),(93121623,54),(93155255,54),(93207594,54),(93364079,54),(93373691,54),(94533675,54),(96123704,54),(98627015,54),(1000221148,54),(1001968064,54),(1005728320,54),(1007116183,54),(1007445968,54),(1010191871,54),(1010193130,54),(1012327056,54),(1012344479,54),(1012344880,54),(1012345085,54),(1012345815,54),(1012353441,54),(1012359878,54),(1012361797,54),(1012374504,54),(1012377678,54),(1012384358,54),(1012407518,54),(1012421425,54),(1012438447,54),(1013626933,54),(1013652281,54),(1014230693,54),(1015998704,54),(1016013423,54),(1016029298,54),(1016094188,54),(1020723815,54),(1020731823,54),(1022330467,54),(1022341190,54),(1022369132,54),(1022372770,54),(1022378889,54),(1022426303,54),(1022946310,54),(1022954550,54),(1022967617,54),(1023867053,54),(1023896021,54),(1023900725,54),(1024462678,54),(1024466642,54),(1024468563,54),(1024476044,54),(1024483616,54),(1024490948,54),(1024503984,54),(1024543909,54),(1026566336,54),(1026591211,54),(1030547972,54),(1030550404,54),(1030552035,54),(1030555811,54),(1030615855,54),(1030639357,54),(1030668828,54),(1031167770,54),(1031172124,54),(1032358136,54),(1032385124,54),(1032398956,54),(1032470707,54),(1033686811,54),(1033688019,54),(1033689466,54),(1033695619,54),(1033701519,54),(1033736822,54),(1033740387,54),(1039022467,54),(1047220433,54),(1047447974,54),(1047462131,54),(1049796767,54),(1054090081,54),(1057919344,54),(1065571078,54),(1065651897,54),(1069052654,54),(1069468138,54),(1069832148,54),(1069832360,54),(1070330390,54),(1070975313,54),(1072921188,54),(1073705708,54),(1074414758,54),(1074486527,54),(1075254379,54),(1075280350,54),(1077920190,54),(1078346661,54),(1090500983,54),(1094939612,54),(1100545942,54),(1101782818,54),(1105684097,54),(1106333510,54),(1108930598,54),(1110175134,54),(1113783272,54),(1122126991,54),(1123114741,54),(1127390850,54),(1144128001,54),(1193224506,54),(194644,55),(201083,55),(410777,55),(447356,55),(3021479,55),(3024404,55),(3032765,55),(3048317,55),(3063487,55),(3102161,55),(3142845,55),(3231961,55),(3250889,55),(3274225,55),(4118777,55),(4565396,55),(4696170,55),(5691555,55),(5691602,55),(5950262,55),(5986877,55),(5994503,55),(7225482,55),(8051657,55),(8280607,55),(8767238,55),(9320157,55),(9527227,55),(9528242,55),(9957232,55),(10240994,55),(11259213,55),(11313117,55),(11314741,55),(11324752,55),(11339919,55),(11386341,55),(11387262,55),(11431420,55),(11435206,55),(12142418,55),(12193454,55),(12228112,55),(13520461,55),(13706852,55),(13953787,55),(14317739,55),(14323404,55),(18924283,55),(19066002,55),(19222789,55),(19268220,55),(19295744,55),(19314916,55),(19324647,55),(19325446,55),(19344282,55),(19409721,55),(19419308,55),(19420668,55),(19430235,55),(19433690,55),(19447576,55),(19467486,55),(19483362,55),(19488995,55),(19499037,55),(20793717,55),(20897205,55),(20905357,55),(20989157,55),(21094759,55),(23423295,55),(23694279,55),(23823643,55),(23823981,55),(24017652,55),(24120256,55),(24156609,55),(27233126,55),(28034180,55),(28098521,55),(28099098,55),(28681440,55),(28870218,55),(28979993,55),(32183238,55),(33376837,55),(35327839,55),(35377506,55),(35407345,55),(35486457,55),(35525405,55),(35531011,55),(35531371,55),(37894353,55),(39019306,55),(39528975,55),(39533520,55),(39539013,55),(39539796,55),(39552789,55),(39558150,55),(39578614,55),(39618382,55),(39633333,55),(39633426,55),(39645818,55),(39650655,55),(39662311,55),(39669954,55),(39672479,55),(39685127,55),(39696962,55),(39697574,55),(39697704,55),(39700348,55),(39700661,55),(39703991,55),(39706432,55),(39709056,55),(39736576,55),(39746735,55),(39759401,55),(39762181,55),(39762421,55),(39763722,55),(39792193,55),(40781730,55),(41554056,55),(41733223,55),(41735811,55),(41766756,55),(42133994,55),(42969240,55),(43020908,55),(43066869,55),(45544183,55),(49607659,55),(51577956,55),(51593350,55),(51607940,55),(51613661,55),(51614738,55),(51618767,55),(51630770,55),(51657493,55),(51659750,55),(51662775,55),(51698316,55),(51710161,55),(51720398,55),(51726461,55),(51734251,55),(51743497,55),(51750333,55),(51782588,55),(51811164,55),(51825697,55),(51852776,55),(51856230,55),(51896586,55),(51896739,55),(51937540,55),(51991775,55),(52036258,55),(52052088,55),(52082390,55),(52101811,55),(52127205,55),(52147628,55),(52149077,55),(52191674,55),(52193152,55),(52202022,55),(52208738,55),(52271842,55),(52276660,55),(52286712,55),(52329564,55),(52351080,55),(52362066,55),(52383383,55),(52432333,55),(52444147,55),(52451051,55),(52464684,55),(52471606,55),(52487249,55),(52491735,55),(52520076,55),(52546005,55),(52554647,55),(52555587,55),(52635081,55),(52706434,55),(52713475,55),(52718464,55),(52747769,55),(52755060,55),(52765481,55),(52771048,55),(52771925,55),(52773489,55),(52774896,55),(52775529,55),(52787851,55),(52804712,55),(52806857,55),(52807002,55),(52861953,55),(52971595,55),(52981719,55),(53007320,55),(53010005,55),(53010997,55),(53042029,55),(53054115,55),(53075903,55),(53080455,55),(53089936,55),(63370086,55),(63434774,55),(63453273,55),(65556211,55),(65556698,55),(65557234,55),(65703414,55),(65791678,55),(65798258,55),(70518650,55),(71240677,55),(71944762,55),(73564783,55),(74020095,55),(77190668,55),(79043778,55),(79044516,55),(79103181,55),(79110458,55),(79120590,55),(79123559,55),(79136241,55),(79137776,55),(79138045,55),(79162247,55),(79185639,55),(79207794,55),(79213988,55),(79216315,55),(79218304,55),(79286512,55),(79298927,55),(79308209,55),(79311444,55),(79313315,55),(79315240,55),(79319838,55),(79325974,55),(79416668,55),(79443622,55),(79451178,55),(79453173,55),(79455600,55),(79498720,55),(79509192,55),(79519007,55),(79522529,55),(79526772,55),(79528254,55),(79574775,55),(79576796,55),(79592970,55),(79595078,55),(79610552,55),(79611409,55),(79611415,55),(79614344,55),(79620396,55),(79620512,55),(79633721,55),(79636860,55),(79652404,55),(79659331,55),(79667123,55),(79668440,55),(79719720,55),(79719825,55),(79732490,55),(79739381,55),(79771382,55),(79805914,55),(79815642,55),(79821029,55),(79845890,55),(79846488,55),(79852368,55),(79857067,55),(79882149,55),(79891559,55),(79894409,55),(79915238,55),(79968212,55),(79973678,55),(79976971,55),(79985734,55),(79993201,55),(79995477,55),(79999933,55),(80006394,55),(80007353,55),(80009068,55),(80012366,55),(80012375,55),(80020210,55),(80022643,55),(80027738,55),(80035533,55),(80048450,55),(80057132,55),(80127093,55),(80138247,55),(80142629,55),(80146438,55),(80149430,55),(80158021,55),(80159182,55),(80159722,55),(80178527,55),(80179426,55),(80230048,55),(80230119,55),(80230521,55),(80230786,55),(80232354,55),(80250846,55),(80256049,55),(80270652,55),(80283853,55),(80321613,55),(80358017,55),(80378422,55),(80381967,55),(80449049,55),(80470462,55),(80492727,55),(80744432,55),(80768293,55),(80794198,55),(80797449,55),(80801519,55),(80824797,55),(80849988,55),(91070836,55),(91104784,55),(91431676,55),(91490575,55),(92641372,55),(93121623,55),(93155255,55),(93207594,55),(93364079,55),(93373691,55),(94533675,55),(96123704,55),(98627015,55),(1000221148,55),(1001968064,55),(1005728320,55),(1007116183,55),(1007445968,55),(1010191871,55),(1010193130,55),(1012327056,55),(1012344479,55),(1012344880,55),(1012345085,55),(1012345815,55),(1012353441,55),(1012359878,55),(1012361797,55),(1012374504,55),(1012377678,55),(1012384358,55),(1012407518,55),(1012421425,55),(1012438447,55),(1013626933,55),(1013652281,55),(1014230693,55),(1015998704,55),(1016013423,55),(1016029298,55),(1016094188,55),(1020723815,55),(1020731823,55),(1022330467,55),(1022341190,55),(1022369132,55),(1022372770,55),(1022378889,55),(1022426303,55),(1022946310,55),(1022954550,55),(1022967617,55),(1023867053,55),(1023896021,55),(1023900725,55),(1024462678,55),(1024466642,55),(1024468563,55),(1024476044,55),(1024483616,55),(1024490948,55),(1024503984,55),(1024543909,55),(1026566336,55),(1026591211,55),(1030547972,55),(1030550404,55),(1030552035,55),(1030555811,55),(1030615855,55),(1030639357,55),(1030668828,55),(1031167770,55),(1031172124,55),(1032358136,55),(1032385124,55),(1032398956,55),(1032470707,55),(1033686811,55),(1033688019,55),(1033689466,55),(1033695619,55),(1033701519,55),(1033736822,55),(1033740387,55),(1039022467,55),(1047220433,55),(1047447974,55),(1047462131,55),(1049796767,55),(1054090081,55),(1057919344,55),(1065571078,55),(1065651897,55),(1069052654,55),(1069468138,55),(1069832148,55),(1069832360,55),(1070330390,55),(1070975313,55),(1072921188,55),(1073705708,55),(1074414758,55),(1074486527,55),(1075254379,55),(1075280350,55),(1077920190,55),(1078346661,55),(1090500983,55),(1094939612,55),(1100545942,55),(1101782818,55),(1105684097,55),(1106333510,55),(1108930598,55),(1110175134,55),(1113783272,55),(1122126991,55),(1123114741,55),(1127390850,55),(1144128001,55),(1193224506,55),(194644,56),(201083,56),(410777,56),(447356,56),(3021479,56),(3024404,56),(3032765,56),(3048317,56),(3063487,56),(3102161,56),(3142845,56),(3231961,56),(3250889,56),(3274225,56),(4118777,56),(4565396,56),(4696170,56),(5691555,56),(5691602,56),(5950262,56),(5986877,56),(5994503,56),(7225482,56),(8051657,56),(8280607,56),(8767238,56),(9320157,56),(9527227,56),(9528242,56),(9957232,56),(10240994,56),(11259213,56),(11313117,56),(11314741,56),(11324752,56),(11339919,56),(11386341,56),(11387262,56),(11431420,56),(11435206,56),(12142418,56),(12193454,56),(12228112,56),(13520461,56),(13706852,56),(13953787,56),(14317739,56),(14323404,56),(18924283,56),(19066002,56),(19222789,56),(19268220,56),(19295744,56),(19314916,56),(19324647,56),(19325446,56),(19344282,56),(19409721,56),(19419308,56),(19420668,56),(19430235,56),(19433690,56),(19447576,56),(19467486,56),(19483362,56),(19488995,56),(19499037,56),(20793717,56),(20897205,56),(20905357,56),(20989157,56),(21094759,56),(23423295,56),(23694279,56),(23823643,56),(23823981,56),(24017652,56),(24120256,56),(24156609,56),(27233126,56),(28034180,56),(28098521,56),(28099098,56),(28681440,56),(28870218,56),(28979993,56),(32183238,56),(33376837,56),(35327839,56),(35377506,56),(35407345,56),(35486457,56),(35525405,56),(35531011,56),(35531371,56),(37894353,56),(39019306,56),(39528975,56),(39533520,56),(39539013,56),(39539796,56),(39552789,56),(39558150,56),(39578614,56),(39618382,56),(39633333,56),(39633426,56),(39645818,56),(39650655,56),(39662311,56),(39669954,56),(39672479,56),(39685127,56),(39696962,56),(39697574,56),(39697704,56),(39700348,56),(39700661,56),(39703991,56),(39706432,56),(39709056,56),(39736576,56),(39746735,56),(39759401,56),(39762181,56),(39762421,56),(39763722,56),(39792193,56),(40781730,56),(41554056,56),(41733223,56),(41735811,56),(41766756,56),(42133994,56),(42969240,56),(43020908,56),(43066869,56),(45544183,56),(49607659,56),(51577956,56),(51593350,56),(51607940,56),(51613661,56),(51614738,56),(51618767,56),(51630770,56),(51657493,56),(51659750,56),(51662775,56),(51698316,56),(51710161,56),(51720398,56),(51726461,56),(51734251,56),(51743497,56),(51750333,56),(51782588,56),(51811164,56),(51825697,56),(51852776,56),(51856230,56),(51896586,56),(51896739,56),(51937540,56),(51991775,56),(52036258,56),(52052088,56),(52082390,56),(52101811,56),(52127205,56),(52147628,56),(52149077,56),(52191674,56),(52193152,56),(52202022,56),(52208738,56),(52271842,56),(52276660,56),(52286712,56),(52329564,56),(52351080,56),(52362066,56),(52383383,56),(52432333,56),(52444147,56),(52451051,56),(52464684,56),(52471606,56),(52487249,56),(52491735,56),(52520076,56),(52546005,56),(52554647,56),(52555587,56),(52635081,56),(52706434,56),(52713475,56),(52718464,56),(52747769,56),(52755060,56),(52765481,56),(52771048,56),(52771925,56),(52773489,56),(52774896,56),(52775529,56),(52787851,56),(52804712,56),(52806857,56),(52807002,56),(52861953,56),(52971595,56),(52981719,56),(53007320,56),(53010005,56),(53010997,56),(53042029,56),(53054115,56),(53075903,56),(53080455,56),(53089936,56),(63370086,56),(63434774,56),(63453273,56),(65556211,56),(65556698,56),(65557234,56),(65703414,56),(65791678,56),(65798258,56),(70518650,56),(71240677,56),(71944762,56),(73564783,56),(74020095,56),(77190668,56),(79043778,56),(79044516,56),(79103181,56),(79110458,56),(79120590,56),(79123559,56),(79136241,56),(79137776,56),(79138045,56),(79162247,56),(79185639,56),(79207794,56),(79213988,56),(79216315,56),(79218304,56),(79286512,56),(79298927,56),(79308209,56),(79311444,56),(79313315,56),(79315240,56),(79319838,56),(79325974,56),(79416668,56),(79443622,56),(79451178,56),(79453173,56),(79455600,56),(79498720,56),(79509192,56),(79519007,56),(79522529,56),(79526772,56),(79528254,56),(79574775,56),(79576796,56),(79592970,56),(79595078,56),(79610552,56),(79611409,56),(79611415,56),(79614344,56),(79620396,56),(79620512,56),(79633721,56),(79636860,56),(79652404,56),(79659331,56),(79667123,56),(79668440,56),(79719720,56),(79719825,56),(79732490,56),(79739381,56),(79771382,56),(79805914,56),(79815642,56),(79821029,56),(79845890,56),(79846488,56),(79852368,56),(79857067,56),(79882149,56),(79891559,56),(79894409,56),(79915238,56),(79968212,56),(79973678,56),(79976971,56),(79985734,56),(79993201,56),(79995477,56),(79999933,56),(80006394,56),(80007353,56),(80009068,56),(80012366,56),(80012375,56),(80020210,56),(80022643,56),(80027738,56),(80035533,56),(80048450,56),(80057132,56),(80127093,56),(80138247,56),(80142629,56),(80146438,56),(80149430,56),(80158021,56),(80159182,56),(80159722,56),(80178527,56),(80179426,56),(80230048,56),(80230119,56),(80230521,56),(80230786,56),(80232354,56),(80250846,56),(80256049,56),(80270652,56),(80283853,56),(80321613,56),(80358017,56),(80378422,56),(80381967,56),(80449049,56),(80470462,56),(80492727,56),(80744432,56),(80768293,56),(80794198,56),(80797449,56),(80801519,56),(80824797,56),(80849988,56),(91070836,56),(91104784,56),(91431676,56),(91490575,56),(92641372,56),(93121623,56),(93155255,56),(93207594,56),(93364079,56),(93373691,56),(94533675,56),(96123704,56),(98627015,56),(1000221148,56),(1001968064,56),(1005728320,56),(1007116183,56),(1007445968,56),(1010191871,56),(1010193130,56),(1012327056,56),(1012344479,56),(1012344880,56),(1012345085,56),(1012345815,56),(1012353441,56),(1012359878,56),(1012361797,56),(1012374504,56),(1012377678,56),(1012384358,56),(1012407518,56),(1012421425,56),(1012438447,56),(1013626933,56),(1013652281,56),(1014230693,56),(1015998704,56),(1016013423,56),(1016029298,56),(1016094188,56),(1020723815,56),(1020731823,56),(1022330467,56),(1022341190,56),(1022369132,56),(1022372770,56),(1022378889,56),(1022426303,56),(1022946310,56),(1022954550,56),(1022967617,56),(1023867053,56),(1023896021,56),(1023900725,56),(1024462678,56),(1024466642,56),(1024468563,56),(1024476044,56),(1024483616,56),(1024490948,56),(1024503984,56),(1024543909,56),(1026566336,56),(1026591211,56),(1030547972,56),(1030550404,56),(1030552035,56),(1030555811,56),(1030615855,56),(1030639357,56),(1030668828,56),(1031167770,56),(1031172124,56),(1032358136,56),(1032385124,56),(1032398956,56),(1032470707,56),(1033686811,56),(1033688019,56),(1033689466,56),(1033695619,56),(1033701519,56),(1033736822,56),(1033740387,56),(1039022467,56),(1047220433,56),(1047447974,56),(1047462131,56),(1049796767,56),(1054090081,56),(1057919344,56),(1065571078,56),(1065651897,56),(1069052654,56),(1069468138,56),(1069832148,56),(1069832360,56),(1070330390,56),(1070975313,56),(1072921188,56),(1073705708,56),(1074414758,56),(1074486527,56),(1075254379,56),(1075280350,56),(1077920190,56),(1078346661,56),(1090500983,56),(1094939612,56),(1100545942,56),(1101782818,56),(1105684097,56),(1106333510,56),(1108930598,56),(1110175134,56),(1113783272,56),(1122126991,56),(1123114741,56),(1127390850,56),(1144128001,56),(1193224506,56),(194644,57),(201083,57),(410777,57),(447356,57),(3021479,57),(3024404,57),(3032765,57),(3048317,57),(3063487,57),(3102161,57),(3142845,57),(3231961,57),(3250889,57),(3274225,57),(4118777,57),(4565396,57),(4696170,57),(5691555,57),(5691602,57),(5950262,57),(5986877,57),(5994503,57),(7225482,57),(8051657,57),(8280607,57),(8767238,57),(9320157,57),(9527227,57),(9528242,57),(9957232,57),(10240994,57),(11259213,57),(11313117,57),(11314741,57),(11324752,57),(11339919,57),(11386341,57),(11387262,57),(11431420,57),(11435206,57),(12142418,57),(12193454,57),(12228112,57),(13520461,57),(13706852,57),(13953787,57),(14317739,57),(14323404,57),(18924283,57),(19066002,57),(19222789,57),(19268220,57),(19295744,57),(19314916,57),(19324647,57),(19325446,57),(19344282,57),(19409721,57),(19419308,57),(19420668,57),(19430235,57),(19433690,57),(19447576,57),(19467486,57),(19483362,57),(19488995,57),(19499037,57),(20793717,57),(20897205,57),(20905357,57),(20989157,57),(21094759,57),(23423295,57),(23694279,57),(23823643,57),(23823981,57),(24017652,57),(24120256,57),(24156609,57),(27233126,57),(28034180,57),(28098521,57),(28099098,57),(28681440,57),(28870218,57),(28979993,57),(32183238,57),(33376837,57),(35327839,57),(35377506,57),(35407345,57),(35486457,57),(35525405,57),(35531011,57),(35531371,57),(37894353,57),(39019306,57),(39528975,57),(39533520,57),(39539013,57),(39539796,57),(39552789,57),(39558150,57),(39578614,57),(39618382,57),(39633333,57),(39633426,57),(39645818,57),(39650655,57),(39662311,57),(39669954,57),(39672479,57),(39685127,57),(39696962,57),(39697574,57),(39697704,57),(39700348,57),(39700661,57),(39703991,57),(39706432,57),(39709056,57),(39736576,57),(39746735,57),(39759401,57),(39762181,57),(39762421,57),(39763722,57),(39792193,57),(40781730,57),(41554056,57),(41733223,57),(41735811,57),(41766756,57),(42133994,57),(42969240,57),(43020908,57),(43066869,57),(45544183,57),(49607659,57),(51577956,57),(51593350,57),(51607940,57),(51613661,57),(51614738,57),(51618767,57),(51630770,57),(51657493,57),(51659750,57),(51662775,57),(51698316,57),(51710161,57),(51720398,57),(51726461,57),(51734251,57),(51743497,57),(51750333,57),(51782588,57),(51811164,57),(51825697,57),(51852776,57),(51856230,57),(51896586,57),(51896739,57),(51937540,57),(51991775,57),(52036258,57),(52052088,57),(52082390,57),(52101811,57),(52127205,57),(52147628,57),(52149077,57),(52191674,57),(52193152,57),(52202022,57),(52208738,57),(52271842,57),(52276660,57),(52286712,57),(52329564,57),(52351080,57),(52362066,57),(52383383,57),(52432333,57),(52444147,57),(52451051,57),(52464684,57),(52471606,57),(52487249,57),(52491735,57),(52520076,57),(52546005,57),(52554647,57),(52555587,57),(52635081,57),(52706434,57),(52713475,57),(52718464,57),(52747769,57),(52755060,57),(52765481,57),(52771048,57),(52771925,57),(52773489,57),(52774896,57),(52775529,57),(52787851,57),(52804712,57),(52806857,57),(52807002,57),(52861953,57),(52971595,57),(52981719,57),(53007320,57),(53010005,57),(53010997,57),(53042029,57),(53054115,57),(53075903,57),(53080455,57),(53089936,57),(63370086,57),(63434774,57),(63453273,57),(65556211,57),(65556698,57),(65557234,57),(65703414,57),(65791678,57),(65798258,57),(70518650,57),(71240677,57),(71944762,57),(73564783,57),(74020095,57),(77190668,57),(79043778,57),(79044516,57),(79103181,57),(79110458,57),(79120590,57),(79123559,57),(79136241,57),(79137776,57),(79138045,57),(79162247,57),(79185639,57),(79207794,57),(79213988,57),(79216315,57),(79218304,57),(79286512,57),(79298927,57),(79308209,57),(79311444,57),(79313315,57),(79315240,57),(79319838,57),(79325974,57),(79416668,57),(79443622,57),(79451178,57),(79453173,57),(79455600,57),(79498720,57),(79509192,57),(79519007,57),(79522529,57),(79526772,57),(79528254,57),(79574775,57),(79576796,57),(79592970,57),(79595078,57),(79610552,57),(79611409,57),(79611415,57),(79614344,57),(79620396,57),(79620512,57),(79633721,57),(79636860,57),(79652404,57),(79659331,57),(79667123,57),(79668440,57),(79719720,57),(79719825,57),(79732490,57),(79739381,57),(79771382,57),(79805914,57),(79815642,57),(79821029,57),(79845890,57),(79846488,57),(79852368,57),(79857067,57),(79882149,57),(79891559,57),(79894409,57),(79915238,57),(79968212,57),(79973678,57),(79976971,57),(79985734,57),(79993201,57),(79995477,57),(79999933,57),(80006394,57),(80007353,57),(80009068,57),(80012366,57),(80012375,57),(80020210,57),(80022643,57),(80027738,57),(80035533,57),(80048450,57),(80057132,57),(80127093,57),(80138247,57),(80142629,57),(80146438,57),(80149430,57),(80158021,57),(80159182,57),(80159722,57),(80178527,57),(80179426,57),(80230048,57),(80230119,57),(80230521,57),(80230786,57),(80232354,57),(80250846,57),(80256049,57),(80270652,57),(80283853,57),(80321613,57),(80358017,57),(80378422,57),(80381967,57),(80449049,57),(80470462,57),(80492727,57),(80744432,57),(80768293,57),(80794198,57),(80797449,57),(80801519,57),(80824797,57),(80849988,57),(91070836,57),(91104784,57),(91431676,57),(91490575,57),(92641372,57),(93121623,57),(93155255,57),(93207594,57),(93364079,57),(93373691,57),(94533675,57),(96123704,57),(98627015,57),(1000221148,57),(1001968064,57),(1005728320,57),(1007116183,57),(1007445968,57),(1010191871,57),(1010193130,57),(1012327056,57),(1012344479,57),(1012344880,57),(1012345085,57),(1012345815,57),(1012353441,57),(1012359878,57),(1012361797,57),(1012374504,57),(1012377678,57),(1012384358,57),(1012407518,57),(1012421425,57),(1012438447,57),(1013626933,57),(1013652281,57),(1014230693,57),(1015998704,57),(1016013423,57),(1016029298,57),(1016094188,57),(1020723815,57),(1020731823,57),(1022330467,57),(1022341190,57),(1022369132,57),(1022372770,57),(1022378889,57),(1022426303,57),(1022946310,57),(1022954550,57),(1022967617,57),(1023867053,57),(1023896021,57),(1023900725,57),(1024462678,57),(1024466642,57),(1024468563,57),(1024476044,57),(1024483616,57),(1024490948,57),(1024503984,57),(1024543909,57),(1026566336,57),(1026591211,57),(1030547972,57),(1030550404,57),(1030552035,57),(1030555811,57),(1030615855,57),(1030639357,57),(1030668828,57),(1031167770,57),(1031172124,57),(1032358136,57),(1032385124,57),(1032398956,57),(1032470707,57),(1033686811,57),(1033688019,57),(1033689466,57),(1033695619,57),(1033701519,57),(1033736822,57),(1033740387,57),(1039022467,57),(1047220433,57),(1047447974,57),(1047462131,57),(1049796767,57),(1054090081,57),(1057919344,57),(1065571078,57),(1065651897,57),(1069052654,57),(1069468138,57),(1069832148,57),(1069832360,57),(1070330390,57),(1070975313,57),(1072921188,57),(1073705708,57),(1074414758,57),(1074486527,57),(1075254379,57),(1075280350,57),(1077920190,57),(1078346661,57),(1090500983,57),(1094939612,57),(1100545942,57),(1101782818,57),(1105684097,57),(1106333510,57),(1108930598,57),(1110175134,57),(1113783272,57),(1122126991,57),(1123114741,57),(1127390850,57),(1144128001,57),(1193224506,57),(194644,58),(201083,58),(410777,58),(447356,58),(3021479,58),(3024404,58),(3032765,58),(3048317,58),(3063487,58),(3102161,58),(3142845,58),(3231961,58),(3250889,58),(3274225,58),(4118777,58),(4565396,58),(4696170,58),(5691555,58),(5691602,58),(5950262,58),(5986877,58),(5994503,58),(7225482,58),(8051657,58),(8280607,58),(8767238,58),(9320157,58),(9527227,58),(9528242,58),(9957232,58),(10240994,58),(11259213,58),(11313117,58),(11314741,58),(11324752,58),(11339919,58),(11386341,58),(11387262,58),(11431420,58),(11435206,58),(12142418,58),(12193454,58),(12228112,58),(13520461,58),(13706852,58),(13953787,58),(14317739,58),(14323404,58),(18924283,58),(19066002,58),(19222789,58),(19268220,58),(19295744,58),(19314916,58),(19324647,58),(19325446,58),(19344282,58),(19409721,58),(19419308,58),(19420668,58),(19430235,58),(19433690,58),(19447576,58),(19467486,58),(19483362,58),(19488995,58),(19499037,58),(20793717,58),(20897205,58),(20905357,58),(20989157,58),(21094759,58),(23423295,58),(23694279,58),(23823643,58),(23823981,58),(24017652,58),(24120256,58),(24156609,58),(27233126,58),(28034180,58),(28098521,58),(28099098,58),(28681440,58),(28870218,58),(28979993,58),(32183238,58),(33376837,58),(35327839,58),(35377506,58),(35407345,58),(35486457,58),(35525405,58),(35531011,58),(35531371,58),(37894353,58),(39019306,58),(39528975,58),(39533520,58),(39539013,58),(39539796,58),(39552789,58),(39558150,58),(39578614,58),(39618382,58),(39633333,58),(39633426,58),(39645818,58),(39650655,58),(39662311,58),(39669954,58),(39672479,58),(39685127,58),(39696962,58),(39697574,58),(39697704,58),(39700348,58),(39700661,58),(39703991,58),(39706432,58),(39709056,58),(39736576,58),(39746735,58),(39759401,58),(39762181,58),(39762421,58),(39763722,58),(39792193,58),(40781730,58),(41554056,58),(41733223,58),(41735811,58),(41766756,58),(42133994,58),(42969240,58),(43020908,58),(43066869,58),(45544183,58),(49607659,58),(51577956,58),(51593350,58),(51607940,58),(51613661,58),(51614738,58),(51618767,58),(51630770,58),(51657493,58),(51659750,58),(51662775,58),(51698316,58),(51710161,58),(51720398,58),(51726461,58),(51734251,58),(51743497,58),(51750333,58),(51782588,58),(51811164,58),(51825697,58),(51852776,58),(51856230,58),(51896586,58),(51896739,58),(51937540,58),(51991775,58),(52036258,58),(52052088,58),(52082390,58),(52101811,58),(52127205,58),(52147628,58),(52149077,58),(52191674,58),(52193152,58),(52202022,58),(52208738,58),(52271842,58),(52276660,58),(52286712,58),(52329564,58),(52351080,58),(52362066,58),(52383383,58),(52432333,58),(52444147,58),(52451051,58),(52464684,58),(52471606,58),(52487249,58),(52491735,58),(52520076,58),(52546005,58),(52554647,58),(52555587,58),(52635081,58),(52706434,58),(52713475,58),(52718464,58),(52747769,58),(52755060,58),(52765481,58),(52771048,58),(52771925,58),(52773489,58),(52774896,58),(52775529,58),(52787851,58),(52804712,58),(52806857,58),(52807002,58),(52861953,58),(52971595,58),(52981719,58),(53007320,58),(53010005,58),(53010997,58),(53042029,58),(53054115,58),(53075903,58),(53080455,58),(53089936,58),(63370086,58),(63434774,58),(63453273,58),(65556211,58),(65556698,58),(65557234,58),(65703414,58),(65791678,58),(65798258,58),(70518650,58),(71240677,58),(71944762,58),(73564783,58),(74020095,58),(77190668,58),(79043778,58),(79044516,58),(79103181,58),(79110458,58),(79120590,58),(79123559,58),(79136241,58),(79137776,58),(79138045,58),(79162247,58),(79185639,58),(79207794,58),(79213988,58),(79216315,58),(79218304,58),(79286512,58),(79298927,58),(79308209,58),(79311444,58),(79313315,58),(79315240,58),(79319838,58),(79325974,58),(79416668,58),(79443622,58),(79451178,58),(79453173,58),(79455600,58),(79498720,58),(79509192,58),(79519007,58),(79522529,58),(79526772,58),(79528254,58),(79574775,58),(79576796,58),(79592970,58),(79595078,58),(79610552,58),(79611409,58),(79611415,58),(79614344,58),(79620396,58),(79620512,58),(79633721,58),(79636860,58),(79652404,58),(79659331,58),(79667123,58),(79668440,58),(79719720,58),(79719825,58),(79732490,58),(79739381,58),(79771382,58),(79805914,58),(79815642,58),(79821029,58),(79845890,58),(79846488,58),(79852368,58),(79857067,58),(79882149,58),(79891559,58),(79894409,58),(79915238,58),(79968212,58),(79973678,58),(79976971,58),(79985734,58),(79993201,58),(79995477,58),(79999933,58),(80006394,58),(80007353,58),(80009068,58),(80012366,58),(80012375,58),(80020210,58),(80022643,58),(80027738,58),(80035533,58),(80048450,58),(80057132,58),(80127093,58),(80138247,58),(80142629,58),(80146438,58),(80149430,58),(80158021,58),(80159182,58),(80159722,58),(80178527,58),(80179426,58),(80230048,58),(80230119,58),(80230521,58),(80230786,58),(80232354,58),(80250846,58),(80256049,58),(80270652,58),(80283853,58),(80321613,58),(80358017,58),(80378422,58),(80381967,58),(80449049,58),(80470462,58),(80492727,58),(80744432,58),(80768293,58),(80794198,58),(80797449,58),(80801519,58),(80824797,58),(80849988,58),(91070836,58),(91104784,58),(91431676,58),(91490575,58),(92641372,58),(93121623,58),(93155255,58),(93207594,58),(93364079,58),(93373691,58),(94533675,58),(96123704,58),(98627015,58),(1000221148,58),(1001968064,58),(1005728320,58),(1007116183,58),(1007445968,58),(1010191871,58),(1010193130,58),(1012327056,58),(1012344479,58),(1012344880,58),(1012345085,58),(1012345815,58),(1012353441,58),(1012359878,58),(1012361797,58),(1012374504,58),(1012377678,58),(1012384358,58),(1012407518,58),(1012421425,58),(1012438447,58),(1013626933,58),(1013652281,58),(1014230693,58),(1015998704,58),(1016013423,58),(1016029298,58),(1016094188,58),(1020723815,58),(1020731823,58),(1022330467,58),(1022341190,58),(1022369132,58),(1022372770,58),(1022378889,58),(1022426303,58),(1022946310,58),(1022954550,58),(1022967617,58),(1023867053,58),(1023896021,58),(1023900725,58),(1024462678,58),(1024466642,58),(1024468563,58),(1024476044,58),(1024483616,58),(1024490948,58),(1024503984,58),(1024543909,58),(1026566336,58),(1026591211,58),(1030547972,58),(1030550404,58),(1030552035,58),(1030555811,58),(1030615855,58),(1030639357,58),(1030668828,58),(1031167770,58),(1031172124,58),(1032358136,58),(1032385124,58),(1032398956,58),(1032470707,58),(1033686811,58),(1033688019,58),(1033689466,58),(1033695619,58),(1033701519,58),(1033736822,58),(1033740387,58),(1039022467,58),(1047220433,58),(1047447974,58),(1047462131,58),(1049796767,58),(1054090081,58),(1057919344,58),(1065571078,58),(1065651897,58),(1069052654,58),(1069468138,58),(1069832148,58),(1069832360,58),(1070330390,58),(1070975313,58),(1072921188,58),(1073705708,58),(1074414758,58),(1074486527,58),(1075254379,58),(1075280350,58),(1077920190,58),(1078346661,58),(1090500983,58),(1094939612,58),(1100545942,58),(1101782818,58),(1105684097,58),(1106333510,58),(1108930598,58),(1110175134,58),(1113783272,58),(1122126991,58),(1123114741,58),(1127390850,58),(1144128001,58),(1193224506,58),(194644,59),(201083,59),(410777,59),(447356,59),(3021479,59),(3024404,59),(3032765,59),(3048317,59),(3063487,59),(3102161,59),(3142845,59),(3231961,59),(3250889,59),(3274225,59),(4118777,59),(4565396,59),(4696170,59),(5691555,59),(5691602,59),(5950262,59),(5986877,59),(5994503,59),(7225482,59),(8051657,59),(8280607,59),(8767238,59),(9320157,59),(9527227,59),(9528242,59),(9957232,59),(10240994,59),(11259213,59),(11313117,59),(11314741,59),(11324752,59),(11339919,59),(11386341,59),(11387262,59),(11431420,59),(11435206,59),(12142418,59),(12193454,59),(12228112,59),(13520461,59),(13706852,59),(13953787,59),(14317739,59),(14323404,59),(18924283,59),(19066002,59),(19222789,59),(19268220,59),(19295744,59),(19314916,59),(19324647,59),(19325446,59),(19344282,59),(19409721,59),(19419308,59),(19420668,59),(19430235,59),(19433690,59),(19447576,59),(19467486,59),(19483362,59),(19488995,59),(19499037,59),(20793717,59),(20897205,59),(20905357,59),(20989157,59),(21094759,59),(23423295,59),(23694279,59),(23823643,59),(23823981,59),(24017652,59),(24120256,59),(24156609,59),(27233126,59),(28034180,59),(28098521,59),(28099098,59),(28681440,59),(28870218,59),(28979993,59),(32183238,59),(33376837,59),(35327839,59),(35377506,59),(35407345,59),(35486457,59),(35525405,59),(35531011,59),(35531371,59),(37894353,59),(39019306,59),(39528975,59),(39533520,59),(39539013,59),(39539796,59),(39552789,59),(39558150,59),(39578614,59),(39618382,59),(39633333,59),(39633426,59),(39645818,59),(39650655,59),(39662311,59),(39669954,59),(39672479,59),(39685127,59),(39696962,59),(39697574,59),(39697704,59),(39700348,59),(39700661,59),(39703991,59),(39706432,59),(39709056,59),(39736576,59),(39746735,59),(39759401,59),(39762181,59),(39762421,59),(39763722,59),(39792193,59),(40781730,59),(41554056,59),(41733223,59),(41735811,59),(41766756,59),(42133994,59),(42969240,59),(43020908,59),(43066869,59),(45544183,59),(49607659,59),(51577956,59),(51593350,59),(51607940,59),(51613661,59),(51614738,59),(51618767,59),(51630770,59),(51657493,59),(51659750,59),(51662775,59),(51698316,59),(51710161,59),(51720398,59),(51726461,59),(51734251,59),(51743497,59),(51750333,59),(51782588,59),(51811164,59),(51825697,59),(51852776,59),(51856230,59),(51896586,59),(51896739,59),(51937540,59),(51991775,59),(52036258,59),(52052088,59),(52082390,59),(52101811,59),(52127205,59),(52147628,59),(52149077,59),(52191674,59),(52193152,59),(52202022,59),(52208738,59),(52271842,59),(52276660,59),(52286712,59),(52329564,59),(52351080,59),(52362066,59),(52383383,59),(52432333,59),(52444147,59),(52451051,59),(52464684,59),(52471606,59),(52487249,59),(52491735,59),(52520076,59),(52546005,59),(52554647,59),(52555587,59),(52635081,59),(52706434,59),(52713475,59),(52718464,59),(52747769,59),(52755060,59),(52765481,59),(52771048,59),(52771925,59),(52773489,59),(52774896,59),(52775529,59),(52787851,59),(52804712,59),(52806857,59),(52807002,59),(52861953,59),(52971595,59),(52981719,59),(53007320,59),(53010005,59),(53010997,59),(53042029,59),(53054115,59),(53075903,59),(53080455,59),(53089936,59),(63370086,59),(63434774,59),(63453273,59),(65556211,59),(65556698,59),(65557234,59),(65703414,59),(65791678,59),(65798258,59),(70518650,59),(71240677,59),(71944762,59),(73564783,59),(74020095,59),(77190668,59),(79043778,59),(79044516,59),(79103181,59),(79110458,59),(79120590,59),(79123559,59),(79136241,59),(79137776,59),(79138045,59),(79162247,59),(79185639,59),(79207794,59),(79213988,59),(79216315,59),(79218304,59),(79286512,59),(79298927,59),(79308209,59),(79311444,59),(79313315,59),(79315240,59),(79319838,59),(79325974,59),(79416668,59),(79443622,59),(79451178,59),(79453173,59),(79455600,59),(79498720,59),(79509192,59),(79519007,59),(79522529,59),(79526772,59),(79528254,59),(79574775,59),(79576796,59),(79592970,59),(79595078,59),(79610552,59),(79611409,59),(79611415,59),(79614344,59),(79620396,59),(79620512,59),(79633721,59),(79636860,59),(79652404,59),(79659331,59),(79667123,59),(79668440,59),(79719720,59),(79719825,59),(79732490,59),(79739381,59),(79771382,59),(79805914,59),(79815642,59),(79821029,59),(79845890,59),(79846488,59),(79852368,59),(79857067,59),(79882149,59),(79891559,59),(79894409,59),(79915238,59),(79968212,59),(79973678,59),(79976971,59),(79985734,59),(79993201,59),(79995477,59),(79999933,59),(80006394,59),(80007353,59),(80009068,59),(80012366,59),(80012375,59),(80020210,59),(80022643,59),(80027738,59),(80035533,59),(80048450,59),(80057132,59),(80127093,59),(80138247,59),(80142629,59),(80146438,59),(80149430,59),(80158021,59),(80159182,59),(80159722,59),(80178527,59),(80179426,59),(80230048,59),(80230119,59),(80230521,59),(80230786,59),(80232354,59),(80250846,59),(80256049,59),(80270652,59),(80283853,59),(80321613,59),(80358017,59),(80378422,59),(80381967,59),(80449049,59),(80470462,59),(80492727,59),(80744432,59),(80768293,59),(80794198,59),(80797449,59),(80801519,59),(80824797,59),(80849988,59),(91070836,59),(91104784,59),(91431676,59),(91490575,59),(92641372,59),(93121623,59),(93155255,59),(93207594,59),(93364079,59),(93373691,59),(94533675,59),(96123704,59),(98627015,59),(1000221148,59),(1001968064,59),(1005728320,59),(1007116183,59),(1007445968,59),(1010191871,59),(1010193130,59),(1012327056,59),(1012344479,59),(1012344880,59),(1012345085,59),(1012345815,59),(1012353441,59),(1012359878,59),(1012361797,59),(1012374504,59),(1012377678,59),(1012384358,59),(1012407518,59),(1012421425,59),(1012438447,59),(1013626933,59),(1013652281,59),(1014230693,59),(1015998704,59),(1016013423,59),(1016029298,59),(1016094188,59),(1020723815,59),(1020731823,59),(1022330467,59),(1022341190,59),(1022369132,59),(1022372770,59),(1022378889,59),(1022426303,59),(1022946310,59),(1022954550,59),(1022967617,59),(1023867053,59),(1023896021,59),(1023900725,59),(1024462678,59),(1024466642,59),(1024468563,59),(1024476044,59),(1024483616,59),(1024490948,59),(1024503984,59),(1024543909,59),(1026566336,59),(1026591211,59),(1030547972,59),(1030550404,59),(1030552035,59),(1030555811,59),(1030615855,59),(1030639357,59),(1030668828,59),(1031167770,59),(1031172124,59),(1032358136,59),(1032385124,59),(1032398956,59),(1032470707,59),(1033686811,59),(1033688019,59),(1033689466,59),(1033695619,59),(1033701519,59),(1033736822,59),(1033740387,59),(1039022467,59),(1047220433,59),(1047447974,59),(1047462131,59),(1049796767,59),(1054090081,59),(1057919344,59),(1065571078,59),(1065651897,59),(1069052654,59),(1069468138,59),(1069832148,59),(1069832360,59),(1070330390,59),(1070975313,59),(1072921188,59),(1073705708,59),(1074414758,59),(1074486527,59),(1075254379,59),(1075280350,59),(1077920190,59),(1078346661,59),(1090500983,59),(1094939612,59),(1100545942,59),(1101782818,59),(1105684097,59),(1106333510,59),(1108930598,59),(1110175134,59),(1113783272,59),(1122126991,59),(1123114741,59),(1127390850,59),(1144128001,59),(1193224506,59),(194644,69),(201083,69),(410777,69),(447356,69),(3021479,69),(3024404,69),(3032765,69),(3048317,69),(3063487,69),(3102161,69),(3142845,69),(3231961,69),(3250889,69),(3274225,69),(4118777,69),(4565396,69),(4696170,69),(5691555,69),(5691602,69),(5950262,69),(5986877,69),(5994503,69),(7225482,69),(8051657,69),(8280607,69),(8767238,69),(9320157,69),(9527227,69),(9528242,69),(9957232,69),(10240994,69),(11259213,69),(11313117,69),(11314741,69),(11324752,69),(11339919,69),(11386341,69),(11387262,69),(11431420,69),(11435206,69),(12142418,69),(12193454,69),(12228112,69),(13520461,69),(13706852,69),(13953787,69),(14317739,69),(14323404,69),(18924283,69),(19066002,69),(19222789,69),(19268220,69),(19295744,69),(19314916,69),(19324647,69),(19325446,69),(19344282,69),(19409721,69),(19419308,69),(19420668,69),(19430235,69),(19433690,69),(19447576,69),(19467486,69),(19483362,69),(19488995,69),(19499037,69),(20793717,69),(20897205,69),(20905357,69),(20989157,69),(21094759,69),(23423295,69),(23694279,69),(23823643,69),(23823981,69),(24017652,69),(24120256,69),(24156609,69),(27233126,69),(28034180,69),(28098521,69),(28099098,69),(28681440,69),(28870218,69),(28979993,69),(32183238,69),(33376837,69),(35327839,69),(35377506,69),(35407345,69),(35486457,69),(35525405,69),(35531011,69),(35531371,69),(37894353,69),(39019306,69),(39528975,69),(39533520,69),(39539013,69),(39539796,69),(39552789,69),(39558150,69),(39578614,69),(39618382,69),(39633333,69),(39633426,69),(39645818,69),(39650655,69),(39662311,69),(39669954,69),(39672479,69),(39685127,69),(39696962,69),(39697574,69),(39697704,69),(39700348,69),(39700661,69),(39703991,69),(39706432,69),(39709056,69),(39736576,69),(39746735,69),(39759401,69),(39762181,69),(39762421,69),(39763722,69),(39792193,69),(40781730,69),(41554056,69),(41733223,69),(41735811,69),(41766756,69),(42133994,69),(42969240,69),(43020908,69),(43066869,69),(45544183,69),(49607659,69),(51577956,69),(51593350,69),(51607940,69),(51613661,69),(51614738,69),(51618767,69),(51630770,69),(51657493,69),(51659750,69),(51662775,69),(51698316,69),(51710161,69),(51720398,69),(51726461,69),(51734251,69),(51743497,69),(51750333,69),(51782588,69),(51811164,69),(51825697,69),(51852776,69),(51856230,69),(51896586,69),(51896739,69),(51937540,69),(51991775,69),(52036258,69),(52052088,69),(52082390,69),(52101811,69),(52127205,69),(52147628,69),(52149077,69),(52191674,69),(52193152,69),(52202022,69),(52208738,69),(52271842,69),(52276660,69),(52286712,69),(52329564,69),(52351080,69),(52362066,69),(52383383,69),(52432333,69),(52444147,69),(52451051,69),(52464684,69),(52471606,69),(52487249,69),(52491735,69),(52520076,69),(52546005,69),(52554647,69),(52555587,69),(52635081,69),(52706434,69),(52713475,69),(52718464,69),(52747769,69),(52755060,69),(52765481,69),(52771048,69),(52771925,69),(52773489,69),(52774896,69),(52775529,69),(52787851,69),(52804712,69),(52806857,69),(52807002,69),(52861953,69),(52971595,69),(52981719,69),(53007320,69),(53010005,69),(53010997,69),(53042029,69),(53054115,69),(53075903,69),(53080455,69),(53089936,69),(63370086,69),(63434774,69),(63453273,69),(65556211,69),(65556698,69),(65557234,69),(65703414,69),(65791678,69),(65798258,69),(70518650,69),(71240677,69),(71944762,69),(73564783,69),(74020095,69),(77190668,69),(79043778,69),(79044516,69),(79103181,69),(79110458,69),(79120590,69),(79123559,69),(79136241,69),(79137776,69),(79138045,69),(79162247,69),(79185639,69),(79207794,69),(79213988,69),(79216315,69),(79218304,69),(79286512,69),(79298927,69),(79308209,69),(79311444,69),(79313315,69),(79315240,69),(79319838,69),(79325974,69),(79416668,69),(79443622,69),(79451178,69),(79453173,69),(79455600,69),(79498720,69),(79509192,69),(79519007,69),(79522529,69),(79526772,69),(79528254,69),(79574775,69),(79576796,69),(79592970,69),(79595078,69),(79610552,69),(79611409,69),(79611415,69),(79614344,69),(79620396,69),(79620512,69),(79633721,69),(79636860,69),(79652404,69),(79659331,69),(79667123,69),(79668440,69),(79719720,69),(79719825,69),(79732490,69),(79739381,69),(79771382,69),(79805914,69),(79815642,69),(79821029,69),(79845890,69),(79846488,69),(79852368,69),(79857067,69),(79882149,69),(79891559,69),(79894409,69),(79915238,69),(79968212,69),(79973678,69),(79976971,69),(79985734,69),(79993201,69),(79995477,69),(79999933,69),(80006394,69),(80007353,69),(80009068,69),(80012366,69),(80012375,69),(80020210,69),(80022643,69),(80027738,69),(80035533,69),(80048450,69),(80057132,69),(80127093,69),(80138247,69),(80142629,69),(80146438,69),(80149430,69),(80158021,69),(80159182,69),(80159722,69),(80178527,69),(80179426,69),(80230048,69),(80230119,69),(80230521,69),(80230786,69),(80232354,69),(80250846,69),(80256049,69),(80270652,69),(80283853,69),(80321613,69),(80358017,69),(80378422,69),(80381967,69),(80449049,69),(80470462,69),(80492727,69),(80744432,69),(80768293,69),(80794198,69),(80797449,69),(80801519,69),(80824797,69),(80849988,69),(91070836,69),(91104784,69),(91431676,69),(91490575,69),(92641372,69),(93121623,69),(93155255,69),(93207594,69),(93364079,69),(93373691,69),(94533675,69),(96123704,69),(98627015,69),(1000221148,69),(1001968064,69),(1005728320,69),(1007116183,69),(1007445968,69),(1010191871,69),(1010193130,69),(1012327056,69),(1012344479,69),(1012344880,69),(1012345085,69),(1012345815,69),(1012353441,69),(1012359878,69),(1012361797,69),(1012374504,69),(1012377678,69),(1012384358,69),(1012407518,69),(1012421425,69),(1012438447,69),(1013626933,69),(1013652281,69),(1014230693,69),(1015998704,69),(1016013423,69),(1016029298,69),(1016094188,69),(1020723815,69),(1020731823,69),(1022330467,69),(1022341190,69),(1022369132,69),(1022372770,69),(1022378889,69),(1022426303,69),(1022946310,69),(1022954550,69),(1022967617,69),(1023867053,69),(1023896021,69),(1023900725,69),(1024462678,69),(1024466642,69),(1024468563,69),(1024476044,69),(1024483616,69),(1024490948,69),(1024503984,69),(1024543909,69),(1026566336,69),(1026591211,69),(1030547972,69),(1030550404,69),(1030552035,69),(1030555811,69),(1030615855,69),(1030639357,69),(1030668828,69),(1031167770,69),(1031172124,69),(1032358136,69),(1032385124,69),(1032398956,69),(1032470707,69),(1033686811,69),(1033688019,69),(1033689466,69),(1033695619,69),(1033701519,69),(1033736822,69),(1033740387,69),(1039022467,69),(1047220433,69),(1047447974,69),(1047462131,69),(1049796767,69),(1054090081,69),(1057919344,69),(1065571078,69),(1065651897,69),(1069052654,69),(1069468138,69),(1069832148,69),(1069832360,69),(1070330390,69),(1070975313,69),(1072921188,69),(1073705708,69),(1074414758,69),(1074486527,69),(1075254379,69),(1075280350,69),(1077920190,69),(1078346661,69),(1090500983,69),(1094939612,69),(1100545942,69),(1101782818,69),(1105684097,69),(1106333510,69),(1108930598,69),(1110175134,69),(1113783272,69),(1122126991,69),(1123114741,69),(1127390850,69),(1144128001,69),(1193224506,69),(194644,70),(201083,70),(410777,70),(447356,70),(3021479,70),(3024404,70),(3032765,70),(3048317,70),(3063487,70),(3102161,70),(3142845,70),(3231961,70),(3250889,70),(3274225,70),(4118777,70),(4565396,70),(4696170,70),(5691555,70),(5691602,70),(5950262,70),(5986877,70),(5994503,70),(7225482,70),(8051657,70),(8280607,70),(8767238,70),(9320157,70),(9527227,70),(9528242,70),(9957232,70),(10240994,70),(11259213,70),(11313117,70),(11314741,70),(11324752,70),(11339919,70),(11386341,70),(11387262,70),(11431420,70),(11435206,70),(12142418,70),(12193454,70),(12228112,70),(13520461,70),(13706852,70),(13953787,70),(14317739,70),(14323404,70),(18924283,70),(19066002,70),(19222789,70),(19268220,70),(19295744,70),(19314916,70),(19324647,70),(19325446,70),(19344282,70),(19409721,70),(19419308,70),(19420668,70),(19430235,70),(19433690,70),(19447576,70),(19467486,70),(19483362,70),(19488995,70),(19499037,70),(20793717,70),(20897205,70),(20905357,70),(20989157,70),(21094759,70),(23423295,70),(23694279,70),(23823643,70),(23823981,70),(24017652,70),(24120256,70),(24156609,70),(27233126,70),(28034180,70),(28098521,70),(28099098,70),(28681440,70),(28870218,70),(28979993,70),(32183238,70),(33376837,70),(35327839,70),(35377506,70),(35407345,70),(35486457,70),(35525405,70),(35531011,70),(35531371,70),(37894353,70),(39019306,70),(39528975,70),(39533520,70),(39539013,70),(39539796,70),(39552789,70),(39558150,70),(39578614,70),(39618382,70),(39633333,70),(39633426,70),(39645818,70),(39650655,70),(39662311,70),(39669954,70),(39672479,70),(39685127,70),(39696962,70),(39697574,70),(39697704,70),(39700348,70),(39700661,70),(39703991,70),(39706432,70),(39709056,70),(39736576,70),(39746735,70),(39759401,70),(39762181,70),(39762421,70),(39763722,70),(39792193,70),(40781730,70),(41554056,70),(41733223,70),(41735811,70),(41766756,70),(42133994,70),(42969240,70),(43020908,70),(43066869,70),(45544183,70),(49607659,70),(51577956,70),(51593350,70),(51607940,70),(51613661,70),(51614738,70),(51618767,70),(51630770,70),(51657493,70),(51659750,70),(51662775,70),(51698316,70),(51710161,70),(51720398,70),(51726461,70),(51734251,70),(51743497,70),(51750333,70),(51782588,70),(51811164,70),(51825697,70),(51852776,70),(51856230,70),(51896586,70),(51896739,70),(51937540,70),(51991775,70),(52036258,70),(52052088,70),(52082390,70),(52101811,70),(52127205,70),(52147628,70),(52149077,70),(52191674,70),(52193152,70),(52202022,70),(52208738,70),(52271842,70),(52276660,70),(52286712,70),(52329564,70),(52351080,70),(52362066,70),(52383383,70),(52432333,70),(52444147,70),(52451051,70),(52464684,70),(52471606,70),(52487249,70),(52491735,70),(52520076,70),(52546005,70),(52554647,70),(52555587,70),(52635081,70),(52706434,70),(52713475,70),(52718464,70),(52747769,70),(52755060,70),(52765481,70),(52771048,70),(52771925,70),(52773489,70),(52774896,70),(52775529,70),(52787851,70),(52804712,70),(52806857,70),(52807002,70),(52861953,70),(52971595,70),(52981719,70),(53007320,70),(53010005,70),(53010997,70),(53042029,70),(53054115,70),(53075903,70),(53080455,70),(53089936,70),(63370086,70),(63434774,70),(63453273,70),(65556211,70),(65556698,70),(65557234,70),(65703414,70),(65791678,70),(65798258,70),(70518650,70),(71240677,70),(71944762,70),(73564783,70),(74020095,70),(77190668,70),(79043778,70),(79044516,70),(79103181,70),(79110458,70),(79120590,70),(79123559,70),(79136241,70),(79137776,70),(79138045,70),(79162247,70),(79185639,70),(79207794,70),(79213988,70),(79216315,70),(79218304,70),(79286512,70),(79298927,70),(79308209,70),(79311444,70),(79313315,70),(79315240,70),(79319838,70),(79325974,70),(79416668,70),(79443622,70),(79451178,70),(79453173,70),(79455600,70),(79498720,70),(79509192,70),(79519007,70),(79522529,70),(79526772,70),(79528254,70),(79574775,70),(79576796,70),(79592970,70),(79595078,70),(79610552,70),(79611409,70),(79611415,70),(79614344,70),(79620396,70),(79620512,70),(79633721,70),(79636860,70),(79652404,70),(79659331,70),(79667123,70),(79668440,70),(79719720,70),(79719825,70),(79732490,70),(79739381,70),(79771382,70),(79805914,70),(79815642,70),(79821029,70),(79845890,70),(79846488,70),(79852368,70),(79857067,70),(79882149,70),(79891559,70),(79894409,70),(79915238,70),(79968212,70),(79973678,70),(79976971,70),(79985734,70),(79993201,70),(79995477,70),(79999933,70),(80006394,70),(80007353,70),(80009068,70),(80012366,70),(80012375,70),(80020210,70),(80022643,70),(80027738,70),(80035533,70),(80048450,70),(80057132,70),(80127093,70),(80138247,70),(80142629,70),(80146438,70),(80149430,70),(80158021,70),(80159182,70),(80159722,70),(80178527,70),(80179426,70),(80230048,70),(80230119,70),(80230521,70),(80230786,70),(80232354,70),(80250846,70),(80256049,70),(80270652,70),(80283853,70),(80321613,70),(80358017,70),(80378422,70),(80381967,70),(80449049,70),(80470462,70),(80492727,70),(80744432,70),(80768293,70),(80794198,70),(80797449,70),(80801519,70),(80824797,70),(80849988,70),(91070836,70),(91104784,70),(91431676,70),(91490575,70),(92641372,70),(93121623,70),(93155255,70),(93207594,70),(93364079,70),(93373691,70),(94533675,70),(96123704,70),(98627015,70),(1000221148,70),(1001968064,70),(1005728320,70),(1007116183,70),(1007445968,70),(1010191871,70),(1010193130,70),(1012327056,70),(1012344479,70),(1012344880,70),(1012345085,70),(1012345815,70),(1012353441,70),(1012359878,70),(1012361797,70),(1012374504,70),(1012377678,70),(1012384358,70),(1012407518,70),(1012421425,70),(1012438447,70),(1013626933,70),(1013652281,70),(1014230693,70),(1015998704,70),(1016013423,70),(1016029298,70),(1016094188,70),(1020723815,70),(1020731823,70),(1022330467,70),(1022341190,70),(1022369132,70),(1022372770,70),(1022378889,70),(1022426303,70),(1022946310,70),(1022954550,70),(1022967617,70),(1023867053,70),(1023896021,70),(1023900725,70),(1024462678,70),(1024466642,70),(1024468563,70),(1024476044,70),(1024483616,70),(1024490948,70),(1024503984,70),(1024543909,70),(1026566336,70),(1026591211,70),(1030547972,70),(1030550404,70),(1030552035,70),(1030555811,70),(1030615855,70),(1030639357,70),(1030668828,70),(1031167770,70),(1031172124,70),(1032358136,70),(1032385124,70),(1032398956,70),(1032470707,70),(1033686811,70),(1033688019,70),(1033689466,70),(1033695619,70),(1033701519,70),(1033736822,70),(1033740387,70),(1039022467,70),(1047220433,70),(1047447974,70),(1047462131,70),(1049796767,70),(1054090081,70),(1057919344,70),(1065571078,70),(1065651897,70),(1069052654,70),(1069468138,70),(1069832148,70),(1069832360,70),(1070330390,70),(1070975313,70),(1072921188,70),(1073705708,70),(1074414758,70),(1074486527,70),(1075254379,70),(1075280350,70),(1077920190,70),(1078346661,70),(1090500983,70),(1094939612,70),(1100545942,70),(1101782818,70),(1105684097,70),(1106333510,70),(1108930598,70),(1110175134,70),(1113783272,70),(1122126991,70),(1123114741,70),(1127390850,70),(1144128001,70),(1193224506,70),(194644,71),(201083,71),(410777,71),(447356,71),(3021479,71),(3024404,71),(3032765,71),(3048317,71),(3063487,71),(3102161,71),(3142845,71),(3231961,71),(3250889,71),(3274225,71),(4118777,71),(4565396,71),(4696170,71),(5691555,71),(5691602,71),(5950262,71),(5986877,71),(5994503,71),(7225482,71),(8051657,71),(8280607,71),(8767238,71),(9320157,71),(9527227,71),(9528242,71),(9957232,71),(10240994,71),(11259213,71),(11313117,71),(11314741,71),(11324752,71),(11339919,71),(11386341,71),(11387262,71),(11431420,71),(11435206,71),(12142418,71),(12193454,71),(12228112,71),(13520461,71),(13706852,71),(13953787,71),(14317739,71),(14323404,71),(18924283,71),(19066002,71),(19222789,71),(19268220,71),(19295744,71),(19314916,71),(19324647,71),(19325446,71),(19344282,71),(19409721,71),(19419308,71),(19420668,71),(19430235,71),(19433690,71),(19447576,71),(19467486,71),(19483362,71),(19488995,71),(19499037,71),(20793717,71),(20897205,71),(20905357,71),(20989157,71),(21094759,71),(23423295,71),(23694279,71),(23823643,71),(23823981,71),(24017652,71),(24120256,71),(24156609,71),(27233126,71),(28034180,71),(28098521,71),(28099098,71),(28681440,71),(28870218,71),(28979993,71),(32183238,71),(33376837,71),(35327839,71),(35377506,71),(35407345,71),(35486457,71),(35525405,71),(35531011,71),(35531371,71),(37894353,71),(39019306,71),(39528975,71),(39533520,71),(39539013,71),(39539796,71),(39552789,71),(39558150,71),(39578614,71),(39618382,71),(39633333,71),(39633426,71),(39645818,71),(39650655,71),(39662311,71),(39669954,71),(39672479,71),(39685127,71),(39696962,71),(39697574,71),(39697704,71),(39700348,71),(39700661,71),(39703991,71),(39706432,71),(39709056,71),(39736576,71),(39746735,71),(39759401,71),(39762181,71),(39762421,71),(39763722,71),(39792193,71),(40781730,71),(41554056,71),(41733223,71),(41735811,71),(41766756,71),(42133994,71),(42969240,71),(43020908,71),(43066869,71),(45544183,71),(49607659,71),(51577956,71),(51593350,71),(51607940,71),(51613661,71),(51614738,71),(51618767,71),(51630770,71),(51657493,71),(51659750,71),(51662775,71),(51698316,71),(51710161,71),(51720398,71),(51726461,71),(51734251,71),(51743497,71),(51750333,71),(51782588,71),(51811164,71),(51825697,71),(51852776,71),(51856230,71),(51896586,71),(51896739,71),(51937540,71),(51991775,71),(52036258,71),(52052088,71),(52082390,71),(52101811,71),(52127205,71),(52147628,71),(52149077,71),(52191674,71),(52193152,71),(52202022,71),(52208738,71),(52271842,71),(52276660,71),(52286712,71),(52329564,71),(52351080,71),(52362066,71),(52383383,71),(52432333,71),(52444147,71),(52451051,71),(52464684,71),(52471606,71),(52487249,71),(52491735,71),(52520076,71),(52546005,71),(52554647,71),(52555587,71),(52635081,71),(52706434,71),(52713475,71),(52718464,71),(52747769,71),(52755060,71),(52765481,71),(52771048,71),(52771925,71),(52773489,71),(52774896,71),(52775529,71),(52787851,71),(52804712,71),(52806857,71),(52807002,71),(52861953,71),(52971595,71),(52981719,71),(53007320,71),(53010005,71),(53010997,71),(53042029,71),(53054115,71),(53075903,71),(53080455,71),(53089936,71),(63370086,71),(63434774,71),(63453273,71),(65556211,71),(65556698,71),(65557234,71),(65703414,71),(65791678,71),(65798258,71),(70518650,71),(71240677,71),(71944762,71),(73564783,71),(74020095,71),(77190668,71),(79043778,71),(79044516,71),(79103181,71),(79110458,71),(79120590,71),(79123559,71),(79136241,71),(79137776,71),(79138045,71),(79162247,71),(79185639,71),(79207794,71),(79213988,71),(79216315,71),(79218304,71),(79286512,71),(79298927,71),(79308209,71),(79311444,71),(79313315,71),(79315240,71),(79319838,71),(79325974,71),(79416668,71),(79443622,71),(79451178,71),(79453173,71),(79455600,71),(79498720,71),(79509192,71),(79519007,71),(79522529,71),(79526772,71),(79528254,71),(79574775,71),(79576796,71),(79592970,71),(79595078,71),(79610552,71),(79611409,71),(79611415,71),(79614344,71),(79620396,71),(79620512,71),(79633721,71),(79636860,71),(79652404,71),(79659331,71),(79667123,71),(79668440,71),(79719720,71),(79719825,71),(79732490,71),(79739381,71),(79771382,71),(79805914,71),(79815642,71),(79821029,71),(79845890,71),(79846488,71),(79852368,71),(79857067,71),(79882149,71),(79891559,71),(79894409,71),(79915238,71),(79968212,71),(79973678,71),(79976971,71),(79985734,71),(79993201,71),(79995477,71),(79999933,71),(80006394,71),(80007353,71),(80009068,71),(80012366,71),(80012375,71),(80020210,71),(80022643,71),(80027738,71),(80035533,71),(80048450,71),(80057132,71),(80127093,71),(80138247,71),(80142629,71),(80146438,71),(80149430,71),(80158021,71),(80159182,71),(80159722,71),(80178527,71),(80179426,71),(80230048,71),(80230119,71),(80230521,71),(80230786,71),(80232354,71),(80250846,71),(80256049,71),(80270652,71),(80283853,71),(80321613,71),(80358017,71),(80378422,71),(80381967,71),(80449049,71),(80470462,71),(80492727,71),(80744432,71),(80768293,71),(80794198,71),(80797449,71),(80801519,71),(80824797,71),(80849988,71),(91070836,71),(91104784,71),(91431676,71),(91490575,71),(92641372,71),(93121623,71),(93155255,71),(93207594,71),(93364079,71),(93373691,71),(94533675,71),(96123704,71),(98627015,71),(1000221148,71),(1001968064,71),(1005728320,71),(1007116183,71),(1007445968,71),(1010191871,71),(1010193130,71),(1012327056,71),(1012344479,71),(1012344880,71),(1012345085,71),(1012345815,71),(1012353441,71),(1012359878,71),(1012361797,71),(1012374504,71),(1012377678,71),(1012384358,71),(1012407518,71),(1012421425,71),(1012438447,71),(1013626933,71),(1013652281,71),(1014230693,71),(1015998704,71),(1016013423,71),(1016029298,71),(1016094188,71),(1020723815,71),(1020731823,71),(1022330467,71),(1022341190,71),(1022369132,71),(1022372770,71),(1022378889,71),(1022426303,71),(1022946310,71),(1022954550,71),(1022967617,71),(1023867053,71),(1023896021,71),(1023900725,71),(1024462678,71),(1024466642,71),(1024468563,71),(1024476044,71),(1024483616,71),(1024490948,71),(1024503984,71),(1024543909,71),(1026566336,71),(1026591211,71),(1030547972,71),(1030550404,71),(1030552035,71),(1030555811,71),(1030615855,71),(1030639357,71),(1030668828,71),(1031167770,71),(1031172124,71),(1032358136,71),(1032385124,71),(1032398956,71),(1032470707,71),(1033686811,71),(1033688019,71),(1033689466,71),(1033695619,71),(1033701519,71),(1033736822,71),(1033740387,71),(1039022467,71),(1047220433,71),(1047447974,71),(1047462131,71),(1049796767,71),(1054090081,71),(1057919344,71),(1065571078,71),(1065651897,71),(1069052654,71),(1069468138,71),(1069832148,71),(1069832360,71),(1070330390,71),(1070975313,71),(1072921188,71),(1073705708,71),(1074414758,71),(1074486527,71),(1075254379,71),(1075280350,71),(1077920190,71),(1078346661,71),(1090500983,71),(1094939612,71),(1100545942,71),(1101782818,71),(1105684097,71),(1106333510,71),(1108930598,71),(1110175134,71),(1113783272,71),(1122126991,71),(1123114741,71),(1127390850,71),(1144128001,71),(1193224506,71),(194644,72),(201083,72),(410777,72),(447356,72),(3021479,72),(3024404,72),(3032765,72),(3048317,72),(3063487,72),(3102161,72),(3142845,72),(3231961,72),(3250889,72),(3274225,72),(4118777,72),(4565396,72),(4696170,72),(5691555,72),(5691602,72),(5950262,72),(5986877,72),(5994503,72),(7225482,72),(8051657,72),(8280607,72),(8767238,72),(9320157,72),(9527227,72),(9528242,72),(9957232,72),(10240994,72),(11259213,72),(11313117,72),(11314741,72),(11324752,72),(11339919,72),(11386341,72),(11387262,72),(11431420,72),(11435206,72),(12142418,72),(12193454,72),(12228112,72),(13520461,72),(13706852,72),(13953787,72),(14317739,72),(14323404,72),(18924283,72),(19066002,72),(19222789,72),(19268220,72),(19295744,72),(19314916,72),(19324647,72),(19325446,72),(19344282,72),(19409721,72),(19419308,72),(19420668,72),(19430235,72),(19433690,72),(19447576,72),(19467486,72),(19483362,72),(19488995,72),(19499037,72),(20793717,72),(20897205,72),(20905357,72),(20989157,72),(21094759,72),(23423295,72),(23694279,72),(23823643,72),(23823981,72),(24017652,72),(24120256,72),(24156609,72),(27233126,72),(28034180,72),(28098521,72),(28099098,72),(28681440,72),(28870218,72),(28979993,72),(32183238,72),(33376837,72),(35327839,72),(35377506,72),(35407345,72),(35486457,72),(35525405,72),(35531011,72),(35531371,72),(37894353,72),(39019306,72),(39528975,72),(39533520,72),(39539013,72),(39539796,72),(39552789,72),(39558150,72),(39578614,72),(39618382,72),(39633333,72),(39633426,72),(39645818,72),(39650655,72),(39662311,72),(39669954,72),(39672479,72),(39685127,72),(39696962,72),(39697574,72),(39697704,72),(39700348,72),(39700661,72),(39703991,72),(39706432,72),(39709056,72),(39736576,72),(39746735,72),(39759401,72),(39762181,72),(39762421,72),(39763722,72),(39792193,72),(40781730,72),(41554056,72),(41733223,72),(41735811,72),(41766756,72),(42133994,72),(42969240,72),(43020908,72),(43066869,72),(45544183,72),(49607659,72),(51577956,72),(51593350,72),(51607940,72),(51613661,72),(51614738,72),(51618767,72),(51630770,72),(51657493,72),(51659750,72),(51662775,72),(51698316,72),(51710161,72),(51720398,72),(51726461,72),(51734251,72),(51743497,72),(51750333,72),(51782588,72),(51811164,72),(51825697,72),(51852776,72),(51856230,72),(51896586,72),(51896739,72),(51937540,72),(51991775,72),(52036258,72),(52052088,72),(52082390,72),(52101811,72),(52127205,72),(52147628,72),(52149077,72),(52191674,72),(52193152,72),(52202022,72),(52208738,72),(52271842,72),(52276660,72),(52286712,72),(52329564,72),(52351080,72),(52362066,72),(52383383,72),(52432333,72),(52444147,72),(52451051,72),(52464684,72),(52471606,72),(52487249,72),(52491735,72),(52520076,72),(52546005,72),(52554647,72),(52555587,72),(52635081,72),(52706434,72),(52713475,72),(52718464,72),(52747769,72),(52755060,72),(52765481,72),(52771048,72),(52771925,72),(52773489,72),(52774896,72),(52775529,72),(52787851,72),(52804712,72),(52806857,72),(52807002,72),(52861953,72),(52971595,72),(52981719,72),(53007320,72),(53010005,72),(53010997,72),(53042029,72),(53054115,72),(53075903,72),(53080455,72),(53089936,72),(63370086,72),(63434774,72),(63453273,72),(65556211,72),(65556698,72),(65557234,72),(65703414,72),(65791678,72),(65798258,72),(70518650,72),(71240677,72),(71944762,72),(73564783,72),(74020095,72),(77190668,72),(79043778,72),(79044516,72),(79103181,72),(79110458,72),(79120590,72),(79123559,72),(79136241,72),(79137776,72),(79138045,72),(79162247,72),(79185639,72),(79207794,72),(79213988,72),(79216315,72),(79218304,72),(79286512,72),(79298927,72),(79308209,72),(79311444,72),(79313315,72),(79315240,72),(79319838,72),(79325974,72),(79416668,72),(79443622,72),(79451178,72),(79453173,72),(79455600,72),(79498720,72),(79509192,72),(79519007,72),(79522529,72),(79526772,72),(79528254,72),(79574775,72),(79576796,72),(79592970,72),(79595078,72),(79610552,72),(79611409,72),(79611415,72),(79614344,72),(79620396,72),(79620512,72),(79633721,72),(79636860,72),(79652404,72),(79659331,72),(79667123,72),(79668440,72),(79719720,72),(79719825,72),(79732490,72),(79739381,72),(79771382,72),(79805914,72),(79815642,72),(79821029,72),(79845890,72),(79846488,72),(79852368,72),(79857067,72),(79882149,72),(79891559,72),(79894409,72),(79915238,72),(79968212,72),(79973678,72),(79976971,72),(79985734,72),(79993201,72),(79995477,72),(79999933,72),(80006394,72),(80007353,72),(80009068,72),(80012366,72),(80012375,72),(80020210,72),(80022643,72),(80027738,72),(80035533,72),(80048450,72),(80057132,72),(80127093,72),(80138247,72),(80142629,72),(80146438,72),(80149430,72),(80158021,72),(80159182,72),(80159722,72),(80178527,72),(80179426,72),(80230048,72),(80230119,72),(80230521,72),(80230786,72),(80232354,72),(80250846,72),(80256049,72),(80270652,72),(80283853,72),(80321613,72),(80358017,72),(80378422,72),(80381967,72),(80449049,72),(80470462,72),(80492727,72),(80744432,72),(80768293,72),(80794198,72),(80797449,72),(80801519,72),(80824797,72),(80849988,72),(91070836,72),(91104784,72),(91431676,72),(91490575,72),(92641372,72),(93121623,72),(93155255,72),(93207594,72),(93364079,72),(93373691,72),(94533675,72),(96123704,72),(98627015,72),(1000221148,72),(1001968064,72),(1005728320,72),(1007116183,72),(1007445968,72),(1010191871,72),(1010193130,72),(1012327056,72),(1012344479,72),(1012344880,72),(1012345085,72),(1012345815,72),(1012353441,72),(1012359878,72),(1012361797,72),(1012374504,72),(1012377678,72),(1012384358,72),(1012407518,72),(1012421425,72),(1012438447,72),(1013626933,72),(1013652281,72),(1014230693,72),(1015998704,72),(1016013423,72),(1016029298,72),(1016094188,72),(1020723815,72),(1020731823,72),(1022330467,72),(1022341190,72),(1022369132,72),(1022372770,72),(1022378889,72),(1022426303,72),(1022946310,72),(1022954550,72),(1022967617,72),(1023867053,72),(1023896021,72),(1023900725,72),(1024462678,72),(1024466642,72),(1024468563,72),(1024476044,72),(1024483616,72),(1024490948,72),(1024503984,72),(1024543909,72),(1026566336,72),(1026591211,72),(1030547972,72),(1030550404,72),(1030552035,72),(1030555811,72),(1030615855,72),(1030639357,72),(1030668828,72),(1031167770,72),(1031172124,72),(1032358136,72),(1032385124,72),(1032398956,72),(1032470707,72),(1033686811,72),(1033688019,72),(1033689466,72),(1033695619,72),(1033701519,72),(1033736822,72),(1033740387,72),(1039022467,72),(1047220433,72),(1047447974,72),(1047462131,72),(1049796767,72),(1054090081,72),(1057919344,72),(1065571078,72),(1065651897,72),(1069052654,72),(1069468138,72),(1069832148,72),(1069832360,72),(1070330390,72),(1070975313,72),(1072921188,72),(1073705708,72),(1074414758,72),(1074486527,72),(1075254379,72),(1075280350,72),(1077920190,72),(1078346661,72),(1090500983,72),(1094939612,72),(1100545942,72),(1101782818,72),(1105684097,72),(1106333510,72),(1108930598,72),(1110175134,72),(1113783272,72),(1122126991,72),(1123114741,72),(1127390850,72),(1144128001,72),(1193224506,72),(194644,73),(201083,73),(410777,73),(447356,73),(3021479,73),(3024404,73),(3032765,73),(3048317,73),(3063487,73),(3102161,73),(3142845,73),(3231961,73),(3250889,73),(3274225,73),(4118777,73),(4565396,73),(4696170,73),(5691555,73),(5691602,73),(5950262,73),(5986877,73),(5994503,73),(7225482,73),(8051657,73),(8280607,73),(8767238,73),(9320157,73),(9527227,73),(9528242,73),(9957232,73),(10240994,73),(11259213,73),(11313117,73),(11314741,73),(11324752,73),(11339919,73),(11386341,73),(11387262,73),(11431420,73),(11435206,73),(12142418,73),(12193454,73),(12228112,73),(13520461,73),(13706852,73),(13953787,73),(14317739,73),(14323404,73),(18924283,73),(19066002,73),(19222789,73),(19268220,73),(19295744,73),(19314916,73),(19324647,73),(19325446,73),(19344282,73),(19409721,73),(19419308,73),(19420668,73),(19430235,73),(19433690,73),(19447576,73),(19467486,73),(19483362,73),(19488995,73),(19499037,73),(20793717,73),(20897205,73),(20905357,73),(20989157,73),(21094759,73),(23423295,73),(23694279,73),(23823643,73),(23823981,73),(24017652,73),(24120256,73),(24156609,73),(27233126,73),(28034180,73),(28098521,73),(28099098,73),(28681440,73),(28870218,73),(28979993,73),(32183238,73),(33376837,73),(35327839,73),(35377506,73),(35407345,73),(35486457,73),(35525405,73),(35531011,73),(35531371,73),(37894353,73),(39019306,73),(39528975,73),(39533520,73),(39539013,73),(39539796,73),(39552789,73),(39558150,73),(39578614,73),(39618382,73),(39633333,73),(39633426,73),(39645818,73),(39650655,73),(39662311,73),(39669954,73),(39672479,73),(39685127,73),(39696962,73),(39697574,73),(39697704,73),(39700348,73),(39700661,73),(39703991,73),(39706432,73),(39709056,73),(39736576,73),(39746735,73),(39759401,73),(39762181,73),(39762421,73),(39763722,73),(39792193,73),(40781730,73),(41554056,73),(41733223,73),(41735811,73),(41766756,73),(42133994,73),(42969240,73),(43020908,73),(43066869,73),(45544183,73),(49607659,73),(51577956,73),(51593350,73),(51607940,73),(51613661,73),(51614738,73),(51618767,73),(51630770,73),(51657493,73),(51659750,73),(51662775,73),(51698316,73),(51710161,73),(51720398,73),(51726461,73),(51734251,73),(51743497,73),(51750333,73),(51782588,73),(51811164,73),(51825697,73),(51852776,73),(51856230,73),(51896586,73),(51896739,73),(51937540,73),(51991775,73),(52036258,73),(52052088,73),(52082390,73),(52101811,73),(52127205,73),(52147628,73),(52149077,73),(52191674,73),(52193152,73),(52202022,73),(52208738,73),(52271842,73),(52276660,73),(52286712,73),(52329564,73),(52351080,73),(52362066,73),(52383383,73),(52432333,73),(52444147,73),(52451051,73),(52464684,73),(52471606,73),(52487249,73),(52491735,73),(52520076,73),(52546005,73),(52554647,73),(52555587,73),(52635081,73),(52706434,73),(52713475,73),(52718464,73),(52747769,73),(52755060,73),(52765481,73),(52771048,73),(52771925,73),(52773489,73),(52774896,73),(52775529,73),(52787851,73),(52804712,73),(52806857,73),(52807002,73),(52861953,73),(52971595,73),(52981719,73),(53007320,73),(53010005,73),(53010997,73),(53042029,73),(53054115,73),(53075903,73),(53080455,73),(53089936,73),(63370086,73),(63434774,73),(63453273,73),(65556211,73),(65556698,73),(65557234,73),(65703414,73),(65791678,73),(65798258,73),(70518650,73),(71240677,73),(71944762,73),(73564783,73),(74020095,73),(77190668,73),(79043778,73),(79044516,73),(79103181,73),(79110458,73),(79120590,73),(79123559,73),(79136241,73),(79137776,73),(79138045,73),(79162247,73),(79185639,73),(79207794,73),(79213988,73),(79216315,73),(79218304,73),(79286512,73),(79298927,73),(79308209,73),(79311444,73),(79313315,73),(79315240,73),(79319838,73),(79325974,73),(79416668,73),(79443622,73),(79451178,73),(79453173,73),(79455600,73),(79498720,73),(79509192,73),(79519007,73),(79522529,73),(79526772,73),(79528254,73),(79574775,73),(79576796,73),(79592970,73),(79595078,73),(79610552,73),(79611409,73),(79611415,73),(79614344,73),(79620396,73),(79620512,73),(79633721,73),(79636860,73),(79652404,73),(79659331,73),(79667123,73),(79668440,73),(79719720,73),(79719825,73),(79732490,73),(79739381,73),(79771382,73),(79805914,73),(79815642,73),(79821029,73),(79845890,73),(79846488,73),(79852368,73),(79857067,73),(79882149,73),(79891559,73),(79894409,73),(79915238,73),(79968212,73),(79973678,73),(79976971,73),(79985734,73),(79993201,73),(79995477,73),(79999933,73),(80006394,73),(80007353,73),(80009068,73),(80012366,73),(80012375,73),(80020210,73),(80022643,73),(80027738,73),(80035533,73),(80048450,73),(80057132,73),(80127093,73),(80138247,73),(80142629,73),(80146438,73),(80149430,73),(80158021,73),(80159182,73),(80159722,73),(80178527,73),(80179426,73),(80230048,73),(80230119,73),(80230521,73),(80230786,73),(80232354,73),(80250846,73),(80256049,73),(80270652,73),(80283853,73),(80321613,73),(80358017,73),(80378422,73),(80381967,73),(80449049,73),(80470462,73),(80492727,73),(80744432,73),(80768293,73),(80794198,73),(80797449,73),(80801519,73),(80824797,73),(80849988,73),(91070836,73),(91104784,73),(91431676,73),(91490575,73),(92641372,73),(93121623,73),(93155255,73),(93207594,73),(93364079,73),(93373691,73),(94533675,73),(96123704,73),(98627015,73),(1000221148,73),(1001968064,73),(1005728320,73),(1007116183,73),(1007445968,73),(1010191871,73),(1010193130,73),(1012327056,73),(1012344479,73),(1012344880,73),(1012345085,73),(1012345815,73),(1012353441,73),(1012359878,73),(1012361797,73),(1012374504,73),(1012377678,73),(1012384358,73),(1012407518,73),(1012421425,73),(1012438447,73),(1013626933,73),(1013652281,73),(1014230693,73),(1015998704,73),(1016013423,73),(1016029298,73),(1016094188,73),(1020723815,73),(1020731823,73),(1022330467,73),(1022341190,73),(1022369132,73),(1022372770,73),(1022378889,73),(1022426303,73),(1022946310,73),(1022954550,73),(1022967617,73),(1023867053,73),(1023896021,73),(1023900725,73),(1024462678,73),(1024466642,73),(1024468563,73),(1024476044,73),(1024483616,73),(1024490948,73),(1024503984,73),(1024543909,73),(1026566336,73),(1026591211,73),(1030547972,73),(1030550404,73),(1030552035,73),(1030555811,73),(1030615855,73),(1030639357,73),(1030668828,73),(1031167770,73),(1031172124,73),(1032358136,73),(1032385124,73),(1032398956,73),(1032470707,73),(1033686811,73),(1033688019,73),(1033689466,73),(1033695619,73),(1033701519,73),(1033736822,73),(1033740387,73),(1039022467,73),(1047220433,73),(1047447974,73),(1047462131,73),(1049796767,73),(1054090081,73),(1057919344,73),(1065571078,73),(1065651897,73),(1069052654,73),(1069468138,73),(1069832148,73),(1069832360,73),(1070330390,73),(1070975313,73),(1072921188,73),(1073705708,73),(1074414758,73),(1074486527,73),(1075254379,73),(1075280350,73),(1077920190,73),(1078346661,73),(1090500983,73),(1094939612,73),(1100545942,73),(1101782818,73),(1105684097,73),(1106333510,73),(1108930598,73),(1110175134,73),(1113783272,73),(1122126991,73),(1123114741,73),(1127390850,73),(1144128001,73),(1193224506,73),(194644,74),(201083,74),(410777,74),(447356,74),(3021479,74),(3024404,74),(3032765,74),(3048317,74),(3063487,74),(3102161,74),(3142845,74),(3231961,74),(3250889,74),(3274225,74),(4118777,74),(4565396,74),(4696170,74),(5691555,74),(5691602,74),(5950262,74),(5986877,74),(5994503,74),(7225482,74),(8051657,74),(8280607,74),(8767238,74),(9320157,74),(9527227,74),(9528242,74),(9957232,74),(10240994,74),(11259213,74),(11313117,74),(11314741,74),(11324752,74),(11339919,74),(11386341,74),(11387262,74),(11431420,74),(11435206,74),(12142418,74),(12193454,74),(12228112,74),(13520461,74),(13706852,74),(13953787,74),(14317739,74),(14323404,74),(18924283,74),(19066002,74),(19222789,74),(19268220,74),(19295744,74),(19314916,74),(19324647,74),(19325446,74),(19344282,74),(19409721,74),(19419308,74),(19420668,74),(19430235,74),(19433690,74),(19447576,74),(19467486,74),(19483362,74),(19488995,74),(19499037,74),(20793717,74),(20897205,74),(20905357,74),(20989157,74),(21094759,74),(23423295,74),(23694279,74),(23823643,74),(23823981,74),(24017652,74),(24120256,74),(24156609,74),(27233126,74),(28034180,74),(28098521,74),(28099098,74),(28681440,74),(28870218,74),(28979993,74),(32183238,74),(33376837,74),(35327839,74),(35377506,74),(35407345,74),(35486457,74),(35525405,74),(35531011,74),(35531371,74),(37894353,74),(39019306,74),(39528975,74),(39533520,74),(39539013,74),(39539796,74),(39552789,74),(39558150,74),(39578614,74),(39618382,74),(39633333,74),(39633426,74),(39645818,74),(39650655,74),(39662311,74),(39669954,74),(39672479,74),(39685127,74),(39696962,74),(39697574,74),(39697704,74),(39700348,74),(39700661,74),(39703991,74),(39706432,74),(39709056,74),(39736576,74),(39746735,74),(39759401,74),(39762181,74),(39762421,74),(39763722,74),(39792193,74),(40781730,74),(41554056,74),(41733223,74),(41735811,74),(41766756,74),(42133994,74),(42969240,74),(43020908,74),(43066869,74),(45544183,74),(49607659,74),(51577956,74),(51593350,74),(51607940,74),(51613661,74),(51614738,74),(51618767,74),(51630770,74),(51657493,74),(51659750,74),(51662775,74),(51698316,74),(51710161,74),(51720398,74),(51726461,74),(51734251,74),(51743497,74),(51750333,74),(51782588,74),(51811164,74),(51825697,74),(51852776,74),(51856230,74),(51896586,74),(51896739,74),(51937540,74),(51991775,74),(52036258,74),(52052088,74),(52082390,74),(52101811,74),(52127205,74),(52147628,74),(52149077,74),(52191674,74),(52193152,74),(52202022,74),(52208738,74),(52271842,74),(52276660,74),(52286712,74),(52329564,74),(52351080,74),(52362066,74),(52383383,74),(52432333,74),(52444147,74),(52451051,74),(52464684,74),(52471606,74),(52487249,74),(52491735,74),(52520076,74),(52546005,74),(52554647,74),(52555587,74),(52635081,74),(52706434,74),(52713475,74),(52718464,74),(52747769,74),(52755060,74),(52765481,74),(52771048,74),(52771925,74),(52773489,74),(52774896,74),(52775529,74),(52787851,74),(52804712,74),(52806857,74),(52807002,74),(52861953,74),(52971595,74),(52981719,74),(53007320,74),(53010005,74),(53010997,74),(53042029,74),(53054115,74),(53075903,74),(53080455,74),(53089936,74),(63370086,74),(63434774,74),(63453273,74),(65556211,74),(65556698,74),(65557234,74),(65703414,74),(65791678,74),(65798258,74),(70518650,74),(71240677,74),(71944762,74),(73564783,74),(74020095,74),(77190668,74),(79043778,74),(79044516,74),(79103181,74),(79110458,74),(79120590,74),(79123559,74),(79136241,74),(79137776,74),(79138045,74),(79162247,74),(79185639,74),(79207794,74),(79213988,74),(79216315,74),(79218304,74),(79286512,74),(79298927,74),(79308209,74),(79311444,74),(79313315,74),(79315240,74),(79319838,74),(79325974,74),(79416668,74),(79443622,74),(79451178,74),(79453173,74),(79455600,74),(79498720,74),(79509192,74),(79519007,74),(79522529,74),(79526772,74),(79528254,74),(79574775,74),(79576796,74),(79592970,74),(79595078,74),(79610552,74),(79611409,74),(79611415,74),(79614344,74),(79620396,74),(79620512,74),(79633721,74),(79636860,74),(79652404,74),(79659331,74),(79667123,74),(79668440,74),(79719720,74),(79719825,74),(79732490,74),(79739381,74),(79771382,74),(79805914,74),(79815642,74),(79821029,74),(79845890,74),(79846488,74),(79852368,74),(79857067,74),(79882149,74),(79891559,74),(79894409,74),(79915238,74),(79968212,74),(79973678,74),(79976971,74),(79985734,74),(79993201,74),(79995477,74),(79999933,74),(80006394,74),(80007353,74),(80009068,74),(80012366,74),(80012375,74),(80020210,74),(80022643,74),(80027738,74),(80035533,74),(80048450,74),(80057132,74),(80127093,74),(80138247,74),(80142629,74),(80146438,74),(80149430,74),(80158021,74),(80159182,74),(80159722,74),(80178527,74),(80179426,74),(80230048,74),(80230119,74),(80230521,74),(80230786,74),(80232354,74),(80250846,74),(80256049,74),(80270652,74),(80283853,74),(80321613,74),(80358017,74),(80378422,74),(80381967,74),(80449049,74),(80470462,74),(80492727,74),(80744432,74),(80768293,74),(80794198,74),(80797449,74),(80801519,74),(80824797,74),(80849988,74),(91070836,74),(91104784,74),(91431676,74),(91490575,74),(92641372,74),(93121623,74),(93155255,74),(93207594,74),(93364079,74),(93373691,74),(94533675,74),(96123704,74),(98627015,74),(1000221148,74),(1001968064,74),(1005728320,74),(1007116183,74),(1007445968,74),(1010191871,74),(1010193130,74),(1012327056,74),(1012344479,74),(1012344880,74),(1012345085,74),(1012345815,74),(1012353441,74),(1012359878,74),(1012361797,74),(1012374504,74),(1012377678,74),(1012384358,74),(1012407518,74),(1012421425,74),(1012438447,74),(1013626933,74),(1013652281,74),(1014230693,74),(1015998704,74),(1016013423,74),(1016029298,74),(1016094188,74),(1020723815,74),(1020731823,74),(1022330467,74),(1022341190,74),(1022369132,74),(1022372770,74),(1022378889,74),(1022426303,74),(1022946310,74),(1022954550,74),(1022967617,74),(1023867053,74),(1023896021,74),(1023900725,74),(1024462678,74),(1024466642,74),(1024468563,74),(1024476044,74),(1024483616,74),(1024490948,74),(1024503984,74),(1024543909,74),(1026566336,74),(1026591211,74),(1030547972,74),(1030550404,74),(1030552035,74),(1030555811,74),(1030615855,74),(1030639357,74),(1030668828,74),(1031167770,74),(1031172124,74),(1032358136,74),(1032385124,74),(1032398956,74),(1032470707,74),(1033686811,74),(1033688019,74),(1033689466,74),(1033695619,74),(1033701519,74),(1033736822,74),(1033740387,74),(1039022467,74),(1047220433,74),(1047447974,74),(1047462131,74),(1049796767,74),(1054090081,74),(1057919344,74),(1065571078,74),(1065651897,74),(1069052654,74),(1069468138,74),(1069832148,74),(1069832360,74),(1070330390,74),(1070975313,74),(1072921188,74),(1073705708,74),(1074414758,74),(1074486527,74),(1075254379,74),(1075280350,74),(1077920190,74),(1078346661,74),(1090500983,74),(1094939612,74),(1100545942,74),(1101782818,74),(1105684097,74),(1106333510,74),(1108930598,74),(1110175134,74),(1113783272,74),(1122126991,74),(1123114741,74),(1127390850,74),(1144128001,74),(1193224506,74),(194644,75),(201083,75),(410777,75),(447356,75),(3021479,75),(3024404,75),(3032765,75),(3048317,75),(3063487,75),(3102161,75),(3142845,75),(3231961,75),(3250889,75),(3274225,75),(4118777,75),(4565396,75),(4696170,75),(5691555,75),(5691602,75),(5950262,75),(5986877,75),(5994503,75),(7225482,75),(8051657,75),(8280607,75),(8767238,75),(9320157,75),(9527227,75),(9528242,75),(9957232,75),(10240994,75),(11259213,75),(11313117,75),(11314741,75),(11324752,75),(11339919,75),(11386341,75),(11387262,75),(11431420,75),(11435206,75),(12142418,75),(12193454,75),(12228112,75),(13520461,75),(13706852,75),(13953787,75),(14317739,75),(14323404,75),(18924283,75),(19066002,75),(19222789,75),(19268220,75),(19295744,75),(19314916,75),(19324647,75),(19325446,75),(19344282,75),(19409721,75),(19419308,75),(19420668,75),(19430235,75),(19433690,75),(19447576,75),(19467486,75),(19483362,75),(19488995,75),(19499037,75),(20793717,75),(20897205,75),(20905357,75),(20989157,75),(21094759,75),(23423295,75),(23694279,75),(23823643,75),(23823981,75),(24017652,75),(24120256,75),(24156609,75),(27233126,75),(28034180,75),(28098521,75),(28099098,75),(28681440,75),(28870218,75),(28979993,75),(32183238,75),(33376837,75),(35327839,75),(35377506,75),(35407345,75),(35486457,75),(35525405,75),(35531011,75),(35531371,75),(37894353,75),(39019306,75),(39528975,75),(39533520,75),(39539013,75),(39539796,75),(39552789,75),(39558150,75),(39578614,75),(39618382,75),(39633333,75),(39633426,75),(39645818,75),(39650655,75),(39662311,75),(39669954,75),(39672479,75),(39685127,75),(39696962,75),(39697574,75),(39697704,75),(39700348,75),(39700661,75),(39703991,75),(39706432,75),(39709056,75),(39736576,75),(39746735,75),(39759401,75),(39762181,75),(39762421,75),(39763722,75),(39792193,75),(40781730,75),(41554056,75),(41733223,75),(41735811,75),(41766756,75),(42133994,75),(42969240,75),(43020908,75),(43066869,75),(45544183,75),(49607659,75),(51577956,75),(51593350,75),(51607940,75),(51613661,75),(51614738,75),(51618767,75),(51630770,75),(51657493,75),(51659750,75),(51662775,75),(51698316,75),(51710161,75),(51720398,75),(51726461,75),(51734251,75),(51743497,75),(51750333,75),(51782588,75),(51811164,75),(51825697,75),(51852776,75),(51856230,75),(51896586,75),(51896739,75),(51937540,75),(51991775,75),(52036258,75),(52052088,75),(52082390,75),(52101811,75),(52127205,75),(52147628,75),(52149077,75),(52191674,75),(52193152,75),(52202022,75),(52208738,75),(52271842,75),(52276660,75),(52286712,75),(52329564,75),(52351080,75),(52362066,75),(52383383,75),(52432333,75),(52444147,75),(52451051,75),(52464684,75),(52471606,75),(52487249,75),(52491735,75),(52520076,75),(52546005,75),(52554647,75),(52555587,75),(52635081,75),(52706434,75),(52713475,75),(52718464,75),(52747769,75),(52755060,75),(52765481,75),(52771048,75),(52771925,75),(52773489,75),(52774896,75),(52775529,75),(52787851,75),(52804712,75),(52806857,75),(52807002,75),(52861953,75),(52971595,75),(52981719,75),(53007320,75),(53010005,75),(53010997,75),(53042029,75),(53054115,75),(53075903,75),(53080455,75),(53089936,75),(63370086,75),(63434774,75),(63453273,75),(65556211,75),(65556698,75),(65557234,75),(65703414,75),(65791678,75),(65798258,75),(70518650,75),(71240677,75),(71944762,75),(73564783,75),(74020095,75),(77190668,75),(79043778,75),(79044516,75),(79103181,75),(79110458,75),(79120590,75),(79123559,75),(79136241,75),(79137776,75),(79138045,75),(79162247,75),(79185639,75),(79207794,75),(79213988,75),(79216315,75),(79218304,75),(79286512,75),(79298927,75),(79308209,75),(79311444,75),(79313315,75),(79315240,75),(79319838,75),(79325974,75),(79416668,75),(79443622,75),(79451178,75),(79453173,75),(79455600,75),(79498720,75),(79509192,75),(79519007,75),(79522529,75),(79526772,75),(79528254,75),(79574775,75),(79576796,75),(79592970,75),(79595078,75),(79610552,75),(79611409,75),(79611415,75),(79614344,75),(79620396,75),(79620512,75),(79633721,75),(79636860,75),(79652404,75),(79659331,75),(79667123,75),(79668440,75),(79719720,75),(79719825,75),(79732490,75),(79739381,75),(79771382,75),(79805914,75),(79815642,75),(79821029,75),(79845890,75),(79846488,75),(79852368,75),(79857067,75),(79882149,75),(79891559,75),(79894409,75),(79915238,75),(79968212,75),(79973678,75),(79976971,75),(79985734,75),(79993201,75),(79995477,75),(79999933,75),(80006394,75),(80007353,75),(80009068,75),(80012366,75),(80012375,75),(80020210,75),(80022643,75),(80027738,75),(80035533,75),(80048450,75),(80057132,75),(80127093,75),(80138247,75),(80142629,75),(80146438,75),(80149430,75),(80158021,75),(80159182,75),(80159722,75),(80178527,75),(80179426,75),(80230048,75),(80230119,75),(80230521,75),(80230786,75),(80232354,75),(80250846,75),(80256049,75),(80270652,75),(80283853,75),(80321613,75),(80358017,75),(80378422,75),(80381967,75),(80449049,75),(80470462,75),(80492727,75),(80744432,75),(80768293,75),(80794198,75),(80797449,75),(80801519,75),(80824797,75),(80849988,75),(91070836,75),(91104784,75),(91431676,75),(91490575,75),(92641372,75),(93121623,75),(93155255,75),(93207594,75),(93364079,75),(93373691,75),(94533675,75),(96123704,75),(98627015,75),(1000221148,75),(1001968064,75),(1005728320,75),(1007116183,75),(1007445968,75),(1010191871,75),(1010193130,75),(1012327056,75),(1012344479,75),(1012344880,75),(1012345085,75),(1012345815,75),(1012353441,75),(1012359878,75),(1012361797,75),(1012374504,75),(1012377678,75),(1012384358,75),(1012407518,75),(1012421425,75),(1012438447,75),(1013626933,75),(1013652281,75),(1014230693,75),(1015998704,75),(1016013423,75),(1016029298,75),(1016094188,75),(1020723815,75),(1020731823,75),(1022330467,75),(1022341190,75),(1022369132,75),(1022372770,75),(1022378889,75),(1022426303,75),(1022946310,75),(1022954550,75),(1022967617,75),(1023867053,75),(1023896021,75),(1023900725,75),(1024462678,75),(1024466642,75),(1024468563,75),(1024476044,75),(1024483616,75),(1024490948,75),(1024503984,75),(1024543909,75),(1026566336,75),(1026591211,75),(1030547972,75),(1030550404,75),(1030552035,75),(1030555811,75),(1030615855,75),(1030639357,75),(1030668828,75),(1031167770,75),(1031172124,75),(1032358136,75),(1032385124,75),(1032398956,75),(1032470707,75),(1033686811,75),(1033688019,75),(1033689466,75),(1033695619,75),(1033701519,75),(1033736822,75),(1033740387,75),(1039022467,75),(1047220433,75),(1047447974,75),(1047462131,75),(1049796767,75),(1054090081,75),(1057919344,75),(1065571078,75),(1065651897,75),(1069052654,75),(1069468138,75),(1069832148,75),(1069832360,75),(1070330390,75),(1070975313,75),(1072921188,75),(1073705708,75),(1074414758,75),(1074486527,75),(1075254379,75),(1075280350,75),(1077920190,75),(1078346661,75),(1090500983,75),(1094939612,75),(1100545942,75),(1101782818,75),(1105684097,75),(1106333510,75),(1108930598,75),(1110175134,75),(1113783272,75),(1122126991,75),(1123114741,75),(1127390850,75),(1144128001,75),(1193224506,75);
/*!40000 ALTER TABLE `permisocliente` ENABLE KEYS */;
UNLOCK TABLES;

--
-- Table structure for table `producto`
--

DROP TABLE IF EXISTS `producto`;
/*!40101 SET @saved_cs_client     = @@character_set_client */;
/*!50503 SET character_set_client = utf8mb4 */;
CREATE TABLE `producto` (
  `idProducto` int(11) NOT NULL AUTO_INCREMENT,
  `nombre` varchar(50) NOT NULL,
  `valorUnidad` decimal(15,2) NOT NULL,
  `urlImage` varchar(100) NOT NULL,
  `FK_idMarca` int(11) NOT NULL,
  `FK_idBodega` int(11) NOT NULL,
  PRIMARY KEY (`idProducto`),
  KEY `FK_idMarca` (`FK_idMarca`),
  KEY `FK_idBodega` (`FK_idBodega`),
  CONSTRAINT `producto_ibfk_1` FOREIGN KEY (`FK_idMarca`) REFERENCES `marca` (`idMarca`),
  CONSTRAINT `producto_ibfk_2` FOREIGN KEY (`FK_idBodega`) REFERENCES `bodega` (`idBodega`)
) ENGINE=InnoDB AUTO_INCREMENT=26 DEFAULT CHARSET=utf8mb4 COLLATE=utf8mb4_0900_ai_ci;
/*!40101 SET character_set_client = @saved_cs_client */;

--
-- Dumping data for table `producto`
--

LOCK TABLES `producto` WRITE;
/*!40000 ALTER TABLE `producto` DISABLE KEYS */;
INSERT INTO `producto` VALUES (1,'Arroz Diana',3200.00,'175938118129_arrozDiana.png',8,1),(2,'Arroz Florhuila',3100.00,'664922847690_arroz_florhuila.png',8,1),(3,'Arroz Roa',3300.00,'892761503951_arroz_roa.jpg',7,1),(4,'Atún Van Camps',4200.00,'512503351219_atun_van_camps.png',2,2),(5,'Atún Alamar',4100.00,'894297329846_atun_alamar.png',4,2),(6,'Azúcar Incauca',2800.00,'594763908123_azucar incauca.jpg',2,3),(7,'Azúcar Manuelita',3100.00,'143834776044_azucar_manuelita.png',7,3),(8,'Café la bastilla',8500.00,'364716270088_cafe_la_bastilla.jpg',7,4),(9,'Colcafé',8500.00,'161525613627_colcafe.png',5,4),(10,'Lukafe',8900.00,'831381690860_lukafe.png',2,4),(11,'Nescafé',9000.00,'715159409138_nescafe.png',4,4),(12,'Chocolate Corona',5500.00,'486893521409_chocolate_corona.jpg',2,5),(13,'Chocolate Sol',4500.00,'938484531412_chocolate_sol.png',9,5),(14,'Chocolate Luker',5300.00,'714946251376_chocolate_luker.png',5,5),(15,'Doña Arepa',2800.00,'498054844706_doñaarepa.png',2,6),(16,'Harina Haz de Oros',4500.00,'343031697936_harina_haz_de_oros.png',5,6),(17,'Harina Pan',3500.00,'259073309840_harina_pan.png',8,6),(18,'Super Arepa',3000.00,'368311949807_superarepa.png',4,6),(19,'Maíz Pira Pop Corn',2000.00,'115042563067_maíz_pira_pop_corn.png',2,6),(20,'Mantequilla Campi',6000.00,'296621610561_mantequilla campi.png',11,7),(21,'Mantequilla Alpina',6500.00,'311803743860_mantequilla_alpina.png',1,7),(22,'Mantequilla Rama',6700.00,'295865921830_mantequilla_rama.png',10,7),(23,'Pasta la Muñeca',1500.00,'661547220154_pasta_la_muneca.png',9,8),(24,'Pasta Doria',2000.00,'232671602854_pastas_doria.png',4,8),(25,'Refisal',2500.00,'625636575903_refisal.png',5,9);
/*!40000 ALTER TABLE `producto` ENABLE KEYS */;
UNLOCK TABLES;

--
-- Table structure for table `productopedido`
--

DROP TABLE IF EXISTS `productopedido`;
/*!40101 SET @saved_cs_client     = @@character_set_client */;
/*!50503 SET character_set_client = utf8mb4 */;
CREATE TABLE `productopedido` (
  `FK_idPedido` int(11) NOT NULL,
  `FK_idProducto` int(11) NOT NULL,
  `cantidad` int(11) NOT NULL,
  PRIMARY KEY (`FK_idPedido`,`FK_idProducto`),
  KEY `FK_idProducto` (`FK_idProducto`),
  CONSTRAINT `productopedido_ibfk_1` FOREIGN KEY (`FK_idPedido`) REFERENCES `pedido` (`idPedido`),
  CONSTRAINT `productopedido_ibfk_2` FOREIGN KEY (`FK_idProducto`) REFERENCES `producto` (`idProducto`)
) ENGINE=InnoDB DEFAULT CHARSET=utf8mb4 COLLATE=utf8mb4_0900_ai_ci;
/*!40101 SET character_set_client = @saved_cs_client */;

--
-- Dumping data for table `productopedido`
--

LOCK TABLES `productopedido` WRITE;
/*!40000 ALTER TABLE `productopedido` DISABLE KEYS */;
INSERT INTO `productopedido` VALUES (1,2,2),(1,4,3),(1,9,7),(1,13,5),(1,14,3),(1,18,4),(2,16,3),(2,19,3),(2,20,3),(2,22,4),(2,23,4),(2,24,4),(2,25,2),(3,6,1),(3,9,1),(3,14,1),(3,15,1),(3,17,1),(4,2,3),(4,4,6),(4,6,4),(4,8,4),(4,12,3),(4,15,3),(5,19,3),(5,21,3),(5,24,2),(5,25,3),(6,1,4),(6,4,3),(6,7,3),(6,10,5),(6,17,3),(6,20,3),(6,24,2),(7,19,3),(7,23,4),(7,25,3),(8,6,4),(8,9,4),(8,12,2),(8,15,3),(9,19,8),(9,21,5),(9,22,17),(9,23,11),(9,25,9),(10,17,8),(11,3,3),(11,5,4),(11,6,3),(11,7,3),(11,14,3),(12,19,3),(12,20,2),(12,22,3),(12,23,2),(12,24,3),(13,2,6),(14,1,5),(14,4,3),(14,6,2),(14,8,2),(15,12,2),(15,15,1),(15,19,2),(15,20,1),(15,22,1),(15,23,2),(15,25,2),(16,1,3),(17,7,2),(17,8,3),(17,12,4),(17,15,1),(18,19,2),(18,20,2),(19,2,2),(19,4,2),(19,6,2),(20,7,12),(20,9,9),(20,11,10),(20,12,10),(23,19,3),(23,20,3),(23,23,2),(23,25,1),(24,1,2),(24,4,3),(24,6,3),(24,7,3),(25,12,2),(25,13,2),(25,14,2),(25,16,2),(25,21,2),(25,22,2),(26,17,14),(27,17,10),(28,6,3),(28,8,3),(28,12,3),(29,22,3),(29,23,3),(29,25,3),(30,17,10),(31,1,3),(31,7,2),(31,9,2),(32,14,2),(32,15,2),(32,20,2),(33,17,15),(34,1,4),(34,4,3),(34,6,2),(34,7,3),(34,9,1),(34,12,1),(35,17,10),(36,1,4),(36,4,2),(36,7,2),(36,12,2),(36,20,2),(37,13,2),(37,25,2),(39,4,3),(39,7,2),(39,13,3),(39,15,2),(40,25,4),(41,4,4),(41,6,3),(41,15,2),(41,19,2),(42,13,4),(42,23,4),(43,11,1),(43,14,4),(43,22,3),(43,24,3);
/*!40000 ALTER TABLE `productopedido` ENABLE KEYS */;
UNLOCK TABLES;

--
-- Table structure for table `proveedor`
--

DROP TABLE IF EXISTS `proveedor`;
/*!40101 SET @saved_cs_client     = @@character_set_client */;
/*!50503 SET character_set_client = utf8mb4 */;
CREATE TABLE `proveedor` (
  `idProveedor` int(11) NOT NULL AUTO_INCREMENT,
  `nombre` varchar(50) NOT NULL,
  `direccion` varchar(100) NOT NULL,
  `personaContacto` varchar(50) NOT NULL,
  PRIMARY KEY (`idProveedor`)
) ENGINE=InnoDB AUTO_INCREMENT=18 DEFAULT CHARSET=utf8mb4 COLLATE=utf8mb4_0900_ai_ci;
/*!40101 SET character_set_client = @saved_cs_client */;

--
-- Dumping data for table `proveedor`
--

LOCK TABLES `proveedor` WRITE;
/*!40000 ALTER TABLE `proveedor` DISABLE KEYS */;
INSERT INTO `proveedor` VALUES (1,'CandyGlobal','CLL 57H # 71F - 45 IN. 16 AP. 201','Andrea Ocampo'),(2,'Alqueria','CLL 82 # 94L - 81 IN. 307','Juana Bermudez'),(3,'Cocacola','CLL 56C # 87A - 19','Gloria Sotelo'),(4,'Colombina','CRA 29C # 27 - 16 SUR','Maria Gomez'),(5,'Postobón','CRA 81 # 14A 47','Alberto Ramirez'),(6,'Ramo','CLL 69D # 88C 22','Nicolas Perez'),(7,'Nestle','CRA 86B # 53 - 98 SUR','Laura Torrez'),(8,'ConfiExpress','CLL 69 # 3A - 21','Pedro Suarez'),(9,'lecheExpress','CLL 82B # 95A - 14 AP.204','Karol Ruiz'),(10,'FresquiCampo','CRA 76A # 14B - 43','Paula Rodriguez'),(11,'LechiCampo','DG 9 # 78C - 42','Alfredo Leon'),(12,'Pan de pan','CRA 8A # 9B - 15 SUR','Catalina Medina'),(13,'Distrubuidora la mejor','CLL 11B BIS A # 78 - 24 AP. 419','Andrea Yepes'),(14,'Aldimar','CLL 71B # 76 - 50','Carolina Lopez'),(15,'FrescaCena','CRA 68H # 31 - 40 SUR','Laura Montaño'),(16,'SuProductoYa','CLL 6B BIS # 79 - 06','Penelope Ruiz'),(17,'DeliciasyMas','CRA 30 # 12A - 12','Nataly Peña');
/*!40000 ALTER TABLE `proveedor` ENABLE KEYS */;
UNLOCK TABLES;

--
-- Table structure for table `proveedorproducto`
--

DROP TABLE IF EXISTS `proveedorproducto`;
/*!40101 SET @saved_cs_client     = @@character_set_client */;
/*!50503 SET character_set_client = utf8mb4 */;
CREATE TABLE `proveedorproducto` (
  `idProveedorProducto` int(11) NOT NULL AUTO_INCREMENT,
  `FK_idProveedor` int(11) NOT NULL,
  `FK_idProducto` int(11) NOT NULL,
  `fecha` date NOT NULL,
  `cantidad` int(11) NOT NULL,
  PRIMARY KEY (`idProveedorProducto`),
  KEY `FK_idProveedor` (`FK_idProveedor`),
  KEY `FK_idProducto` (`FK_idProducto`),
  CONSTRAINT `proveedorproducto_ibfk_1` FOREIGN KEY (`FK_idProveedor`) REFERENCES `proveedor` (`idProveedor`),
  CONSTRAINT `proveedorproducto_ibfk_2` FOREIGN KEY (`FK_idProducto`) REFERENCES `producto` (`idProducto`)
) ENGINE=InnoDB AUTO_INCREMENT=86 DEFAULT CHARSET=utf8mb4 COLLATE=utf8mb4_0900_ai_ci;
/*!40101 SET character_set_client = @saved_cs_client */;

--
-- Dumping data for table `proveedorproducto`
--

LOCK TABLES `proveedorproducto` WRITE;
/*!40000 ALTER TABLE `proveedorproducto` DISABLE KEYS */;
INSERT INTO `proveedorproducto` VALUES (1,1,1,'2015-10-12',150),(2,2,2,'2015-01-12',180),(3,3,3,'2015-02-13',200),(4,4,4,'2015-03-17',350),(5,5,5,'2015-04-18',200),(6,6,6,'2015-05-20',150),(7,7,7,'2015-06-21',50),(8,8,8,'2015-07-23',50),(9,9,9,'2015-08-24',50),(10,10,10,'2015-09-25',60),(11,11,11,'2015-10-27',70),(12,12,12,'2015-11-28',85),(13,13,13,'2015-12-30',95),(14,14,14,'2016-01-31',60),(15,15,15,'2016-03-03',45),(16,16,16,'2016-04-04',25),(17,17,17,'2016-05-06',25),(18,1,18,'2016-06-07',25),(19,2,19,'2016-07-09',60),(20,3,20,'2016-08-10',60),(21,4,21,'2016-09-11',60),(22,5,22,'2016-10-13',90),(23,6,23,'2016-11-14',90),(24,7,24,'2016-12-16',90),(25,8,25,'2016-01-17',110),(26,1,1,'2017-01-05',10),(27,2,2,'2017-01-25',10),(28,3,3,'2017-02-14',10),(29,4,4,'2017-03-06',20),(30,5,5,'2017-03-26',20),(31,6,6,'2017-04-15',20),(32,7,7,'2017-05-05',30),(33,8,8,'2017-05-25',30),(34,9,9,'2017-06-14',30),(35,10,10,'2017-07-04',50),(36,11,11,'2017-07-24',50),(37,12,12,'2017-08-13',50),(38,13,13,'2017-09-02',60),(39,14,14,'2017-09-22',60),(40,15,15,'2017-10-12',7),(41,16,16,'2017-11-01',70),(42,17,17,'2017-11-21',8),(43,1,18,'2017-12-11',80),(44,2,19,'2017-12-31',90),(45,3,20,'2018-01-20',45),(46,4,21,'2018-02-09',45),(47,5,22,'2018-03-01',45),(48,6,23,'2018-03-21',65),(49,7,24,'2018-04-10',65),(50,8,25,'2018-04-30',65),(51,1,1,'2018-05-20',78),(52,2,2,'2018-06-09',78),(53,3,3,'2018-06-29',78),(54,4,4,'2018-07-19',98),(55,5,5,'2018-08-08',98),(56,6,6,'2018-08-28',98),(57,7,7,'2018-09-17',62),(58,8,8,'2018-10-07',62),(59,9,9,'2018-10-27',62),(60,10,10,'2018-11-16',32),(61,11,11,'2018-12-06',32),(62,12,12,'2018-12-26',32),(63,13,13,'2019-01-15',12),(64,14,14,'2019-02-04',12),(65,15,15,'2019-02-24',12),(66,16,16,'2019-03-16',45),(67,17,17,'2019-04-05',45),(68,1,18,'2019-04-25',45),(69,2,19,'2019-05-15',41),(70,3,20,'2019-06-04',41),(71,4,21,'2019-06-24',41),(72,5,22,'2019-07-14',58),(73,6,23,'2019-08-03',63),(74,7,24,'2019-08-23',63),(75,8,25,'2019-09-12',63),(76,9,1,'2019-10-02',74),(77,10,2,'2019-10-22',96),(78,11,3,'2019-11-11',96),(79,12,4,'2019-12-01',85),(80,13,5,'2019-12-21',25),(81,14,6,'2020-01-10',2),(82,15,7,'2020-01-30',55),(83,16,8,'2020-02-19',66),(84,17,9,'2020-03-10',44),(85,1,10,'2020-03-30',55);
/*!40000 ALTER TABLE `proveedorproducto` ENABLE KEYS */;
UNLOCK TABLES;

--
-- Table structure for table `ruta`
--

DROP TABLE IF EXISTS `ruta`;
/*!40101 SET @saved_cs_client     = @@character_set_client */;
/*!50503 SET character_set_client = utf8mb4 */;
CREATE TABLE `ruta` (
  `idRuta` int(11) NOT NULL AUTO_INCREMENT,
  `nombre` varchar(50) NOT NULL,
  `fechaApertura` date NOT NULL,
  `FK_idCiudadOrigen` int(11) NOT NULL DEFAULT '1',
  `FK_idCiudadDestino` int(11) NOT NULL,
  PRIMARY KEY (`idRuta`),
  KEY `FK_idCiudadOrigen` (`FK_idCiudadOrigen`),
  KEY `FK_idCiudadDestino` (`FK_idCiudadDestino`),
  CONSTRAINT `ruta_ibfk_1` FOREIGN KEY (`FK_idCiudadOrigen`) REFERENCES `ciudad` (`idCiudad`),
  CONSTRAINT `ruta_ibfk_2` FOREIGN KEY (`FK_idCiudadDestino`) REFERENCES `ciudad` (`idCiudad`)
) ENGINE=InnoDB AUTO_INCREMENT=26 DEFAULT CHARSET=utf8mb4 COLLATE=utf8mb4_0900_ai_ci;
/*!40101 SET character_set_client = @saved_cs_client */;

--
-- Dumping data for table `ruta`
--

LOCK TABLES `ruta` WRITE;
/*!40000 ALTER TABLE `ruta` DISABLE KEYS */;
INSERT INTO `ruta` VALUES (1,'Bogotá - Medellin','1985-05-20',1,2),(2,'Bogotá - Cartagena','2000-01-16',1,3),(4,'Bogotá - Barranquilla','1999-03-06',1,4),(5,'Bogotá - Bucaramanga','2005-07-07',1,5),(6,'Bogotá - Manizales','2008-09-13',1,6),(7,'Bogotá - Santa Marta','2016-04-06',1,7),(8,'Bogotá - Pereira','1983-04-25',1,8),(9,'Bogotá - Cúcuta','1987-06-05',1,9),(10,'Bogotá - Ibagué','1993-08-27',1,10),(11,'Bogotá - Villavicencio','2015-11-23',1,11),(12,'Bogotá - Armenia','2019-12-24',1,12),(13,'Bogotá - Pasto','2009-09-08',1,13),(14,'Bogotá - Valledupar','2004-07-28',1,14),(15,'Bogotá - Popayán','2000-02-02',1,15),(16,'Bogotá - Neiva','1989-09-03',1,16),(17,'Bogotá - Tunja','1997-03-03',1,17),(18,'Bogotá - Montería','2003-05-06',1,18),(19,'Bogotá - Buenaventura','2013-06-08',1,19),(20,'Bogotá - Quibdo','2015-09-09',1,20),(21,'Bogotá - Sincelejo','2020-01-20',1,21),(22,'Bogotá - Riohacha','2017-06-06',1,22),(23,'Bogotá - Yopal','2014-03-19',1,23),(24,'Bogotá - Jumbo','2020-02-10',1,24);
/*!40000 ALTER TABLE `ruta` ENABLE KEYS */;
UNLOCK TABLES;

--
-- Table structure for table `sessions`
--

DROP TABLE IF EXISTS `sessions`;
/*!40101 SET @saved_cs_client     = @@character_set_client */;
/*!50503 SET character_set_client = utf8mb4 */;
CREATE TABLE `sessions` (
  `session_id` varchar(128) CHARACTER SET utf8mb4 COLLATE utf8mb4_bin NOT NULL,
  `expires` int(11) unsigned NOT NULL,
  `data` mediumtext CHARACTER SET utf8mb4 COLLATE utf8mb4_bin,
  PRIMARY KEY (`session_id`)
) ENGINE=InnoDB DEFAULT CHARSET=utf8mb4 COLLATE=utf8mb4_0900_ai_ci;
/*!40101 SET character_set_client = @saved_cs_client */;

--
-- Dumping data for table `sessions`
--

LOCK TABLES `sessions` WRITE;
/*!40000 ALTER TABLE `sessions` DISABLE KEYS */;
INSERT INTO `sessions` VALUES ('Edc_sY0Entc05aUFaVA1rgfDyCnEudBH',1585505341,'{\"cookie\":{\"originalMaxAge\":null,\"expires\":null,\"httpOnly\":true,\"path\":\"/\"},\"flash\":{},\"passport\":{\"user\":1026299996},\"proCom\":[]}'),('l4euOiL7bRfa5-rh1MRKMJUOAnDGUib5',1585494778,'{\"cookie\":{\"originalMaxAge\":null,\"expires\":null,\"httpOnly\":true,\"path\":\"/\"},\"flash\":{},\"passport\":{},\"proCom\":[]}');
/*!40000 ALTER TABLE `sessions` ENABLE KEYS */;
UNLOCK TABLES;

--
-- Table structure for table `telefonocliente`
--

DROP TABLE IF EXISTS `telefonocliente`;
/*!40101 SET @saved_cs_client     = @@character_set_client */;
/*!50503 SET character_set_client = utf8mb4 */;
CREATE TABLE `telefonocliente` (
  `FK_idCliente` bigint(20) NOT NULL,
  `telefono` int(11) NOT NULL,
  PRIMARY KEY (`FK_idCliente`,`telefono`),
  CONSTRAINT `telefonocliente_ibfk_1` FOREIGN KEY (`FK_idCliente`) REFERENCES `cliente` (`idCliente`)
) ENGINE=InnoDB DEFAULT CHARSET=utf8mb4 COLLATE=utf8mb4_0900_ai_ci;
/*!40101 SET character_set_client = @saved_cs_client */;

--
-- Dumping data for table `telefonocliente`
--

LOCK TABLES `telefonocliente` WRITE;
/*!40000 ALTER TABLE `telefonocliente` DISABLE KEYS */;
INSERT INTO `telefonocliente` VALUES (194644,6491093),(201083,2365052),(410777,7512571),(447356,2989163),(3021479,8233874),(3024404,4041039),(3032765,8004334),(3048317,5459253),(3102161,4004842),(3142845,7855400),(3231961,4807311),(3250889,7855532),(4118777,3640658),(4565396,8018401),(4696170,6598364),(5691555,4121619),(5691602,5416446),(5950262,5173520),(5986877,4623560),(5994503,7126984),(7225482,7858714),(8280607,3399567),(8767238,3283927),(9320157,8271818),(9528242,7851583),(9957232,7038195),(10240994,6474060),(11259213,4213882),(11313117,4701995),(11386341,4024985),(11387262,9008324),(12142418,4539017),(12228112,4697240),(13520461,8018441),(13706852,5165109),(13953787,7033981),(14317739,7261341),(14323404,3050075),(18924283,4648845),(19066002,6750690),(19222789,4870003),(19268220,7714284),(19295744,4106137),(19314916,7725205),(19324647,7274786),(19325446,4788848),(19344282,7840283),(19409721,7617826),(19420668,7279674),(19430235,9026058),(19433690,4495563),(19447576,7614866),(19488995,3054335),(19499037,5642495),(20897205,4318147),(20905357,7348055),(20989157,4134352),(21094759,8635408),(23694279,4423597),(23823643,4638169),(24017652,3061330),(24156609,4905123),(27233126,4507393),(28098521,3056527),(28099098,3978926),(28681440,2002784),(33376837,2232709),(35377506,4656816),(35407345,4966494),(35486457,7836457),(35525405,4723640),(35531371,7760168),(39528975,2056621),(39533520,7122200),(39539796,4695775),(39552789,3541489),(39558150,4538630),(39618382,8210213),(39633333,7802467),(39633426,5754524),(39645818,5765583),(39662311,8211261),(39669954,9029293),(39685127,4026002),(39697574,4133932),(39697704,8131956),(39700348,4537542),(39700661,4456656),(39706432,8216128),(39709056,2302310),(39736576,2278890),(39746735,8823272),(39759401,8234311),(39762181,6961494),(39762421,3031530),(39763722,7337259),(39792193,7592402),(40781730,9017294),(41554056,6236086),(41733223,4694144),(41735811,4667545),(42133994,6917855),(42969240,2660042),(43020908,2653752),(43066869,4071025),(51577956,5708777),(51593350,4106137),(51607940,2936398),(51613661,4506946),(51618767,2042229),(51657493,4125503),(51659750,3068997),(51662775,6971800),(51710161,7484167),(51734251,8119334),(51743497,4533277),(51750333,7926302),(51782588,3835939),(51811164,6593125),(51825697,2618210),(51852776,2923978),(51896739,2522542),(52036258,4547536),(52101811,7492536),(52147628,8037961),(52149077,5378823),(52191674,4170432),(52202022,7775540),(52208738,4659018),(52276660,6610327),(52286712,6956483),(52383383,3676800),(52432333,6041021),(52444147,7234177),(52464684,8077800),(52471606,7764588),(52487249,4298310),(52491735,7623456),(52520076,4501723),(52635081,7771047),(52706434,2292113),(52713475,2402273),(52718464,4666254),(52747769,4722936),(52755060,7767297),(52765481,9007302),(52771925,8110994),(52773489,7384920),(52774896,2935424),(52775529,8013740),(52806857,7346540),(52807002,2289895),(53007320,8212434),(53010005,3948463),(53010997,5230293),(53042029,2053965),(53054115,5398830),(53075903,5719540),(53080455,5516871),(63370086,7586552),(63434774,4702347),(65556211,8001133),(65557234,5708802),(65798258,8121083),(70518650,5695475),(71944762,7774843),(73564783,4521902),(74020095,4534971),(77190668,7345988),(79043778,3573256),(79044516,4380867),(79103181,8059205),(79110458,6966939),(79120590,4733315),(79123559,4454048),(79136241,2906478),(79137776,4720629),(79138045,7616983),(79162247,7213626),(79185639,5737085),(79207794,9013335),(79213988,4510759),(79216315,8214299),(79218304,5750923),(79286512,2310015),(79298927,7042262),(79308209,4813420),(79315240,7567330),(79325974,8121083),(79416668,4971360),(79443622,8941592),(79451178,7169478),(79453173,7131459),(79455600,6614015),(79498720,5712177),(79509192,5681592),(79519007,8297933),(79522529,7855663),(79526772,5101603),(79528254,4491857),(79574775,2070138),(79576796,3717541),(79592970,7623780),(79595078,4745746),(79610552,4524664),(79611409,2801672),(79611415,4023899),(79614344,7820507),(79620396,6081954),(79620512,8010671),(79636860,5610231),(79659331,7103404),(79667123,7511257),(79719720,5775413),(79719825,4668408),(79732490,7336956),(79805914,7104812),(79815642,8006157),(79821029,4702728),(79845890,5759057),(79846488,4491925),(79852368,4140121),(79882149,4623776),(79891559,7165483),(79894409,2307696),(79915238,5391274),(79968212,7210132),(79973678,3676800),(79976971,4495120),(79985734,7513529),(79993201,7758248),(79995477,7858811),(80007353,2303270),(80009068,2624961),(80012366,7960125),(80012375,7297355),(80022643,8021686),(80027738,4716168),(80057132,7211302),(80127093,7683767),(80142629,7766804),(80146438,4632085),(80149430,4501723),(80159182,2980193),(80178527,5514597),(80179426,6884156),(80230048,8070496),(80230119,7730338),(80230521,7653091),(80230786,6610557),(80250846,3659209),(80256049,7925409),(80283853,7625472),(80378422,4770681),(80470462,6816547),(80492727,4643128),(80768293,7671177),(80797449,8047005),(80801519,9000728),(80824797,5975876),(80849988,4424958),(91104784,8014270),(91431676,2643578),(91490575,6055895),(92641372,9029678),(93121623,7663298),(93155255,6956483),(94533675,4880544),(96123704,7783183),(98627015,4151820),(1000221148,7265078),(1007445968,2065750),(1010193130,7302242),(1012345085,5798367),(1012359878,6892779),(1012361797,4627087),(1012374504,5512872),(1012377678,7849477),(1012384358,4492118),(1012421425,7672051),(1012438447,7113476),(1013652281,4082757),(1016013423,4106137),(1016094188,3542417),(1020723815,6749071),(1022330467,5778012),(1022341190,7855702),(1022378889,7042262),(1022426303,7843143),(1022946310,7914786),(1022954550,8110639),(1022967617,5230293),(1023896021,4541535),(1024462678,3882262),(1024466642,6633628),(1024468563,5790427),(1024476044,7921205),(1024483616,7173164),(1024490948,7815695),(1024543909,5792517),(1030550404,7218998),(1030552035,7484193),(1030555811,3921300),(1030615855,7804183),(1030639357,2730097),(1030668828,2643957),(1031172124,7291563),(1032358136,7903405),(1032398956,5761760),(1032470707,7902390),(1033688019,7284199),(1033689466,2794506),(1033701519,5672352),(1033740387,3041366),(1047462131,4917202),(1054090081,5172539),(1057919344,5577262),(1069052654,4623776),(1069832148,4969179),(1069832360,9007775),(1070330390,8133631),(1100545942,4917202),(1106333510,7113916);
/*!40000 ALTER TABLE `telefonocliente` ENABLE KEYS */;
UNLOCK TABLES;

--
-- Table structure for table `telefonoconductor`
--

DROP TABLE IF EXISTS `telefonoconductor`;
/*!40101 SET @saved_cs_client     = @@character_set_client */;
/*!50503 SET character_set_client = utf8mb4 */;
CREATE TABLE `telefonoconductor` (
  `FK_idConductor` bigint(20) NOT NULL,
  `telefono` int(11) NOT NULL,
  PRIMARY KEY (`FK_idConductor`,`telefono`),
  CONSTRAINT `telefonoconductor_ibfk_1` FOREIGN KEY (`FK_idConductor`) REFERENCES `conductor` (`idConductor`)
) ENGINE=InnoDB DEFAULT CHARSET=utf8mb4 COLLATE=utf8mb4_0900_ai_ci;
/*!40101 SET character_set_client = @saved_cs_client */;

--
-- Dumping data for table `telefonoconductor`
--

LOCK TABLES `telefonoconductor` WRITE;
/*!40000 ALTER TABLE `telefonoconductor` DISABLE KEYS */;
INSERT INTO `telefonoconductor` VALUES (362189,4113972),(456381,7114187),(1298331,7582743),(2963993,7221662),(2995791,7127818),(3048893,4809520),(3057196,7486376),(3063186,5716847),(3101774,7231399),(3102059,4538630),(3151034,8212695),(3202763,4828944),(3231799,7674550),(3239103,4182468),(3253632,3253632),(4119765,7782603),(4248843,3744449),(4439375,5975876),(5653394,2656810),(5657587,5714401),(5691671,2031039),(5692207,3058471),(5842013,7260639),(5975849,2083353),(5991863,8271376),(5992669,6877188),(6844101,3613582),(7641402,7855702),(8027790,4170465),(8168119,3652978),(9282981,7760474),(9620218,2044337),(10252488,4771709),(11302777,4026056),(11314597,4381538),(11412009,7384920),(12199310,3645645),(12256069,7132305),(13520185,5632516),(13706193,3654727),(13951949,7849477),(14248745,7264198),(14317849,3910023),(17129745,9026001),(19064056,2631522),(19264856,8125142),(19268230,3679231),(19286958,7681553),(19289572,7949538),(19321230,7648353),(19329334,9011908),(19331113,3012878),(19333389,4339580),(19353925,4829375),(19356771,2929700),(19357088,5727520),(19377274,7690336),(19387387,3626298),(19402237,7515429),(19412571,3875712),(19413706,7803148),(19425014,7293329),(19430086,2286435),(19465295,3744160),(19466698,4771675),(19467276,7908812),(19469917,7243908),(19472650,2014636),(19488987,2308166),(20461462,4503573),(20523900,7644499),(20586216,3588333),(20586655,4640299),(20644245,2730680),(20647767,7571952),(20744297,6821557),(20754181,2630014),(21189887,7124245),(23437629,2901954),(23474434,4543007),(23582437,7782603),(23582491,2380583),(23965083,6854678),(28258974,4121619),(28428057,4581037),(28657241,7268484),(30388859,4691871),(30389940,5765107),(35225107,4211540),(35251849,7513529),(35329489,4797107),(35329986,4969523),(35522725,8218089),(36273062,7812736),(36623464,9023017),(37657862,7831244),(38263088,3654768),(39522813,7175097),(39572267,9002986),(39624896,7840663),(39638886,7229481),(39647314,7777432),(39663011,5785323),(39704112,2679902),(39707610,8299201),(39716029,2653107),(39721451,4584088),(39724214,5171494),(39753457,2980193),(39763819,7301443),(39794757,3868116),(40412906,4554528),(41739355,9032022),(41772724,5776702),(42121166,2480105),(43048675,6102853),(51563143,6830190),(51591430,6876171),(51606998,7607318),(51614177,2618811),(51629355,4104648),(51646354,2731388),(51703870,7415961),(51717468,2929297),(51720013,7624095),(51761326,7621274),(51761685,2004692),(51811180,6021450),(51845735,5769652),(51870933,9008324),(51921188,7828572),(51950103,4354735),(51968440,6238539),(51973618,4028780),(52001810,7334103),(52016106,7847877),(52020635,8937235),(52036447,2044481),(52050822,4624663),(52066422,2063523),(52069262,3944161),(52101086,5379496),(52113598,3247225),(52129449,7657656),(52170486,7720589),(52173188,7765695),(52175692,4484087),(52203354,7807701),(52205896,7129806),(52361082,4610306),(52370526,8060397),(52434259,7914940),(52441410,8272906),(52446907,2054783),(52464451,7762507),(52518832,7765287),(52540595,5722819),(52553394,8940195),(52557290,7252099),(52743405,7648154),(52753028,7509534),(52758458,4720361),(52930432,4776534),(63370188,4218786),(65632815,5173204),(65727075,4666543),(65811493,5973785),(74323599,4857498),(79002155,5511068),(79040529,8213557),(79041935,4128897),(79115341,8035588),(79116725,3097586),(79122812,4284600),(79124395,4732305),(79139277,2689936),(79183582,7198654),(79205519,5751273),(79252433,7619946),(79259045,3065803),(79266022,4814757),(79266246,4730330),(79293462,2523608),(79323291,4335505),(79339636,3635632),(79342504,7800727),(79343326,4791450),(79357773,4332425),(79371626,4705585),(79382065,7851233),(79392344,9019456),(79416925,3971511),(79430714,4503659),(79447687,5713764),(79450509,2721131),(79498180,4554528),(79500356,7387813),(79502160,7124245),(79509818,7855533),(79569449,2980193),(79610814,4060547),(79611260,5705266),(79614156,7341466),(79614466,5727401),(79654852,7515429),(79666176,7856591),(79666554,7153535),(79709549,8038192),(79712818,7781851),(79786690,4473950),(79815112,3678618),(79816421,7587649),(79817077,4969837),(79817479,7612266),(79820055,7713307),(79850489,5102584),(80020227,7159827),(80149918,4542378),(80162618,4217632),(80166477,7901437),(80233316,7907983),(80267020,7826845),(80268250,7197410),(80376832,7586591),(80383560,7793905),(80433643,4693061),(80437982,7854988),(80438056,9017051),(80734728,4510994),(80761702,7713806),(80766103,3627437),(80878111,7673704),(80911570,3645548),(87714473,4062552),(88167275,5993931),(91043993,7237166),(91209953,7672210),(91443082,9005173),(91454746,7230766),(93203207,7854791),(93375833,4160133),(96351798,4484903),(1012317855,4974518),(1012331914,7261389),(1012341217,7632022),(1012370063,7114975),(1012371554,7826077),(1012411188,7849477),(1012423382,8060372),(1013583333,7656047),(1013632886,4602665),(1014272873,2282562),(1016019475,4473950),(1022333820,4548773),(1022383360,4473950),(1022401751,2905943),(1023873641,3717264),(1023887126,3643548),(1024464293,2381055),(1024466681,5785145),(1024542943,7315662),(1030594605,2654566),(1032361289,7139147),(1032447731,3744333),(1061625814,2611616),(1069832364,2044118),(1073159227,7721205),(1073679950,5974670),(1073697733,5794555),(1076200586,5761760),(1087673110,2316855),(1104698386,6630668),(1116233850,5790327),(1120372335,7297829);
/*!40000 ALTER TABLE `telefonoconductor` ENABLE KEYS */;
UNLOCK TABLES;

--
-- Table structure for table `telefonoproveedor`
--

DROP TABLE IF EXISTS `telefonoproveedor`;
/*!40101 SET @saved_cs_client     = @@character_set_client */;
/*!50503 SET character_set_client = utf8mb4 */;
CREATE TABLE `telefonoproveedor` (
  `FK_idProveedor` int(11) NOT NULL,
  `telefono` int(11) NOT NULL,
  PRIMARY KEY (`FK_idProveedor`,`telefono`),
  CONSTRAINT `telefonoproveedor_ibfk_1` FOREIGN KEY (`FK_idProveedor`) REFERENCES `proveedor` (`idProveedor`)
) ENGINE=InnoDB DEFAULT CHARSET=utf8mb4 COLLATE=utf8mb4_0900_ai_ci;
/*!40101 SET character_set_client = @saved_cs_client */;

--
-- Dumping data for table `telefonoproveedor`
--

LOCK TABLES `telefonoproveedor` WRITE;
/*!40000 ALTER TABLE `telefonoproveedor` DISABLE KEYS */;
INSERT INTO `telefonoproveedor` VALUES (1,5716847),(2,3875712),(3,7293329),(4,7803148),(5,2286435),(6,2031039),(7,4581037),(8,3097586),(9,2929700),(10,4797107),(11,5769652),(12,3012878),(13,4829375),(14,7243908),(15,2929297),(16,9032022),(17,7621274);
/*!40000 ALTER TABLE `telefonoproveedor` ENABLE KEYS */;
UNLOCK TABLES;

--
-- Temporary view structure for view `ventasxciudad`
--

DROP TABLE IF EXISTS `ventasxciudad`;
/*!50001 DROP VIEW IF EXISTS `ventasxciudad`*/;
SET @saved_cs_client     = @@character_set_client;
/*!50503 SET character_set_client = utf8mb4 */;
/*!50001 CREATE VIEW `ventasxciudad` AS SELECT 
 1 AS `idCiudad`,
 1 AS `nombre`,
 1 AS `CiudadP`*/;
SET character_set_client = @saved_cs_client;

--
-- Temporary view structure for view `ventasxcliente`
--

DROP TABLE IF EXISTS `ventasxcliente`;
/*!50001 DROP VIEW IF EXISTS `ventasxcliente`*/;
SET @saved_cs_client     = @@character_set_client;
/*!50503 SET character_set_client = utf8mb4 */;
/*!50001 CREATE VIEW `ventasxcliente` AS SELECT 
 1 AS `idcliente`,
 1 AS `nombre`,
 1 AS `direccion`,
 1 AS `CP`*/;
SET character_set_client = @saved_cs_client;

--
-- Final view structure for view `clientescxruta`
--

/*!50001 DROP VIEW IF EXISTS `clientescxruta`*/;
/*!50001 SET @saved_cs_client          = @@character_set_client */;
/*!50001 SET @saved_cs_results         = @@character_set_results */;
/*!50001 SET @saved_col_connection     = @@collation_connection */;
/*!50001 SET character_set_client      = cp850 */;
/*!50001 SET character_set_results     = cp850 */;
/*!50001 SET collation_connection      = cp850_general_ci */;
/*!50001 CREATE ALGORITHM=UNDEFINED */
/*!50013 DEFINER=`root`@`localhost` SQL SECURITY DEFINER */
/*!50001 VIEW `clientescxruta` AS select `cliente`.`idCliente` AS `idCliente`,`cliente`.`nombre` AS `nc`,`cliente`.`direccion` AS `direccion`,`ruta`.`idRuta` AS `idRuta`,`ruta`.`nombre` AS `nombre` from (`cliente` join `ruta` on((`cliente`.`FK_idRuta` = `ruta`.`idRuta`))) */;
/*!50001 SET character_set_client      = @saved_cs_client */;
/*!50001 SET character_set_results     = @saved_cs_results */;
/*!50001 SET collation_connection      = @saved_col_connection */;

--
-- Final view structure for view `conductoresarutas`
--

/*!50001 DROP VIEW IF EXISTS `conductoresarutas`*/;
/*!50001 SET @saved_cs_client          = @@character_set_client */;
/*!50001 SET @saved_cs_results         = @@character_set_results */;
/*!50001 SET @saved_col_connection     = @@collation_connection */;
/*!50001 SET character_set_client      = cp850 */;
/*!50001 SET character_set_results     = cp850 */;
/*!50001 SET collation_connection      = cp850_general_ci */;
/*!50001 CREATE ALGORITHM=UNDEFINED */
/*!50013 DEFINER=`root`@`localhost` SQL SECURITY DEFINER */
/*!50001 VIEW `conductoresarutas` AS select `conductor`.`idConductor` AS `idConductor`,`conductor`.`nombre` AS `cn`,`ruta`.`idRuta` AS `idRuta`,`ruta`.`nombre` AS `nombre` from ((`conductor` join `conductorruta` on((`conductor`.`idConductor` = `conductorruta`.`FK_idConductor`))) join `ruta` on((`conductorruta`.`FK_idRuta` = `ruta`.`idRuta`))) */;
/*!50001 SET character_set_client      = @saved_cs_client */;
/*!50001 SET character_set_results     = @saved_cs_results */;
/*!50001 SET collation_connection      = @saved_col_connection */;

--
-- Final view structure for view `ventasxciudad`
--

/*!50001 DROP VIEW IF EXISTS `ventasxciudad`*/;
/*!50001 SET @saved_cs_client          = @@character_set_client */;
/*!50001 SET @saved_cs_results         = @@character_set_results */;
/*!50001 SET @saved_col_connection     = @@collation_connection */;
/*!50001 SET character_set_client      = cp850 */;
/*!50001 SET character_set_results     = cp850 */;
/*!50001 SET collation_connection      = cp850_general_ci */;
/*!50001 CREATE ALGORITHM=UNDEFINED */
/*!50013 DEFINER=`root`@`localhost` SQL SECURITY DEFINER */
/*!50001 VIEW `ventasxciudad` AS select `ciudad`.`idCiudad` AS `idCiudad`,`ciudad`.`nombre` AS `nombre`,sum((`productopedido`.`cantidad` * `producto`.`valorUnidad`)) AS `CiudadP` from (((((`ciudad` join `ruta` on((`ciudad`.`idCiudad` = `ruta`.`FK_idCiudadDestino`))) join `conductorruta` on((`ruta`.`idRuta` = `conductorruta`.`FK_idRuta`))) join `pedido` on((`conductorruta`.`idConductorRuta` = `pedido`.`FK_idConductorRuta`))) join `productopedido` on((`pedido`.`idPedido` = `productopedido`.`FK_idPedido`))) join `producto` on((`productopedido`.`FK_idProducto` = `producto`.`idProducto`))) group by `ciudad`.`idCiudad` order by `ciudad`.`idCiudad` */;
/*!50001 SET character_set_client      = @saved_cs_client */;
/*!50001 SET character_set_results     = @saved_cs_results */;
/*!50001 SET collation_connection      = @saved_col_connection */;

--
-- Final view structure for view `ventasxcliente`
--

/*!50001 DROP VIEW IF EXISTS `ventasxcliente`*/;
/*!50001 SET @saved_cs_client          = @@character_set_client */;
/*!50001 SET @saved_cs_results         = @@character_set_results */;
/*!50001 SET @saved_col_connection     = @@collation_connection */;
/*!50001 SET character_set_client      = cp850 */;
/*!50001 SET character_set_results     = cp850 */;
/*!50001 SET collation_connection      = cp850_general_ci */;
/*!50001 CREATE ALGORITHM=UNDEFINED */
/*!50013 DEFINER=`root`@`localhost` SQL SECURITY DEFINER */
/*!50001 VIEW `ventasxcliente` AS select `cliente`.`idCliente` AS `idcliente`,`cliente`.`nombre` AS `nombre`,`cliente`.`direccion` AS `direccion`,sum((`productopedido`.`cantidad` * `producto`.`valorUnidad`)) AS `CP` from (((`cliente` join `pedido` on((`cliente`.`idCliente` = `pedido`.`FK_idCliente`))) join `productopedido` on((`pedido`.`idPedido` = `productopedido`.`FK_idPedido`))) join `producto` on((`productopedido`.`FK_idProducto` = `producto`.`idProducto`))) group by `cliente`.`idCliente` */;
/*!50001 SET character_set_client      = @saved_cs_client */;
/*!50001 SET character_set_results     = @saved_cs_results */;
/*!50001 SET collation_connection      = @saved_col_connection */;
/*!40103 SET TIME_ZONE=@OLD_TIME_ZONE */;

/*!40101 SET SQL_MODE=@OLD_SQL_MODE */;
/*!40014 SET FOREIGN_KEY_CHECKS=@OLD_FOREIGN_KEY_CHECKS */;
/*!40014 SET UNIQUE_CHECKS=@OLD_UNIQUE_CHECKS */;
/*!40101 SET CHARACTER_SET_CLIENT=@OLD_CHARACTER_SET_CLIENT */;
/*!40101 SET CHARACTER_SET_RESULTS=@OLD_CHARACTER_SET_RESULTS */;
/*!40101 SET COLLATION_CONNECTION=@OLD_COLLATION_CONNECTION */;
/*!40111 SET SQL_NOTES=@OLD_SQL_NOTES */;

-- Dump completed on 2020-03-28 14:57:53
